row_id,ag_CAGE_K562_0,ag_CAGE_K562_1,ag_DNASE_K562_0,ag_ATAC_K562_0,ag_CAGE_HepG2_0,ag_CAGE_HepG2_1,ag_DNASE_HepG2_0,ag_ATAC_HepG2_0
0,-0.017102,0.009312,-0.008059,-0.007222,-0.016394,0.006703,-0.013757,-0.018577
1,-0.043266,-0.023696,-0.029435,-0.023164,-0.038177,-0.028560,-0.031417,-0.029804
2,0.006047,-0.011720,-0.002438,0.002933,0.004097,-0.015345,-0.004618,-0.001740
3,0.016510,0.009994,-0.003314,-0.001884,0.015836,0.012491,0.001392,0.004585
4,0.038686,-0.005813,0.012067,-0.001392,0.022393,-0.013850,-0.000819,-0.014309
5,0.023317,0.004007,0.000101,-0.011743,0.014323,0.003180,-0.004179,-0.018745
6,-0.047848,-0.041867,-0.015475,-0.022384,-0.045539,-0.041236,-0.018470,-0.030300
7,-0.008586,0.011238,-0.000785,-0.004197,-0.014226,0.002658,-0.005778,-0.010100
8,0.016576,0.040760,0.006379,0.015784,-0.028224,-0.008714,-0.020240,-0.014109
9,-0.016655,-0.013474,-0.003417,0.003095,-0.027032,-0.024884,-0.009654,-0.008822
10,0.029571,0.015595,0.031546,0.031072,-0.017681,-0.034681,-0.006049,-0.008588
11,-0.000836,0.044980,-0.007337,-0.005308,-0.002523,0.036357,-0.010123,-0.006189
12,-0.030001,0.007421,-0.010464,-0.010351,-0.023360,0.016672,-0.000414,-0.002516
13,-0.008689,0.008344,0.023747,0.006424,0.012909,0.030575,0.023341,0.010869
14,-0.013368,0.026663,0.008312,0.005307,0.019279,0.059557,0.027328,0.030905
15,-0.007393,0.046999,0.014692,0.012922,0.017590,0.064848,0.024214,0.026468
16,0.053909,0.072907,0.064897,0.054038,0.005475,0.016840,0.006282,0.003603
17,-0.017080,-0.004627,-0.008446,-0.008378,-0.014434,-0.008484,-0.012336,-0.013799
18,0.011620,0.017594,0.007463,0.018528,-0.009460,-0.006496,-0.000148,0.008955
19,0.020280,-0.004789,0.014019,0.008287,0.005439,-0.017655,-0.000021,-0.009556
20,0.049607,0.009701,0.025127,0.012511,0.004202,-0.034233,-0.015288,-0.030566
21,0.126462,0.138505,0.093667,0.111012,0.075873,0.084528,0.036860,0.055732
22,0.051759,0.161887,0.058384,0.075458,0.004849,0.092542,0.005941,0.029133
23,0.068304,0.050252,0.053460,0.060626,0.021070,-0.006018,0.004572,0.009356
24,0.102084,0.140136,0.086798,0.087997,0.082674,0.117529,0.050676,0.056685
25,0.017193,0.031344,0.021661,0.038097,-0.035716,-0.027218,-0.028408,-0.014382
26,0.003475,0.044188,0.014454,0.007557,0.021563,0.057009,0.016019,0.009105
27,0.009023,-0.038250,-0.005297,-0.006173,-0.004842,-0.050746,-0.015133,-0.021212
28,0.045043,0.008554,0.017907,0.013077,0.024433,-0.005888,0.007293,0.004025
29,0.000550,-0.052245,-0.029357,-0.033512,0.002704,-0.048970,-0.033444,-0.048654
30,0.016140,0.077906,0.007459,0.005045,0.024761,0.081402,0.019144,0.015322
31,0.009573,-0.001223,0.011746,0.017196,0.045338,0.042700,0.035930,0.039522
32,0.046451,-0.026384,0.005872,-0.003104,0.023498,-0.038069,-0.008925,-0.018927
33,-0.018052,-0.022065,-0.018058,-0.012944,-0.022824,-0.027743,-0.023012,-0.026812
34,-0.013902,0.027385,-0.009343,-0.010617,0.011997,0.050477,0.009683,0.009563
35,-0.028852,-0.020715,-0.007966,-0.010693,-0.010353,-0.004275,0.000508,-0.001459
36,-0.017097,-0.046892,-0.017247,-0.027086,-0.019587,-0.050762,-0.028023,-0.041741
37,0.006658,0.028229,0.025115,0.036184,0.006266,0.019166,0.022311,0.041489
38,0.011989,0.019647,0.017138,0.031362,0.007213,0.013527,0.013003,0.026794
39,-0.032549,0.004152,-0.034278,-0.009274,-0.021876,0.014179,-0.007077,0.015974
40,-0.019223,-0.012734,-0.016653,-0.002601,-0.002841,0.006220,0.001105,0.018923
41,0.060932,-0.070288,0.017742,0.006567,0.008015,-0.111629,-0.031029,-0.046622
42,-0.027434,0.010849,-0.007516,-0.012463,-0.002915,0.028803,0.001714,-0.003270
43,0.088184,-0.014495,0.039294,0.024974,0.011487,-0.080280,-0.017797,-0.035550
44,0.087118,-0.003166,0.017286,0.009002,0.038863,-0.038132,-0.007670,-0.020266
45,0.061491,0.070621,0.020567,0.025857,0.014838,0.020115,-0.016428,-0.015616
46,0.088072,0.056216,0.042936,0.061773,0.050899,0.025337,0.026959,0.052805
47,0.038847,0.008632,0.017997,0.017857,0.014315,-0.014445,0.006871,0.001648
48,0.010538,0.090277,0.035748,0.052820,0.021160,0.084764,0.032563,0.057722
49,-0.006494,0.012057,-0.012867,-0.025851,0.035872,0.060457,0.014993,0.004264
50,0.012311,-0.015481,-0.004495,0.001081,0.003556,-0.028681,-0.013785,-0.008497
51,-0.088211,0.006903,-0.048888,-0.035969,-0.078901,0.000853,-0.050103,-0.039864
52,-0.026017,-0.043854,-0.026089,-0.024356,-0.015665,-0.029018,-0.019424,-0.018888
53,-0.022927,0.003774,-0.007686,0.002739,-0.032396,-0.009745,-0.015719,-0.006256
54,-0.031077,0.006923,-0.025605,-0.044724,0.007869,0.042247,-0.006926,-0.023248
55,-0.006784,-0.046751,-0.024545,-0.024888,0.020554,-0.012377,-0.007727,-0.007729
56,-0.031157,0.029055,-0.019291,-0.032632,-0.007405,0.054662,-0.000115,-0.014356
57,0.025919,0.001843,0.029444,0.022590,0.027395,0.009614,0.026107,0.014196
58,0.027858,0.052168,0.029646,0.011956,0.035868,0.055141,0.032344,0.021431
59,-0.050809,-0.041538,-0.034411,-0.033729,-0.020187,-0.015204,-0.020022,-0.022194
60,-0.012352,-0.046235,-0.007149,-0.029660,-0.043579,-0.078660,-0.050477,-0.075506
61,-0.014613,0.027261,-0.021207,-0.023177,-0.051791,-0.017833,-0.050200,-0.056080
62,-0.091312,-0.091048,-0.075119,-0.067804,-0.035011,-0.033770,-0.025928,-0.028393
63,0.024903,0.007186,0.002595,-0.008308,0.044839,0.032729,0.014559,0.004734
64,-0.159546,-0.165563,-0.158264,-0.158971,-0.063440,-0.063122,-0.049780,-0.068686
65,-0.017701,-0.058854,-0.015389,-0.023911,-0.021991,-0.063502,-0.039040,-0.050310
66,-0.027525,-0.082235,-0.053944,-0.051310,-0.037361,-0.095286,-0.058411,-0.067696
67,-0.005959,-0.002002,-0.000279,-0.001896,-0.033882,-0.038560,-0.020786,-0.022537
68,-0.003063,0.047691,0.022961,0.020726,-0.040323,-0.002388,-0.024274,-0.025396
69,-0.047581,-0.015499,-0.025146,-0.016867,-0.003232,0.021138,-0.010587,0.001643
70,-0.041015,-0.015117,-0.034853,-0.033089,-0.035067,-0.010998,-0.033632,-0.026735
71,-0.043787,0.008366,-0.026999,-0.019930,-0.008833,0.036104,-0.003070,0.002519
72,0.006373,-0.030803,-0.013055,0.002656,0.021780,-0.019423,0.003612,0.017778
73,-0.073740,-0.089314,-0.063810,-0.034511,-0.050275,-0.067621,-0.033258,-0.013370
74,-0.043205,0.035722,-0.029725,-0.015595,-0.061582,0.008914,-0.024935,-0.014274
75,0.000421,0.025049,0.001785,0.015782,-0.033408,-0.012203,-0.015170,-0.003455
76,-0.013806,-0.028008,-0.024284,-0.029222,0.014347,0.004826,-0.007352,-0.014550
77,-0.048091,0.008722,-0.020525,-0.012778,-0.034571,0.020417,-0.006192,0.003425
78,0.018839,-0.054997,0.013463,0.015963,0.073085,0.007828,0.051578,0.055943
79,0.001282,-0.051011,-0.001899,0.018592,0.026938,-0.019855,0.015605,0.039994
80,0.095294,0.032115,0.042489,0.038041,0.036003,-0.016196,0.003575,-0.000053
81,0.017032,-0.074123,-0.040116,-0.035361,-0.008916,-0.084999,-0.045940,-0.057017
82,0.039804,-0.054931,0.003824,-0.006245,0.016594,-0.068231,-0.003925,-0.017630
83,0.021204,-0.071470,-0.014054,0.004292,0.019926,-0.060113,-0.010786,0.006915
84,0.014086,-0.093783,-0.037521,-0.025736,-0.007816,-0.104639,-0.042440,-0.038881
85,-0.015615,-0.009455,-0.000446,0.007568,-0.005371,-0.005358,-0.004188,0.004055
86,0.001319,0.021179,-0.000042,0.009830,0.014758,0.039166,0.017931,0.023254
87,0.024397,-0.022842,0.001809,-0.000423,0.025631,-0.013840,0.002980,-0.000836
88,-0.020889,0.071890,0.014792,0.022165,-0.019988,0.054143,0.001070,0.013584
89,-0.021188,0.107350,0.032475,0.032326,-0.000711,0.103024,0.026585,0.036527
90,0.023421,0.174246,0.090174,0.074387,0.015161,0.149809,0.063971,0.065982
91,-0.017255,-0.143783,-0.053088,-0.055647,-0.016406,-0.121265,-0.040802,-0.056422
92,0.063069,0.043697,0.081121,0.079591,0.051084,0.038423,0.038267,0.052544
93,0.063231,0.095341,0.076020,0.070050,0.047405,0.074677,0.035830,0.045201
94,-0.034824,-0.106104,-0.072162,-0.064935,0.023025,-0.036395,-0.012730,-0.014691
95,0.178830,0.006834,0.062947,0.055002,0.104483,-0.044130,0.009198,0.008077
96,0.078859,-0.050927,-0.015363,-0.010660,0.071383,-0.032640,-0.005898,-0.006980
97,0.223431,0.212239,0.239979,0.228231,0.143440,0.126994,0.134521,0.158177
98,0.054367,0.065373,0.049438,0.037844,0.026704,0.032716,0.023228,0.020185
99,0.035028,0.045186,0.126437,0.089705,0.003669,0.024098,0.086402,0.051802
100,-0.009623,-0.051529,-0.036707,-0.022089,0.000533,-0.040782,-0.016599,-0.009235
101,0.001048,0.055784,0.030773,0.018971,0.021867,0.071505,0.026492,0.017768
102,-0.009731,0.018034,0.004952,0.001415,-0.022728,-0.001813,-0.011671,-0.016864
103,-0.024718,-0.008957,-0.012724,0.001653,-0.012128,0.000463,-0.004062,0.020367
104,-0.007219,0.019841,0.003510,0.011386,-0.013422,0.005009,0.000695,0.008332
105,-0.577028,-0.540087,-0.626626,-0.537059,-0.160327,-0.122784,-0.168664,-0.190437
106,-0.318133,-0.343335,-0.317148,-0.287120,-0.092549,-0.119913,-0.096943,-0.125733
107,0.154628,0.231258,0.185421,0.178096,-0.040891,0.006418,0.002886,0.041445
108,0.204456,0.222434,0.239193,0.223659,-0.007171,-0.016237,0.032932,0.063424
109,-0.046706,-0.038003,-0.038938,-0.058383,-0.050637,-0.037877,-0.054603,-0.080365
110,-0.030695,0.014637,-0.003397,-0.024939,-0.031834,0.013510,-0.030307,-0.056185
111,-0.016271,0.099148,0.006064,-0.001417,-0.033175,0.075823,-0.053960,-0.043912
112,0.011924,0.144051,0.035325,0.062378,-0.031976,0.085425,-0.024324,-0.013872
113,0.166732,0.132444,0.209351,0.177022,-0.025632,-0.078298,-0.011370,-0.012989
114,0.200724,0.192780,0.169077,0.167358,0.099368,0.090961,0.059720,0.063529
115,-0.201439,-0.124952,-0.158534,-0.130942,-0.094003,-0.027047,-0.100683,-0.082537
116,-0.318208,-0.312695,-0.237659,-0.217546,-0.133583,-0.145700,-0.133463,-0.127315
117,0.111775,0.146078,0.064733,0.082055,0.030720,0.065920,0.002010,0.003791
118,0.078724,0.182576,0.136749,0.123288,0.020724,0.093358,0.024457,0.043636
119,0.219246,0.265814,0.197317,0.182856,0.073265,0.113967,0.042908,0.063088
120,0.206586,0.214255,0.205990,0.169509,0.057127,0.073756,0.040287,0.050282
121,-0.687009,-0.599546,-0.754921,-0.633842,0.021316,0.123211,-0.020525,-0.037461
122,0.202294,0.152508,0.163710,0.110153,-0.006829,-0.058679,-0.045458,-0.062161
123,-0.030075,-0.032012,0.044012,0.037858,-0.094747,-0.114387,-0.046195,-0.071733
124,-0.113695,-0.031683,-0.052915,-0.049479,-0.014199,0.055078,-0.016124,-0.032906
125,0.276395,0.316592,0.317575,0.280230,0.037795,0.046579,0.031906,0.047007
126,0.071352,0.108588,0.093043,0.078873,-0.042886,-0.016817,-0.039351,-0.053878
127,0.005294,0.108026,0.032515,0.019973,0.038452,0.148546,0.029798,0.036227
128,-0.029016,0.025196,-0.005665,-0.020131,-0.005305,0.051530,-0.010459,-0.010746
129,0.144784,0.154312,0.254078,0.249470,-0.020308,-0.025148,0.026391,0.071842
130,0.586996,0.460266,0.598509,0.547149,0.106213,-0.030998,0.120328,0.153893
131,0.395025,0.320776,0.457894,0.439555,0.043865,-0.055548,0.074339,0.119170
132,0.069570,0.078890,0.209059,0.220156,-0.020271,-0.032407,0.048889,0.095156
133,-0.887044,-0.877038,-0.919662,-0.861577,-0.189967,-0.165473,-0.252345,-0.325459
134,0.377675,0.282485,0.412538,0.318810,0.073343,-0.015355,0.055105,0.053928
135,-0.386173,-0.401428,-0.213301,-0.148189,-0.208805,-0.253681,-0.150030,-0.091153
136,-0.267732,-0.379320,-0.045208,-0.016417,-0.209876,-0.343152,-0.143568,-0.070899
137,-0.434531,-0.346688,-0.323279,-0.227969,-0.085589,-0.017714,-0.023550,0.018726
138,-0.098712,-0.124080,-0.025507,-0.105942,-0.112684,-0.133742,-0.123520,-0.214828
139,0.024851,0.048719,0.038142,0.064931,-0.034302,-0.022095,-0.024840,0.001839
140,-0.583162,-0.403519,-0.708392,-0.554072,-0.119928,0.098598,-0.188235,-0.202152
141,0.023499,0.001184,0.087374,0.108918,-0.040518,-0.076006,0.004992,0.032784
142,0.233461,0.121209,0.275233,0.312554,-0.007576,-0.151915,0.053438,0.087733
143,0.416775,0.401863,0.428610,0.453125,0.078344,0.037961,0.105418,0.195033
144,0.470549,0.458828,0.525724,0.502762,0.096918,0.057626,0.135100,0.206689
145,0.690115,0.581984,0.669269,0.651337,0.139851,-0.001454,0.163535,0.236906
146,0.511261,0.456480,0.544215,0.534042,0.067778,-0.017909,0.098554,0.174029
147,0.332191,0.340956,0.436965,0.417077,0.070976,0.049945,0.117040,0.189537
148,0.506956,0.471572,0.562740,0.550462,0.085183,0.018821,0.123137,0.205736
149,0.189031,0.237236,0.300758,0.281669,0.031868,0.060520,0.084854,0.123875
150,-0.768869,-0.728902,-0.769106,-0.739324,-0.210896,-0.174554,-0.242625,-0.320603
151,0.298380,0.235259,0.330881,0.272875,0.045546,-0.025499,0.059859,0.059293
152,0.207820,0.184667,0.278103,0.255762,0.059881,0.020246,0.072053,0.116269
153,0.168459,0.158458,0.230730,0.215360,0.002824,-0.022381,0.015107,0.057761
154,-0.020866,-0.007545,0.127261,0.098540,-0.048015,-0.043085,0.007406,0.009702
155,0.106895,0.121381,0.246393,0.195155,-0.052186,-0.054254,0.009630,0.016660
156,0.060791,0.059583,0.173599,0.152324,-0.024185,-0.044179,0.016531,0.032516
157,-0.415080,-0.423682,-0.297562,-0.228755,-0.153839,-0.181035,-0.092205,-0.095106
158,-0.074106,-0.134667,0.076687,0.056559,-0.079304,-0.145795,-0.034769,-0.029303
159,-1.347225,-1.289342,-1.386352,-1.176790,-0.229991,-0.147992,-0.253726,-0.276123
160,-1.288622,-1.207974,-1.320436,-1.117014,-0.163122,-0.052988,-0.190634,-0.209260
161,0.596693,0.462795,0.608267,0.493328,0.167701,0.011933,0.091735,0.113364
162,-0.982170,-0.884429,-0.998620,-0.810605,-0.158716,-0.058052,-0.128128,-0.133770
163,-0.749297,-0.672128,-0.757227,-0.612102,-0.127703,-0.049907,-0.085006,-0.093250
164,-1.063060,-0.982833,-1.135207,-0.943341,-0.203640,-0.116048,-0.217147,-0.259319
165,-0.730221,-0.604311,-0.650088,-0.558080,-0.027587,0.107259,0.029284,-0.010438
166,-0.467372,-0.411680,-0.517978,-0.433963,-0.114587,-0.060470,-0.117921,-0.142841
167,0.301230,0.297558,0.312476,0.216668,0.035216,0.042234,0.019632,0.007740
168,-0.129828,-0.112241,-0.139544,-0.124675,0.057304,0.072865,0.033529,0.032705
169,0.235313,0.163435,0.182513,0.136101,0.058053,0.001940,0.000988,0.014578
170,-0.213812,-0.193991,-0.226823,-0.222848,-0.034872,-0.006474,-0.045114,-0.078937
171,-0.701046,-0.678848,-0.785260,-0.677719,-0.146434,-0.106483,-0.223529,-0.214797
172,-0.779341,-0.693654,-0.755170,-0.671154,-0.037076,0.058243,-0.042342,-0.089298
173,-0.439723,-0.394239,-0.473199,-0.428271,-0.053017,-0.001454,-0.092022,-0.119684
174,-0.095932,-0.118236,-0.141742,-0.081933,-0.044544,-0.069125,-0.041980,-0.027900
175,-0.212689,-0.096320,-0.246260,-0.176078,0.049788,0.166433,0.032950,0.042397
176,-0.909091,-0.791173,-0.825744,-0.719096,-0.248953,-0.150373,-0.184350,-0.210669
177,0.338287,0.319283,0.499099,0.372866,0.142755,0.105130,0.236841,0.176013
178,-0.468014,-0.375777,-0.414956,-0.372997,-0.044373,0.044948,-0.029567,-0.054972
179,-0.166872,-0.083555,-0.302203,-0.249582,-0.038660,0.039412,-0.133299,-0.116906
180,-0.461077,-0.408565,-0.552449,-0.450775,-0.034910,0.031527,-0.147988,-0.117557
181,-1.075179,-1.002108,-1.117947,-0.902591,-0.205855,-0.120588,-0.242331,-0.246108
182,0.478681,0.478623,0.473440,0.383036,0.119084,0.105412,0.041391,0.099877
183,-0.108086,-0.058740,-0.143752,-0.116589,-0.015101,0.034510,-0.088030,-0.054715
184,0.237611,0.251157,0.159989,0.125540,0.058352,0.073563,-0.035298,-0.018871
185,-0.382634,-0.370326,-0.347399,-0.329614,-0.002763,0.011026,0.033048,-0.040407
186,-0.540766,-0.469423,-0.565067,-0.481917,-0.115190,-0.047323,-0.099319,-0.125995
187,-0.124427,-0.149676,-0.202752,-0.163460,-0.034216,-0.049138,-0.063421,-0.057550
188,0.087037,0.145563,0.020546,0.028803,0.104645,0.156308,0.043550,0.064434
189,-0.202214,-0.100953,-0.299689,-0.246389,-0.030376,0.065612,-0.080773,-0.092805
190,-1.780522,-1.779228,-1.655456,-1.332577,-0.482810,-0.434722,-0.332174,-0.352508
191,-1.510470,-1.516442,-1.548123,-1.271992,-0.377106,-0.350499,-0.344880,-0.359902
192,-1.216509,-1.108851,-1.273569,-1.051124,-0.313524,-0.189652,-0.285757,-0.312127
193,0.637613,0.594155,0.678236,0.529836,0.192812,0.113755,0.127518,0.135785
194,-0.088167,0.015320,-0.087108,-0.088954,-0.071409,0.033700,-0.089415,-0.088786
195,-0.442381,-0.384982,-0.527697,-0.439136,-0.175449,-0.125762,-0.195369,-0.203293
196,-0.242250,-0.204547,-0.331253,-0.271010,0.095949,0.142083,-0.007049,-0.001187
197,-0.295312,-0.312991,-0.304279,-0.299746,-0.159515,-0.177600,-0.166569,-0.190828
198,-0.743062,-0.751092,-0.640697,-0.562620,-0.013299,-0.035746,0.037345,0.006976
199,-0.056717,-0.034167,-0.067954,-0.062827,-0.027548,-0.001594,-0.036635,-0.041687
200,-0.851494,-0.741610,-0.854655,-0.724133,-0.241303,-0.146707,-0.247173,-0.259660
201,-0.513839,-0.437261,-0.415634,-0.347529,-0.189299,-0.120612,-0.106021,-0.134316
202,-0.222457,-0.137115,-0.177999,-0.140642,-0.155849,-0.085225,-0.109219,-0.090199
203,-0.349761,-0.202634,-0.345012,-0.299900,-0.131548,-0.005810,-0.073428,-0.080528
204,0.187950,0.166988,0.106840,0.063226,0.152507,0.150882,0.063845,0.031428
205,0.008851,0.008917,-0.016403,-0.006073,-0.004211,-0.004551,-0.018466,-0.020236
206,0.107025,-0.032678,0.091338,0.066082,0.009971,-0.115515,-0.020329,-0.030232
207,-0.153808,-0.127921,-0.015094,-0.030536,-0.070910,-0.057375,0.033705,0.004333
208,-0.087645,-0.117259,0.052961,-0.001931,-0.054986,-0.097942,0.016959,-0.033026
209,-0.104565,-0.135543,-0.063048,-0.055049,-0.089072,-0.124185,-0.081772,-0.077775
210,0.001437,0.062438,0.098163,0.046738,0.053047,0.122837,0.098176,0.058439
211,0.150063,0.283066,0.156762,0.109309,-0.220935,-0.098534,-0.198772,-0.211376
212,0.046652,0.183878,0.122513,0.116460,-0.174073,-0.059651,-0.152881,-0.125291
213,0.269744,0.192775,0.155761,0.118864,-0.038388,-0.093892,-0.133704,-0.138451
214,0.061821,0.019323,-0.116880,-0.087041,-0.077090,-0.106304,-0.169159,-0.160292
215,-0.023110,-0.013058,-0.090414,-0.061125,-0.041413,-0.028582,-0.073982,-0.060621
216,-0.015890,-0.068838,-0.060992,-0.051940,-0.016736,-0.054335,-0.051859,-0.062388
217,-0.012617,0.066815,-0.009275,-0.006048,0.018589,0.094322,0.006801,0.016973
218,-0.114319,-0.038884,-0.007655,-0.026973,-0.012562,0.044746,0.048861,0.017710
219,-0.046303,-0.003469,-0.018322,-0.042737,-0.160302,-0.130162,-0.163695,-0.169414
220,-0.048178,-0.029272,0.006017,0.010203,0.091459,0.099141,0.105473,0.109916
221,-0.241118,-0.253614,0.049716,0.052035,0.426515,0.374604,0.671324,0.574841
222,-0.033021,-0.041571,-0.038589,-0.027438,0.030864,0.030404,0.040580,0.038670
223,0.132241,0.118882,0.352101,0.199947,-0.017511,-0.050251,-0.002494,-0.064488
224,0.076304,0.117751,0.049805,0.083509,-0.130015,-0.072418,-0.129066,-0.091188
225,0.027631,0.059767,0.199070,0.129053,0.103885,0.113822,0.120091,0.111788
226,0.010336,0.073407,-0.052661,-0.052197,0.176926,0.232077,0.135219,0.142716
227,0.252610,0.185615,0.025085,0.039965,0.192637,0.143324,0.084896,0.098520
228,0.056352,0.047369,0.027544,0.010091,0.000584,0.001758,-0.002140,-0.021806
229,-0.014012,-0.037602,-0.027259,-0.011905,0.020400,-0.001774,0.024830,0.032435
230,-0.015793,-0.029205,-0.044181,-0.025841,0.026329,0.012048,0.023598,0.031692
231,-0.019684,-0.098721,-0.028637,-0.034867,-0.143600,-0.185951,-0.155545,-0.173775
232,-0.059552,-0.094623,-0.086780,-0.074860,-0.074692,-0.103403,-0.096589,-0.097249
233,0.010255,-0.069144,0.009586,-0.020776,0.006819,-0.058593,-0.018251,-0.041428
234,-0.100873,-0.044797,-0.034487,-0.029465,-0.001685,0.039719,0.029483,0.029041
235,0.258808,0.198130,0.369804,0.265765,0.465524,0.391192,0.527890,0.491218
236,0.356516,0.333740,0.541407,0.364423,1.135393,1.076454,1.279707,1.052841
237,0.393764,0.409096,0.351347,0.248533,0.282511,0.282086,0.231058,0.230464
238,0.283583,0.304704,0.314652,0.150443,0.420063,0.410925,0.325735,0.289478
239,0.265023,0.283364,0.245357,0.165866,0.039629,0.050488,0.016530,0.021508
240,0.344731,0.331381,0.325090,0.216797,0.223962,0.205091,0.165507,0.157234
241,0.245424,0.221716,0.389567,0.256786,0.366090,0.336653,0.427483,0.365036
242,0.126750,0.132279,0.227642,0.153186,0.197088,0.194373,0.219503,0.202864
243,-0.003747,-0.001329,0.059051,0.003325,0.114221,0.097379,0.156137,0.091765
244,0.018021,0.016670,0.039663,0.016803,0.084318,0.082332,0.094221,0.078179
245,0.097292,0.112146,0.066364,0.026644,-0.203916,-0.183682,-0.251878,-0.247555
246,0.167704,0.160274,-0.052591,-0.024332,-0.298629,-0.288941,-0.389168,-0.344728
247,0.334114,0.180007,-0.360508,-0.272548,-0.409001,-0.562572,-0.590782,-0.564590
248,0.141845,0.171463,0.048847,0.034844,-0.217302,-0.176290,-0.267808,-0.258815
249,0.006434,0.011772,-0.006118,0.004079,-0.003711,-0.003546,-0.033718,-0.029424
250,0.138443,0.153068,-0.222512,-0.177358,-0.397369,-0.401869,-0.492495,-0.484942
251,0.247043,0.132841,-0.167974,-0.120912,-0.306118,-0.402638,-0.464936,-0.442354
252,0.078235,0.086784,0.044204,0.065866,-0.079778,-0.074127,-0.084837,-0.068061
253,-0.045889,-0.134197,-0.040202,0.009173,0.583705,0.458557,0.733824,0.619160
254,0.119622,0.082588,0.006769,0.038767,-0.006224,-0.022274,-0.019266,-0.031929
255,0.054734,0.070689,0.073384,0.046415,0.036079,0.050408,0.027465,0.046548
256,-0.019682,-0.008657,-0.012110,-0.010486,0.025200,0.035383,0.017898,0.041679
257,-0.121413,-0.115883,-0.111391,-0.077173,0.087170,0.069654,0.082794,0.096549
258,0.110416,0.035201,-0.040686,-0.019514,0.027257,-0.048299,-0.068510,-0.065393
259,-0.173347,-0.119327,-0.264822,-0.164998,-0.210433,-0.166675,-0.213551,-0.199858
260,0.249985,0.243639,0.191266,0.141021,0.127018,0.119488,0.074663,0.062185
261,0.452337,0.398180,0.392611,0.301785,0.634393,0.558737,0.503623,0.515396
262,-0.010834,0.037674,-0.093751,-0.038545,-0.087130,-0.033942,-0.096519,-0.086965
263,-0.078692,-0.058953,0.126361,-0.023808,0.008976,0.049093,0.199942,0.039565
264,-0.042984,-0.072115,-0.140720,-0.055691,-0.061652,-0.088911,-0.111688,-0.088544
265,0.036509,0.088557,0.017387,0.021558,0.001551,0.061594,-0.018341,0.002633
266,-0.004462,-0.007962,-0.178839,-0.101205,-0.122218,-0.138473,-0.207842,-0.189182
267,0.000875,0.062176,0.051818,0.035061,-0.010807,0.037717,0.029728,0.021344
268,0.045073,0.023615,-0.067519,-0.034558,-0.021555,-0.047899,-0.089833,-0.081334
269,0.016223,-0.035999,-0.085781,-0.051445,-0.027955,-0.068005,-0.099980,-0.048457
270,0.093988,-0.032156,0.135521,0.130324,0.171560,0.055026,0.165756,0.158105
271,-0.004553,0.010356,-0.093478,-0.063274,-0.069056,-0.057356,-0.085653,-0.083035
272,-0.096852,-0.015037,0.008058,-0.030801,0.104931,0.167945,0.194869,0.144519
273,-0.042851,-0.003961,0.003488,-0.005788,-0.041259,-0.003529,-0.022207,-0.019327
274,-0.018145,-0.025602,-0.011963,0.016058,-0.037619,-0.045351,-0.052769,0.000299
275,-0.487327,-0.373617,-0.437325,-0.372293,-0.124376,-0.049294,-0.056214,-0.088657
276,-0.025937,-0.031983,-0.019947,-0.020029,0.014412,0.020356,-0.005446,-0.039254
277,-0.331987,-0.264213,-0.213355,-0.183798,-0.008019,0.044654,0.058958,0.046075
278,0.080611,0.039636,0.208004,0.160762,0.030169,0.010126,0.049885,0.079845
279,0.036141,0.048157,0.177222,0.130005,0.141908,0.161310,0.194044,0.206368
280,0.087862,0.071274,0.063699,0.033917,-0.070533,-0.083183,-0.110682,-0.150094
281,0.033256,0.035586,0.059141,0.025476,0.026450,0.031150,0.018144,-0.003796
282,0.065742,0.020900,0.059232,0.016649,0.026934,0.002523,0.005298,-0.011479
283,0.081048,0.098970,-0.035023,0.010856,0.046594,0.060325,0.015534,0.007412
284,-0.030408,-0.054028,-0.201551,-0.074697,-0.041379,-0.070821,-0.047628,-0.053250
285,0.078156,0.071217,0.018713,0.074508,0.146521,0.127977,0.157156,0.139028
286,-0.038294,-0.023099,-0.077218,-0.056652,0.020771,0.031322,0.024192,0.007615
287,-0.172154,-0.141216,-0.025205,-0.021097,0.048553,0.051522,0.135476,0.119676
288,-0.059775,-0.037758,-0.103540,-0.059450,0.015221,0.023695,0.025857,0.016316
289,-0.059778,0.001254,-0.021916,-0.025576,0.055780,0.105747,0.076377,0.053743
290,0.005795,-0.040963,-0.016150,-0.001378,0.090286,0.059862,0.042797,0.066521
291,0.021292,-0.014729,-0.023509,0.001116,0.059844,0.025030,0.033280,0.062437
292,0.283216,0.158941,0.291397,0.172098,0.310263,0.223759,0.269176,0.225739
293,0.001103,-0.033835,-0.030697,-0.024396,0.045103,0.017130,0.033816,0.048212
294,-0.102539,-0.084530,-0.127594,-0.111639,0.072592,0.081908,0.055864,0.034824
295,-0.154073,-0.099956,-0.153123,-0.116098,-0.072955,-0.023708,-0.076553,-0.086730
296,-0.028580,-0.002398,0.061110,0.078481,0.031095,0.048735,0.098659,0.125149
297,-0.034363,-0.015058,-0.017101,-0.014002,-0.025141,-0.012237,-0.012841,-0.010583
298,0.012073,-0.049955,0.007997,0.022114,-0.005810,-0.070258,-0.020719,0.000320
299,-0.093571,-0.081077,-0.013745,-0.015340,0.010169,0.015560,0.053783,0.034513
300,-0.095017,-0.070469,-0.175815,-0.140907,-0.072272,-0.060496,-0.103306,-0.107170
301,-0.104705,-0.067939,-0.164418,-0.119568,-0.092818,-0.074078,-0.081218,-0.090709
302,-0.045165,-0.015233,-0.138800,-0.097458,-0.004927,0.012810,-0.035244,-0.045639
303,-0.002012,-0.044543,-0.055588,-0.043375,-0.014981,-0.050731,-0.031063,-0.049744
304,-0.066603,-0.063474,0.005623,-0.001108,-0.068358,-0.061762,-0.014113,-0.030861
305,-0.021509,0.000364,-0.181108,-0.134818,-0.006353,0.008477,-0.084172,-0.063025
306,0.007066,0.058098,-0.120363,-0.076405,0.078539,0.113883,0.024832,0.032974
307,0.053573,0.008560,-0.071784,-0.039036,0.081448,0.035700,0.021592,0.020003
308,0.041157,0.009872,-0.140328,-0.076654,0.109519,0.069771,0.035046,0.045729
309,0.026023,0.016444,-0.138070,-0.080032,0.135764,0.110767,0.077075,0.071799
310,0.041836,-0.010024,-0.192781,-0.115452,0.101560,0.049223,0.010762,0.007994
311,0.053859,-0.041213,-0.090276,-0.026315,0.089912,0.001812,0.050822,0.041976
312,0.070016,0.049510,-0.093736,-0.026531,0.101810,0.073010,0.033765,0.036464
313,0.099988,0.035017,-0.121078,-0.052593,0.141345,0.080505,0.043537,0.047037
314,0.072414,0.010461,-0.092675,-0.019008,0.115788,0.044536,0.048420,0.063394
315,0.120802,0.064356,0.082330,0.048048,0.052494,0.016058,-0.013629,-0.020315
316,0.015195,0.024466,0.017235,0.009414,0.023140,0.029287,0.017276,0.017815
317,0.110294,0.097697,0.080618,0.038609,0.036775,0.039531,-0.025093,-0.031316
318,0.060782,0.049830,0.043834,0.022251,0.036106,0.026462,0.005627,-0.004751
319,-0.138547,-0.089867,-0.226120,-0.138942,-0.033649,0.009372,-0.030544,-0.018752
320,0.084396,0.090820,0.166038,0.102978,0.066936,0.062411,0.071422,0.057110
321,-0.068317,-0.019513,-0.088185,-0.055064,-0.002305,0.023550,0.029291,0.005988
322,-0.129964,-0.085134,-0.090344,-0.042037,0.025357,0.046742,0.082478,0.076171
323,-0.075842,-0.031151,-0.110765,-0.060130,0.003091,0.034413,0.019788,0.019256
324,0.037235,-0.004453,-0.100007,-0.077915,0.120923,0.075148,0.024215,0.008553
325,-0.168256,-0.140604,-0.134961,-0.079850,0.021847,0.039465,0.049914,0.058282
326,-0.071526,-0.079021,-0.079446,-0.036859,0.026214,0.014066,0.054615,0.043591
327,-0.220685,-0.154282,-0.214415,-0.152541,-0.032281,0.015270,0.031596,0.020493
328,0.024932,0.058678,0.107868,0.076486,-0.011861,0.018745,0.015595,0.026778
329,0.011848,0.044464,0.065796,0.033002,-0.009861,0.027813,-0.024896,-0.015439
330,-0.057430,-0.014972,0.027230,0.022913,-0.019309,0.023979,0.032067,0.031593
331,0.101007,0.035732,-0.045534,-0.059682,-0.004018,-0.059886,-0.097604,-0.099457
332,0.071849,0.035940,0.057619,0.058520,0.056304,0.031805,0.070952,0.058939
333,0.063500,0.073778,0.078583,0.042742,-0.047797,-0.034202,-0.063496,-0.053323
334,0.164599,0.118439,0.170983,0.129199,0.009644,-0.020157,-0.001541,-0.007677
335,0.062064,0.029847,0.025473,0.035390,0.046102,0.020000,0.007545,0.021626
336,0.034352,0.028313,-0.052743,-0.044895,0.012351,0.005698,-0.044361,-0.045586
337,0.054302,0.008229,0.004793,-0.000814,0.027918,-0.015377,-0.014270,-0.022899
338,0.068247,0.012891,0.027190,0.011998,0.026930,-0.017007,-0.022525,-0.020514
339,0.008903,0.010685,-0.004131,-0.019683,-0.008554,-0.012336,-0.018924,-0.041213
340,0.022328,-0.012964,0.004197,-0.012558,-0.008386,-0.045205,-0.014838,-0.034040
341,0.006387,0.004925,-0.005958,-0.014838,-0.001171,-0.008072,-0.005694,-0.022513
342,0.025453,0.017527,0.013688,0.005650,-0.003348,-0.006879,0.000376,-0.003222
343,0.034669,0.008937,0.034693,0.018383,0.062314,0.044320,0.066717,0.045198
344,0.227435,0.184634,0.218819,0.180795,0.180799,0.134811,0.147964,0.105498
345,0.045646,0.122217,0.078525,0.072767,0.046969,0.119513,0.072080,0.068054
346,0.028572,0.036848,0.021570,0.015872,0.023638,0.035070,0.023525,0.013900
347,0.005319,0.144079,0.042900,0.013724,0.000053,0.136648,0.036096,0.006776
348,0.094047,0.097022,0.054914,0.024869,0.097125,0.112388,0.019289,0.009202
349,0.093539,0.023501,0.053981,0.055629,0.090381,0.025347,0.054464,0.045832
350,0.055904,-0.329077,-0.101926,-0.092902,0.000505,-0.383444,-0.142827,-0.133595
351,-0.030550,-0.014696,-0.025591,-0.043701,-0.020488,0.009284,-0.045415,-0.045049
352,0.055123,0.022025,0.048563,0.042206,0.016356,-0.021047,0.012864,-0.009990
353,0.141257,0.119074,0.135119,0.144443,0.155957,0.139810,0.133661,0.134246
354,0.030676,0.179900,0.084158,0.042886,0.057631,0.217716,0.051462,0.028629
355,0.543599,0.553428,0.607231,0.425633,0.187712,0.161372,0.106318,0.035682
356,0.004332,-0.085724,-0.031882,-0.038859,-0.013865,-0.095232,-0.052950,-0.048226
357,-0.094599,0.007009,-0.047396,-0.064480,-0.091319,0.014386,-0.074786,-0.072511
358,-0.208075,-0.259549,-0.225994,-0.230661,-0.199457,-0.237432,-0.200499,-0.199626
359,-0.020581,0.000185,-0.040712,-0.061255,-0.056687,-0.017062,-0.116675,-0.115297
360,0.165707,0.213220,0.237308,0.188970,0.045666,0.068532,0.067587,0.045200
361,0.015547,0.201504,0.090471,0.061434,-0.056410,0.129012,-0.034812,-0.030728
362,0.117252,0.196656,0.126628,0.115656,0.074406,0.143090,0.065980,0.056431
363,0.159778,0.169391,0.121809,0.095344,0.091625,0.109464,-0.000249,0.002920
364,0.015071,-0.041173,-0.015582,-0.063669,0.216450,0.159704,0.142182,0.055121
365,0.035594,-0.024280,0.013402,0.001105,0.084050,0.016500,0.052633,0.027447
366,-0.017422,-0.221194,-0.095859,-0.087317,-0.099373,-0.313666,-0.174015,-0.168208
367,-0.081288,-0.113614,-0.045813,-0.065012,-0.070464,-0.105818,-0.058213,-0.075275
368,0.316798,0.201514,0.233452,0.088194,0.304101,0.186038,0.125821,0.029930
369,0.000265,-0.040693,-0.007006,0.004166,-0.009087,-0.043809,-0.015677,0.008124
370,0.022971,0.100606,0.052758,0.070389,-0.002472,0.092346,0.019080,0.056012
371,0.008944,-0.121609,-0.049829,-0.032720,-0.047080,-0.165853,-0.101978,-0.059559
372,-0.037338,-0.036191,-0.018748,0.006886,-0.047081,-0.041337,-0.037501,-0.000881
373,0.058185,0.153011,0.082740,0.057911,0.047193,0.158504,0.044138,0.038532
374,0.079519,0.121951,0.089510,0.055824,0.105597,0.158490,0.142029,0.085161
375,0.037494,0.061108,0.077760,0.021964,0.035771,0.066138,0.057224,-0.006494
376,-0.030263,-0.004460,-0.017543,-0.003296,-0.037519,-0.011862,-0.011124,-0.002803
377,0.092049,0.037222,0.059112,0.044679,0.100327,0.048331,0.050547,0.034811
378,0.001741,0.023321,0.010169,-0.008320,0.107456,0.121976,0.096541,0.055675
379,0.039509,0.120061,0.034024,0.026766,0.040692,0.122069,0.045153,0.029875
380,0.057539,0.161856,0.075222,0.051359,0.033932,0.149529,0.016528,0.016167
381,0.028925,0.000020,0.003407,0.027808,0.020850,-0.002088,0.010775,0.024274
382,0.143402,0.006940,0.064481,0.049335,0.152996,0.024571,0.075883,0.058213
383,0.092171,0.002378,0.024036,-0.016904,0.083554,-0.006548,0.004510,-0.048433
384,-0.028723,-0.150027,-0.067222,-0.075132,-0.049890,-0.163171,-0.090306,-0.091764
385,0.084913,0.012223,0.046863,0.044225,0.098861,0.030977,0.075576,0.073154
386,0.102474,0.257744,0.148951,0.107515,0.092552,0.252564,0.083246,0.055137
387,0.115500,0.129276,0.195810,0.138265,0.050929,0.050703,0.130908,0.069747
388,-0.133895,-0.124593,-0.143317,-0.085146,-0.135888,-0.109797,-0.130198,-0.087188
389,0.039426,0.084574,0.046275,0.038347,0.114683,0.145686,0.083125,0.050121
390,0.016639,0.003677,0.031805,0.023793,-0.018886,-0.054971,-0.044344,-0.054037
391,0.093382,-0.024218,0.024386,0.038168,0.095595,-0.022032,0.037785,0.047649
392,0.014215,-0.069407,-0.075886,-0.059159,0.040823,-0.028532,-0.044065,-0.028196
393,0.672474,0.566709,0.724726,0.512341,0.349971,0.214862,0.178303,0.097310
394,-0.382735,-0.367089,-0.388346,-0.341189,-0.167385,-0.138125,-0.098565,-0.100433
395,-0.256769,-0.428942,-0.380730,-0.296256,-0.157369,-0.311154,-0.195923,-0.150986
396,-0.063248,-0.198632,-0.138432,-0.121567,0.043861,-0.071412,-0.019939,-0.024496
397,0.043877,-0.188460,-0.093250,-0.036456,0.151395,-0.064684,0.080354,0.083303
398,-0.073220,-0.212398,-0.151656,-0.101306,0.071239,-0.064845,0.032838,0.029763
399,-0.121982,-0.373530,-0.229202,-0.165725,-0.081477,-0.310329,-0.140656,-0.120801
400,-0.107208,-0.182764,-0.200574,-0.112445,-0.063293,-0.136041,-0.099909,-0.043848
401,-0.084622,-0.203441,-0.178873,-0.091484,0.030032,-0.081320,-0.012679,0.023543
402,-0.007101,-0.026083,-0.033174,-0.050652,0.013998,-0.002416,-0.024625,-0.040823
403,0.030292,0.056873,0.026918,0.025817,0.024256,0.038090,0.019883,0.013362
404,0.172874,0.163532,0.147544,0.096539,0.171542,0.174133,0.096293,0.069674
405,0.049656,0.066906,0.057176,0.033386,0.091027,0.106232,0.071598,0.042217
406,-0.172915,-0.201098,-0.151853,-0.199752,0.070148,0.042459,0.008616,-0.015869
407,0.069702,0.125099,0.112092,0.106268,0.074390,0.127354,0.091697,0.095200
408,0.051918,0.072952,0.023196,0.054635,-0.000235,0.023927,-0.030203,0.011120
409,-0.043193,-0.012346,-0.094332,-0.081070,-0.066777,-0.006855,-0.092392,-0.056250
410,-0.032693,-0.018859,-0.044021,-0.053950,-0.120147,-0.106997,-0.106476,-0.115997
411,0.023020,-0.086173,-0.018453,-0.023240,-0.089500,-0.197034,-0.100972,-0.086689
412,0.037066,-0.083795,0.010211,-0.051646,-0.051743,-0.172858,-0.087933,-0.161403
413,0.042866,0.059153,0.037948,0.034219,0.016552,0.044719,0.023026,0.029544
414,0.030471,0.067689,0.086510,0.014083,0.111446,0.147036,0.083842,0.033597
415,1.188347,1.090362,1.369498,1.016178,0.190583,0.054807,0.178075,0.100603
416,0.231544,0.092306,0.113397,0.089286,0.317139,0.178979,0.092933,0.089143
417,0.096051,0.141051,0.087520,0.058511,0.170443,0.215709,0.133596,0.100123
418,0.224693,0.020082,0.040669,0.037247,0.314558,0.107434,0.054665,0.050846
419,-0.156537,-0.169548,-0.087086,-0.055425,-0.162766,-0.171535,-0.089220,-0.049716
420,-0.212616,-0.200003,-0.132786,-0.076265,-0.238516,-0.230881,-0.102758,-0.068146
421,-0.295804,-0.263353,-0.188249,-0.101789,-0.313183,-0.289454,-0.150899,-0.085672
422,-0.196476,-0.158092,-0.112860,-0.069667,-0.266072,-0.219829,-0.137989,-0.093199
423,-0.219956,-0.255124,-0.187505,-0.157872,-0.089589,-0.124735,-0.065265,-0.054195
424,0.658666,0.549959,0.760474,0.485572,0.680229,0.540257,0.529375,0.272161
425,-0.045739,0.060997,-0.075108,-0.118959,-0.168444,-0.022088,-0.233127,-0.229674
426,-0.331552,-0.207330,-0.221812,-0.173034,-0.341632,-0.213465,-0.219635,-0.178337
427,-0.305292,-0.282253,-0.304935,-0.223989,-0.233170,-0.202806,-0.166515,-0.125833
428,-0.246559,-0.231541,-0.225983,-0.164048,-0.155896,-0.135618,-0.087190,-0.070532
429,-0.248682,-0.383418,-0.283121,-0.212489,-0.097834,-0.241962,-0.070429,-0.082489
430,-0.382924,-0.228278,-0.231543,-0.149266,-0.442795,-0.278735,-0.207192,-0.129044
431,-0.432442,-0.338783,-0.344554,-0.268597,-0.432541,-0.316319,-0.240285,-0.181311
432,-0.361398,-0.254183,-0.249084,-0.183288,-0.392163,-0.275474,-0.197309,-0.142830
433,-0.253707,-0.280460,-0.217613,-0.158598,-0.247468,-0.271094,-0.186402,-0.121328
434,-0.342263,-0.339811,-0.241195,-0.172965,-0.384952,-0.379913,-0.236557,-0.155156
435,-0.250337,-0.356561,-0.242465,-0.171888,-0.235339,-0.339276,-0.197712,-0.133166
436,-0.292753,-0.650647,-0.454653,-0.270666,-0.212330,-0.610016,-0.391329,-0.229735
437,-0.353428,-0.449849,-0.359893,-0.253881,-0.313553,-0.410187,-0.305110,-0.200503
438,-0.141658,-0.899452,-0.595738,-0.345235,0.117636,-0.722433,-0.469512,-0.255566
439,-0.435303,-0.578864,-0.451954,-0.288053,-0.352334,-0.544053,-0.340608,-0.203676
440,-0.300756,-0.437276,-0.315229,-0.184198,-0.251048,-0.392457,-0.188169,-0.089926
441,0.108212,-0.132279,-0.110224,-0.073324,0.309729,0.052825,0.014198,0.034069
442,-0.189918,-0.243094,-0.248442,-0.155692,-0.077551,-0.107977,-0.119560,-0.033605
443,-0.345805,-0.559866,-0.392251,-0.221748,-0.354833,-0.585633,-0.345790,-0.186484
444,-0.258157,-0.432232,-0.325745,-0.210919,-0.218580,-0.389524,-0.287179,-0.160245
445,-0.372506,-0.466542,-0.370328,-0.213724,-0.396924,-0.505281,-0.343637,-0.189732
446,-0.362538,-0.522052,-0.378247,-0.210668,-0.380018,-0.561860,-0.340476,-0.181328
447,-0.323321,-0.448096,-0.346746,-0.186271,-0.342208,-0.484237,-0.290694,-0.138377
448,-0.297263,-0.652187,-0.412968,-0.234161,-0.348790,-0.728247,-0.449393,-0.263723
449,-0.345115,-0.604457,-0.411426,-0.240836,-0.347665,-0.643823,-0.368191,-0.198169
450,-0.210212,-0.947323,-0.612883,-0.311463,0.113962,-0.726046,-0.447286,-0.215726
451,-0.415398,-0.605171,-0.428523,-0.268857,-0.437316,-0.669646,-0.408572,-0.247118
452,-0.368621,-0.632333,-0.421407,-0.273003,-0.367735,-0.671633,-0.409864,-0.249424
453,-0.270784,-0.832141,-0.528930,-0.302854,-0.101304,-0.750193,-0.438104,-0.229311
454,-0.364674,-0.532111,-0.377979,-0.230825,-0.344584,-0.533331,-0.303632,-0.184120
455,-0.286109,-0.289162,-0.264651,-0.194021,-0.203499,-0.200032,-0.179743,-0.110264
456,-0.240858,-0.308832,-0.246249,-0.235427,-0.295380,-0.358366,-0.331298,-0.287629
457,-0.337790,-0.316998,-0.312088,-0.200040,-0.303244,-0.295942,-0.248121,-0.142062
458,-0.067088,-0.089958,-0.000148,0.007218,-0.013439,-0.052078,0.022226,0.016676
459,-0.214511,-0.408233,-0.325078,-0.204250,-0.028367,-0.254309,-0.165795,-0.074984
460,-0.274691,-0.275765,-0.253499,-0.158718,-0.281085,-0.272253,-0.215069,-0.112339
461,-0.107414,-0.095268,-0.132936,-0.057402,-0.175385,-0.143549,-0.150806,-0.059836
462,-0.210824,-0.285014,-0.197382,-0.092720,-0.324505,-0.397417,-0.253798,-0.141025
463,-0.211110,-0.211600,-0.233067,-0.158671,-0.277935,-0.254149,-0.249752,-0.148504
464,-0.087853,-0.066551,-0.113298,-0.065644,-0.102799,-0.058230,-0.108649,-0.040586
465,-0.100714,-0.161361,-0.160139,-0.082994,-0.174618,-0.211001,-0.187995,-0.085999
466,-0.052603,0.038244,-0.049418,-0.012134,-0.070984,0.029726,-0.051569,0.001175
467,0.002280,-0.018062,-0.050811,-0.023115,-0.061375,-0.069212,-0.102201,-0.055626
468,-0.051944,0.082879,-0.000389,-0.018701,-0.070177,0.068009,-0.024264,-0.029491
469,0.125763,0.151989,0.076840,0.011562,0.075648,0.122990,-0.008019,-0.036728
470,0.187442,0.232602,0.219695,0.102076,0.292210,0.301309,0.209947,0.094325
471,-0.198874,-0.070057,-0.109919,-0.095930,-0.191845,-0.062648,-0.110701,-0.089527
472,-0.136108,-0.088403,-0.125325,-0.109424,-0.151145,-0.093454,-0.096011,-0.087959
473,-0.027258,-0.083225,-0.034156,-0.026298,-0.061745,-0.111420,-0.078001,-0.048473
474,-0.008485,-0.021051,0.001922,0.013222,-0.028772,-0.057563,-0.047352,-0.023118
475,0.038225,-0.006874,0.026899,0.016840,-0.007041,-0.040561,0.004933,-0.010321
476,-0.154082,-0.209774,-0.195954,-0.183406,0.027850,-0.026757,-0.026569,-0.045137
477,0.014753,-0.131323,-0.108424,-0.107781,0.205682,0.047368,0.063852,0.028275
478,0.160580,0.066084,0.070400,0.072463,0.137198,0.053842,0.014824,0.026956
479,0.015967,0.025851,-0.003098,0.037283,-0.087051,-0.051253,-0.089162,-0.028924
480,0.140094,0.018763,0.060410,0.087857,0.055234,-0.052047,-0.002976,0.035140
481,0.194374,0.214676,0.186255,0.152448,0.180692,0.185539,0.161938,0.101089
482,0.009718,0.044267,0.022551,0.008389,-0.058089,-0.030242,-0.007828,-0.034482
483,0.061987,0.054808,0.022509,0.011157,0.058154,0.053789,-0.040746,-0.034260
484,-0.144738,-0.102843,-0.123307,-0.083895,-0.182862,-0.143332,-0.157780,-0.114516
485,0.001305,-0.001403,-0.077864,-0.079578,0.054633,0.063491,-0.054245,-0.039087
486,0.038850,0.133212,0.031541,0.032251,0.017944,0.109034,0.029869,0.027520
487,0.122817,0.092639,0.031252,0.011050,0.161197,0.145103,0.034040,0.021166
488,-0.051879,-0.099661,-0.081179,-0.065440,-0.056722,-0.112324,-0.069369,-0.056304
489,-0.016449,-0.111326,-0.062816,-0.079349,-0.122476,-0.210087,-0.182226,-0.190356
490,0.025191,-0.052205,-0.033997,-0.048714,0.076104,0.002326,-0.004275,-0.030117
491,-0.052367,0.029346,-0.032323,-0.047488,-0.024594,0.054702,-0.037848,-0.043653
492,-0.098851,0.014289,-0.038468,-0.076560,-0.105045,0.010830,-0.077027,-0.108102
493,0.179415,0.265320,0.136946,0.087946,0.178033,0.285874,0.070777,0.047315
494,-0.004835,0.019930,0.037283,0.041034,-0.082618,-0.047082,-0.024430,-0.011349
495,0.055615,0.204412,0.057292,-0.021962,0.155374,0.302824,0.064105,0.022391
496,-0.116588,-0.105208,-0.119661,-0.099674,-0.123268,-0.103763,-0.092936,-0.077723
497,0.186005,0.118168,0.211431,0.102575,0.275164,0.205428,0.189172,0.089798
498,0.089945,0.160748,0.161532,0.117098,0.041933,0.111550,0.117666,0.073415
499,-0.266386,-0.221573,-0.307307,-0.276134,-0.202239,-0.144174,-0.158195,-0.134606
500,-0.063573,-0.076591,-0.023398,-0.058967,-0.008511,-0.030877,0.007078,-0.034794
501,-0.074219,-0.093198,-0.067976,-0.052938,-0.105470,-0.118730,-0.092640,-0.078170
502,0.060678,0.170030,0.103718,0.080113,0.023509,0.136666,0.072278,0.043567
503,0.104841,0.144814,0.125159,0.095038,0.066802,0.102264,0.093297,0.045500
504,0.208864,0.227609,0.146233,0.105306,0.188704,0.218754,0.076926,0.036971
505,0.173240,0.104078,0.121931,0.102659,0.127419,0.050508,0.088217,0.040309
506,0.190614,0.299871,0.170520,0.123401,0.069710,0.192829,0.033161,0.005513
507,0.340373,0.215368,0.276422,0.196948,0.355689,0.203087,0.330542,0.174803
508,0.220427,0.206345,0.139431,0.115033,0.144743,0.140119,0.064512,0.038388
509,0.311934,0.242240,0.243577,0.205601,0.204738,0.126401,0.181764,0.120912
510,0.243749,0.134082,0.204734,0.186113,0.112042,0.004610,0.086498,0.069005
511,0.184333,0.243969,0.196702,0.174652,0.157656,0.207801,0.174778,0.133170
512,0.131953,0.075934,0.089346,0.087678,-0.018214,-0.078856,-0.031213,-0.034937
513,0.098995,0.098701,0.041872,0.036036,0.059797,0.073436,-0.033259,-0.023605
514,0.012225,0.036047,0.011666,0.016563,-0.025463,-0.006961,-0.032341,-0.016234
515,0.158273,0.007875,0.047763,0.035399,0.045798,-0.087675,-0.035920,-0.037421
516,-0.046055,-0.269527,-0.167604,-0.145070,0.196871,-0.035523,0.042230,0.036144
517,0.125453,-0.060672,-0.027238,0.003968,0.252593,0.058137,0.068641,0.073870
518,-0.009355,0.101318,-0.013487,-0.021431,0.001023,0.106547,0.000736,-0.007850
519,0.118648,0.081610,0.069911,0.052524,0.194376,0.142025,0.141534,0.092925
520,-0.027997,-0.053062,-0.052494,-0.052148,-0.064523,-0.067776,-0.063333,-0.048213
521,-0.015401,0.088714,0.034522,0.012874,0.010105,0.121125,0.051151,0.046196
522,0.063678,0.129236,0.112525,0.104959,0.142995,0.188591,0.131851,0.108183
523,-0.128581,-0.073113,-0.135364,-0.123028,-0.167202,-0.082972,-0.147739,-0.106202
524,0.016507,0.061551,0.083785,0.047301,-0.027851,0.023214,0.036574,-0.021037
525,0.034647,-0.025487,0.044774,0.033624,-0.020455,-0.072540,0.012525,-0.013407
526,0.108510,0.025289,0.089454,0.089703,0.181774,0.072487,0.222609,0.146039
527,-0.032547,-0.084318,-0.043720,-0.040273,-0.007905,-0.057651,0.019684,-0.003540
528,0.013406,-0.027621,-0.030648,-0.034312,0.130758,0.099383,0.060226,0.014726
529,0.029521,-0.074548,-0.050364,-0.051706,0.096359,-0.003622,0.020480,-0.014975
530,0.048344,-0.313871,-0.085220,-0.070119,0.001220,-0.375453,-0.081805,-0.095328
531,0.024811,0.010778,0.057793,0.050940,0.006993,-0.028902,0.023312,0.003398
532,0.060781,0.089152,0.090396,0.081756,0.089004,0.102000,0.150085,0.099798
533,0.230424,-0.014915,0.095981,0.087911,0.269791,0.018288,0.100085,0.050082
534,0.167166,0.021163,0.134857,0.109212,0.220999,0.031833,0.183475,0.097997
535,-0.033961,0.039369,0.001177,-0.013366,-0.031339,0.040332,0.020528,0.002920
536,0.006993,0.006053,0.010297,0.011342,-0.016673,-0.020704,-0.030411,-0.019194
537,-0.070418,0.064874,-0.013614,-0.024103,-0.127289,0.002177,-0.003884,-0.021063
538,-0.103015,-0.065568,-0.091346,-0.086364,-0.192965,-0.129965,-0.191297,-0.142216
539,0.049152,0.080348,0.086208,0.048098,0.076518,0.098540,0.073620,0.024976
540,0.030827,0.041752,0.036211,0.016177,0.074100,0.065728,0.068628,0.034546
541,0.037291,-0.028563,-0.021054,-0.021070,0.102596,0.033938,0.005310,0.008984
542,-0.158725,0.002890,-0.079370,-0.083670,-0.169638,-0.005675,-0.114081,-0.100851
543,-0.013458,-0.044722,-0.054350,-0.053963,-0.017039,-0.046346,-0.078297,-0.073405
544,-0.095902,-0.104242,-0.119565,-0.080637,-0.212150,-0.199081,-0.221689,-0.145529
545,-0.070765,0.033726,-0.062825,-0.060362,-0.059489,0.064237,-0.075734,-0.054327
546,0.045424,-0.038334,-0.035717,-0.007342,0.105514,-0.003724,-0.007642,-0.012491
547,0.147762,-0.004539,0.036515,0.043697,0.205949,0.025263,0.103370,0.077338
548,0.027678,-0.023617,-0.013465,-0.012648,0.095140,0.048155,0.034678,0.033530
549,0.056425,-0.031796,-0.010022,-0.000813,0.051967,-0.060273,0.041063,0.030876
550,0.088094,-0.028281,-0.015339,-0.006388,0.171395,0.034689,0.043722,0.042785
551,-0.006574,-0.041955,-0.012392,-0.011599,-0.029188,-0.075162,-0.023526,-0.023857
552,-0.030404,-0.166219,-0.159923,-0.109530,0.017000,-0.138161,-0.220480,-0.137805
553,-0.028509,-0.005720,-0.064447,-0.065210,0.010889,0.051978,-0.083443,-0.053166
554,-0.043515,0.077551,0.010824,-0.017576,-0.104378,0.041264,-0.082474,-0.052212
555,-0.166991,-0.190728,-0.217138,-0.173690,-0.210340,-0.199123,-0.313442,-0.222942
556,-0.068804,0.024323,-0.022597,-0.027771,-0.047589,0.051188,-0.007554,-0.003102
557,0.095829,0.065019,0.080101,0.038352,0.208673,0.173692,0.181612,0.127898
558,0.043999,0.159587,0.099788,0.061171,0.135969,0.245094,0.206605,0.148390
559,-0.182625,-0.023211,-0.110846,-0.065281,-0.175447,-0.015708,-0.148238,-0.060070
560,-0.098017,-0.000767,-0.055055,-0.010634,-0.099650,-0.008847,-0.066401,0.010429
561,0.002807,0.150455,0.187923,0.042042,0.046707,0.191352,0.265866,0.137363
562,0.111346,0.032066,0.060122,0.074911,0.223443,0.090902,0.253230,0.204197
563,-0.008951,-0.035007,-0.052335,-0.039300,-0.039050,-0.037718,-0.111421,-0.068921
564,-0.163110,-0.110330,-0.152615,-0.099059,-0.285957,-0.199759,-0.322187,-0.179108
565,-0.186859,-0.112204,-0.139646,-0.098927,-0.456139,-0.317618,-0.482556,-0.314972
566,0.205134,0.141426,0.058224,0.080085,0.927905,0.771199,0.881343,0.718742
567,-0.006680,-0.047477,-0.059080,-0.010742,0.249204,0.178517,0.256885,0.269815
568,-0.250002,-0.173233,-0.164696,-0.131158,-0.658964,-0.500789,-0.671120,-0.491036
569,-0.267653,-0.092346,-0.160970,-0.131199,-0.685167,-0.425653,-0.651600,-0.440668
570,-0.213518,-0.204712,-0.201811,-0.132103,-0.528794,-0.459910,-0.551316,-0.354962
571,0.081355,0.064667,0.100307,0.070459,0.105637,0.053226,0.171360,0.091566
572,0.368442,0.137239,0.210706,0.170337,0.761449,0.353379,0.784445,0.525862
573,0.119547,0.014662,0.032751,0.028152,0.245958,0.081285,0.228517,0.140497
574,0.022106,-0.082271,0.003432,0.004000,-0.056343,-0.163635,-0.046525,-0.073186
575,0.179587,0.062475,0.089296,0.074720,0.382408,0.163647,0.357769,0.226151
576,0.189423,0.042943,0.091493,0.059097,0.371865,0.158437,0.306652,0.181623
577,0.120100,-0.102387,-0.002347,0.033305,0.144106,-0.097600,0.043522,0.030714
578,-0.096086,0.156915,0.007929,0.001891,-0.075780,0.205613,-0.029751,0.012558
579,0.111315,0.012132,0.034303,0.011569,0.225324,0.100292,0.136559,0.068174
580,0.045207,0.018124,0.036812,0.014164,0.095298,0.063559,-0.021061,-0.007648
581,0.022105,-0.069438,-0.066556,-0.046113,0.007308,-0.049709,-0.130085,-0.094249
582,0.179535,-0.079231,-0.042017,-0.037973,0.315368,0.027417,0.058409,0.007607
583,-0.069876,-0.165127,-0.202561,-0.168945,-0.114861,-0.166725,-0.257556,-0.180871
584,0.059572,-0.020820,-0.004684,-0.002963,0.206661,0.082304,0.153985,0.102413
585,0.396726,0.086243,0.215184,0.183447,0.699613,0.257819,0.444322,0.332571
586,0.143715,0.123705,0.124004,0.082383,0.195669,0.152465,0.184794,0.096695
587,0.168222,0.055584,0.134721,0.112695,0.314796,0.118171,0.275206,0.198501
588,0.251376,-0.022474,0.160112,0.142199,0.295868,-0.068189,0.215685,0.106455
589,0.069225,0.119674,0.082376,0.046798,0.210827,0.238910,0.220038,0.142775
590,0.018650,0.028175,0.056514,0.029469,0.026067,0.028728,0.055026,0.042883
591,0.218210,0.041787,0.117842,0.101523,0.331527,0.117198,0.234880,0.158109
592,0.464047,-0.112424,0.125216,0.112782,0.782454,-0.013315,0.458876,0.302787
593,0.048911,-0.104464,-0.048683,-0.030001,0.119983,-0.057449,0.014055,0.001361
594,-0.072635,-0.058180,-0.067042,-0.085809,0.347987,0.322226,0.364073,0.333086
595,-0.105066,0.006491,-0.086097,-0.078941,-0.085066,0.034189,0.013382,0.033967
596,-0.180430,-0.153774,-0.167872,-0.147491,-0.307005,-0.236314,-0.195141,-0.121407
597,0.101407,0.094798,0.030348,0.031118,0.466751,0.382359,0.506038,0.393020
598,-0.070731,-0.022864,-0.069185,-0.045678,0.108565,0.133679,0.261109,0.217894
599,0.035936,0.019149,-0.003285,-0.030155,0.142997,0.128582,0.028220,0.000752
600,-0.214922,0.092387,-0.051823,-0.100903,-0.404518,-0.051869,-0.217269,-0.167662
601,-0.061271,-0.160148,-0.100373,-0.129709,-0.180392,-0.279398,-0.143898,-0.127074
602,-0.260869,0.018727,-0.102425,-0.123695,-0.439136,-0.098099,-0.216201,-0.142780
603,-0.238849,0.036156,-0.075283,-0.097823,-0.185951,0.130133,0.077822,0.092274
604,-0.199974,-0.035493,-0.099479,-0.103536,-0.340681,-0.132787,-0.151957,-0.089815
605,-0.229190,0.035670,-0.095113,-0.126502,-0.745163,-0.400041,-0.567867,-0.454678
606,-0.326458,0.008326,-0.118074,-0.142020,-0.486336,-0.092652,-0.239746,-0.157040
607,-0.222848,-0.006899,-0.076396,-0.126266,-0.875778,-0.547271,-0.909982,-0.825263
608,-0.264984,0.048544,-0.076420,-0.158208,-1.107540,-0.676882,-1.055790,-0.990825
609,-0.170897,-0.103901,-0.077337,-0.083527,-0.776592,-0.605506,-0.771749,-0.662951
610,-0.256010,-0.124612,-0.125519,-0.171975,-0.945917,-0.700131,-0.909919,-0.782549
611,-0.244230,0.022465,-0.115265,-0.129202,-1.138296,-0.762535,-0.889400,-0.712833
612,-0.236864,0.021103,-0.071828,-0.118383,-0.905349,-0.540257,-0.818932,-0.712578
613,-0.268745,-0.126250,-0.119721,-0.152981,-0.880228,-0.618275,-0.840268,-0.741417
614,-0.239167,-0.051074,-0.070533,-0.177886,-1.028159,-0.734056,-0.853597,-0.851269
615,-0.218433,-0.011344,-0.041418,-0.100706,-0.755610,-0.446807,-0.709478,-0.640517
616,-0.246587,-0.122523,-0.124238,-0.182772,-0.905818,-0.660843,-0.870813,-0.794242
617,-0.306592,-0.113666,-0.144334,-0.183774,-0.961675,-0.669257,-0.839352,-0.714318
618,-0.296757,-0.092602,-0.118139,-0.182952,-1.009889,-0.697820,-0.921666,-0.830374
619,0.040981,-0.126913,-0.024522,-0.028239,0.013032,-0.182313,-0.065138,-0.074798
620,-0.306110,-0.061833,-0.170187,-0.233189,-0.688567,-0.346922,-0.655353,-0.562604
621,-0.122532,-0.069537,-0.051867,-0.068295,-0.372905,-0.305060,-0.424501,-0.392747
622,-0.012895,-0.031373,-0.001018,-0.022095,-0.193966,-0.174489,-0.271450,-0.248973
623,-0.100784,0.133253,-0.000085,-0.047637,-0.097565,0.140301,0.025288,0.022419
624,-0.073446,0.091044,-0.059383,-0.086762,-0.044378,0.154493,-0.055742,-0.033085
625,-0.096213,-0.068534,-0.117242,-0.132730,-0.096649,-0.055380,-0.118083,-0.091365
626,-0.117921,-0.033984,-0.078551,-0.093945,-0.057570,-0.001133,0.010015,0.013051
627,-0.257755,0.186583,-0.024973,-0.125212,-1.193506,-0.668815,-0.937139,-0.821883
628,-0.507157,-0.010915,-0.201280,-0.248761,-1.942430,-1.437034,-1.166109,-1.138051
629,0.178852,0.085218,0.150280,0.118988,0.410350,0.223811,0.564708,0.397577
630,0.404855,0.067331,0.152954,0.131865,0.895386,0.350515,0.823119,0.598395
631,-0.295335,0.014447,-0.049957,-0.151094,-1.338089,-0.930817,-1.075215,-1.001315
632,-0.478745,-0.126520,-0.192447,-0.279196,-1.918975,-1.534398,-1.226225,-1.220006
633,-0.501080,-0.188857,-0.251965,-0.300570,-1.855427,-1.491165,-1.198696,-1.146700
634,-0.300319,-0.003486,-0.122257,-0.162423,-0.965076,-0.549461,-0.898414,-0.745337
635,-0.375128,0.107716,-0.094353,-0.139458,-1.513824,-0.969737,-1.065165,-0.931359
636,-0.375748,0.158073,-0.004979,-0.134367,-1.513677,-0.922009,-1.014257,-0.945896
637,-0.406618,-0.025888,-0.108613,-0.183210,-1.641024,-1.204003,-1.136513,-1.055222
638,-0.020086,-0.017387,-0.047271,-0.084277,-0.174049,-0.144038,-0.266409,-0.229463
639,0.421367,0.028340,0.164268,0.154170,0.735813,0.197024,0.568259,0.392052
640,0.002215,-0.009111,0.052073,0.052591,-0.214747,-0.218266,-0.069536,-0.148562
641,-0.065253,-0.043322,-0.006774,-0.027823,-0.543755,-0.428316,-0.593435,-0.474108
642,-0.281054,-0.140647,-0.120677,-0.137169,-0.941061,-0.690598,-0.824817,-0.666952
643,-0.177720,0.010366,-0.059797,-0.102829,-0.669984,-0.393638,-0.641479,-0.534080
644,-0.039742,0.012889,-0.003916,-0.026485,0.027609,0.100585,0.126558,0.083328
645,0.122448,0.058874,0.104403,0.100483,0.179900,0.097149,0.218929,0.184770
646,-0.063197,-0.064271,-0.042061,-0.042889,0.093126,0.071911,0.109481,0.077573
647,-0.131427,-0.020721,-0.081953,-0.081472,-0.091724,0.056792,-0.101110,-0.076866
648,-0.187571,-0.061211,-0.087112,-0.069343,-0.258927,-0.079955,-0.173334,-0.119895
649,0.034928,-0.200738,-0.001781,0.002399,-0.116620,-0.365061,-0.075127,-0.101608
650,-0.298612,-0.070977,-0.115203,-0.136939,-0.458729,-0.182035,-0.362341,-0.282229
651,-0.084305,0.083492,0.048086,0.002871,-0.233518,-0.003788,-0.157595,-0.119366
652,-0.212389,-0.016187,-0.125010,-0.122348,-0.146976,0.095279,-0.080709,-0.017205
653,-0.006455,0.102014,-0.012292,-0.005526,0.079402,0.203022,0.051869,0.093813
654,-0.110867,-0.008522,-0.072379,-0.081075,-0.016327,0.095402,-0.011802,-0.035006
655,0.036936,0.096719,0.062332,0.059224,0.076923,0.138299,0.138807,0.118028
656,0.093052,0.000085,0.044382,0.067379,0.155089,0.036351,0.156055,0.126371
657,0.083194,0.027400,0.053164,0.067398,0.208748,0.124423,0.231446,0.200193
658,0.170277,0.077402,0.112916,0.087555,0.284856,0.143350,0.369428,0.229996
659,0.223554,0.050691,0.107480,0.092826,0.229319,-0.042277,0.183020,0.072222
660,0.176337,0.084344,0.171141,0.144844,0.156415,-0.037229,0.307132,0.164109
661,-0.110524,-0.029730,0.002401,-0.138330,-0.182259,-0.102065,0.000476,-0.063142
662,0.001005,-0.026996,-0.024315,-0.015298,0.016428,-0.007918,-0.040436,-0.034003
663,0.055567,0.028913,-0.010213,-0.032728,0.052064,0.029489,-0.059047,-0.081192
664,-0.025648,0.084504,-0.005497,-0.006125,-0.090550,0.038321,-0.080191,-0.063298
665,0.195399,0.067935,0.054909,0.026128,0.426220,0.243978,0.321825,0.221416
666,0.445950,-0.045024,0.122907,0.124844,0.754209,0.120965,0.490554,0.340012
667,0.099362,-0.045667,0.016568,0.006440,0.142792,-0.071359,0.134795,0.045245
668,0.294729,-0.001189,0.149290,0.127736,0.438542,0.054028,0.388804,0.247163
669,-0.177799,-0.002586,-0.085545,-0.154358,-0.672396,-0.392404,-0.680731,-0.553129
670,-0.201207,0.161512,0.042006,-0.059214,-1.129938,-0.680019,-0.831017,-0.678767
671,-0.166083,0.081497,-0.022064,-0.122608,-1.108059,-0.763663,-0.889606,-0.747523
672,-0.294213,0.134754,-0.074581,-0.165848,-1.253415,-0.740133,-0.934344,-0.785226
673,-0.187354,0.158456,0.008708,-0.075911,-1.068559,-0.639338,-0.793504,-0.636349
674,-0.190523,0.120152,-0.037846,-0.116117,-1.010188,-0.605876,-0.768694,-0.615977
675,0.218962,0.026368,0.117517,0.112582,0.374553,0.117369,0.401123,0.288210
676,-0.161011,-0.123102,-0.146831,-0.193375,-0.964936,-0.816991,-0.893595,-0.729039
677,-0.267205,0.004971,-0.099620,-0.185526,-1.065613,-0.684306,-0.826251,-0.700833
678,-0.028289,0.053080,-0.052636,-0.073030,-0.354177,-0.180347,-0.492969,-0.352049
679,0.465483,0.041860,0.257715,0.190962,0.791152,0.187849,0.804962,0.495025
680,0.333927,-0.247202,-0.127651,-0.132638,-0.436455,-0.913332,-0.914110,-0.751224
681,-0.092856,-0.006887,-0.053539,-0.099774,-0.511379,-0.336894,-0.558560,-0.459209
682,-0.104337,0.069992,0.015989,-0.085721,-0.826782,-0.558114,-0.715559,-0.599454
683,-0.153470,0.053387,-0.082924,-0.171417,-1.035613,-0.718119,-0.904523,-0.780217
684,-0.128717,0.075814,0.063579,-0.023831,-0.781691,-0.518956,-0.607427,-0.484695
685,-0.180428,0.104885,-0.030294,-0.088092,-0.722002,-0.337574,-0.641074,-0.476124
686,-0.005813,-0.008550,-0.041548,-0.072375,-0.406674,-0.313561,-0.520582,-0.353409
687,0.004533,-0.052700,-0.055842,-0.054355,0.068163,0.002035,-0.037307,-0.054163
688,0.338320,0.036316,0.166823,0.134991,0.560280,0.060313,0.558255,0.346856
689,0.131082,0.134351,0.085079,0.054946,0.393455,0.338262,0.445905,0.315969
690,-0.137280,-0.037110,-0.094423,-0.120459,-0.290207,-0.110560,-0.358794,-0.277243
691,-0.056029,0.010541,-0.030021,-0.055952,-0.204618,-0.089263,-0.273113,-0.209752
692,0.186772,0.007418,0.061122,0.057540,0.193448,0.035183,0.106765,0.092594
693,0.074904,-0.035661,-0.050793,-0.073769,0.008684,-0.060336,-0.237992,-0.162866
694,-0.026514,0.122673,0.046493,0.021218,-0.249035,-0.064402,-0.222700,-0.152670
695,0.042878,0.001561,0.007319,-0.003915,-0.174176,-0.175181,-0.282803,-0.176033
696,0.185104,-0.106268,-0.002130,0.029104,0.184369,-0.105160,-0.088216,-0.013135
697,-0.089278,0.074099,-0.021122,-0.037847,-0.418505,-0.190598,-0.344386,-0.214550
698,-0.145406,-0.127475,-0.113771,-0.146920,-0.200691,-0.110702,-0.275567,-0.201825
699,0.081687,0.032468,0.023173,-0.025078,-0.175194,-0.150415,-0.337700,-0.220384
700,0.156087,0.051850,0.169151,0.134820,0.115585,-0.052931,0.305805,0.166152
701,0.030872,-0.050868,0.039383,0.017650,0.096874,0.012314,0.078777,0.041451
702,0.033259,0.053045,-0.005476,-0.000636,0.032245,0.004630,-0.010066,-0.004756
703,0.040082,0.046636,0.013805,0.006968,0.103176,0.085670,0.051632,0.044561
704,-0.147322,-0.222251,-0.075226,-0.031800,-0.065598,-0.100023,-0.080015,0.015732
705,-0.046830,-0.039801,0.007616,-0.009865,-0.006454,0.004941,0.002155,-0.002437
706,0.020529,-0.018340,0.004893,-0.002296,0.046149,0.001850,0.019826,0.006823
707,0.034762,-0.089596,0.001675,-0.000404,0.306751,0.191273,0.129909,0.091565
708,0.281108,0.118026,0.127203,0.047754,0.480305,0.303706,0.260759,0.087770
709,-0.042568,0.074997,0.008599,-0.004117,-0.023303,0.087112,0.012781,-0.019140
710,0.036918,-0.106150,0.002136,-0.004182,0.055560,-0.095584,0.009762,0.004484
711,-0.004329,0.050895,-0.011851,-0.001920,0.019767,0.046168,-0.013580,0.004774
712,0.096554,-0.135395,0.027850,0.003521,0.154975,-0.077254,0.081208,0.035125
713,-0.059242,0.006050,-0.027530,-0.008551,-0.003876,0.057271,-0.039903,-0.012185
714,-0.138189,0.024447,-0.053262,-0.010809,-0.032024,0.153241,-0.050995,0.000200
715,-0.109333,0.049503,-0.051126,-0.014234,-0.048851,0.110305,-0.054801,-0.007167
716,-0.069800,-0.015583,-0.024895,-0.020082,-0.058148,-0.025221,-0.044153,-0.024736
717,-0.151131,-0.151642,-0.112278,-0.077642,-0.294532,-0.282416,-0.203161,-0.150385
718,0.110818,0.033202,0.034496,-0.001269,0.256659,0.174195,0.127309,0.073695
719,-0.137819,-0.097438,-0.061793,-0.029276,-0.090966,-0.062608,-0.077946,-0.019705
720,0.023635,-0.041215,-0.014341,-0.008873,0.030823,-0.044607,-0.013691,-0.011218
721,0.004165,-0.056673,0.022519,0.011758,0.064536,0.037633,0.053571,0.042038
722,0.000800,-0.004086,-0.021237,-0.002017,0.000088,-0.004815,-0.047434,-0.024770
723,-0.081889,0.078431,-0.018200,-0.001260,-0.037312,0.110611,-0.014343,0.005582
724,0.046330,0.162764,0.012322,0.018275,0.197454,0.282377,0.113285,0.114264
725,0.007662,-0.116525,-0.012197,-0.002232,0.082959,-0.030947,0.019290,0.040861
726,-0.063361,-0.190763,-0.061838,-0.028436,0.113631,0.018376,0.004917,0.056080
727,0.153613,-0.077698,0.074860,0.022080,0.089333,-0.102623,0.098717,-0.005272
728,0.058985,-0.072440,0.014139,0.011692,0.079288,-0.045760,0.026073,0.023410
729,-0.059953,0.005721,-0.031990,-0.008073,0.005876,0.064108,-0.011367,0.017026
730,-0.066655,-0.046947,-0.041008,-0.017668,0.017637,0.034026,-0.017706,0.013597
731,-0.085879,-0.144407,-0.110116,-0.070158,-0.287704,-0.331382,-0.208884,-0.148593
732,-0.056020,0.002603,-0.049069,-0.009893,0.032609,0.098177,-0.028278,0.041304
733,-0.033478,-0.043443,-0.047710,-0.012917,0.056918,0.075797,-0.016266,0.024145
734,0.125979,-0.072273,0.012547,0.006176,0.266191,0.128927,0.067399,0.082190
735,-0.059239,-0.165334,-0.044525,-0.063695,-0.021434,-0.151819,-0.032684,-0.059228
736,0.040602,-0.162185,-0.001936,-0.025763,0.069258,-0.152880,0.034354,0.021972
737,-0.021650,-0.144927,-0.004696,-0.030095,0.040262,-0.104159,0.043270,0.019068
738,-0.040944,-0.018730,-0.006492,-0.005222,-0.021580,0.007762,-0.005070,0.006464
739,-0.022261,0.007882,0.022070,-0.003150,0.012837,0.041848,0.034750,0.002940
740,-0.112564,-0.012846,-0.083120,-0.042324,-0.077416,0.034724,-0.072609,-0.053652
741,0.037998,-0.160473,-0.037863,-0.030833,0.099917,-0.060927,-0.009265,-0.010170
742,-0.011504,-0.012714,-0.004165,-0.003336,0.009072,-0.001871,0.007434,0.015141
743,0.081309,0.030169,0.049983,0.018595,0.080379,0.040767,0.089406,0.046463
744,0.061077,0.012620,0.025492,-0.004158,0.027783,-0.029485,0.000741,-0.042755
745,0.010867,-0.022434,-0.006410,-0.010347,-0.025661,-0.074263,-0.037536,-0.041922
746,-0.046354,-0.012712,0.010553,0.002435,-0.000241,0.038407,0.031880,0.025799
747,0.012720,-0.035693,-0.015195,-0.009216,0.032189,-0.031714,0.002766,0.002750
748,0.164644,0.095929,0.078245,0.040963,0.231870,0.188819,0.150898,0.084828
749,-0.391576,-0.355787,-0.213934,-0.114714,-0.442100,-0.342626,-0.277803,-0.164350
750,-0.109796,-0.156868,-0.074038,-0.056123,-0.086508,-0.123888,-0.061368,-0.062916
751,0.112135,0.111969,0.056189,0.016019,0.226658,0.200224,0.189171,0.112931
752,0.182411,0.013152,0.103328,0.006143,0.125005,-0.126338,-0.000305,-0.037344
753,0.022359,-0.018234,0.023307,0.009400,0.082849,0.056695,0.026966,0.023666
754,-0.045403,-0.067098,-0.028730,-0.027061,-0.080740,-0.098972,-0.056692,-0.058203
755,0.272952,0.121056,0.155810,0.066056,0.280113,0.129055,0.165586,0.050133
756,0.125716,0.034005,0.068439,0.018375,0.070235,-0.005548,0.019191,-0.025155
757,-0.287354,-0.215803,-0.161153,-0.099181,-0.477664,-0.358587,-0.271640,-0.200472
758,-0.116410,-0.069999,-0.042639,-0.026274,-0.139249,-0.091689,-0.056404,-0.044090
759,-0.066360,-0.022737,-0.022233,-0.011593,-0.155248,-0.107595,-0.071130,-0.069855
760,0.013078,-0.040801,0.003405,-0.008937,-0.208780,-0.247580,-0.124078,-0.141473
761,-0.020178,-0.061201,0.014655,0.002385,-0.148894,-0.175479,-0.048448,-0.063516
762,-0.019613,-0.035467,-0.008651,-0.003271,-0.055231,-0.055366,-0.008051,-0.012616
763,-0.086235,-0.065097,-0.023006,0.002156,-0.036126,-0.014735,0.004294,0.031258
764,-0.025673,-0.103151,-0.012675,-0.019451,-0.031472,-0.095627,0.009111,-0.009153
765,-0.277299,-0.204855,-0.129866,-0.074004,-0.155529,-0.079553,-0.080946,-0.044633
766,-0.221977,-0.119609,-0.150334,-0.082516,-0.342500,-0.214915,-0.197773,-0.154809
767,-0.243744,-0.165514,-0.128652,-0.070828,-0.237249,-0.166744,-0.141072,-0.090204
768,0.008761,-0.003720,-0.015708,-0.016708,0.030628,-0.002643,0.026620,0.005826
769,0.082981,-0.156013,0.033166,0.009513,0.558977,0.383499,0.194507,0.138151
770,-0.246876,-0.066310,-0.126746,-0.073030,-0.287029,-0.087109,-0.121372,-0.102067
771,-0.081404,0.059686,-0.043471,-0.024988,-0.146132,-0.018886,-0.047430,-0.036571
772,-0.034783,-0.100311,0.021689,-0.011988,-0.168434,-0.199500,-0.014020,-0.066747
773,-0.286221,-0.178699,-0.131431,-0.083466,-0.410621,-0.261138,-0.160663,-0.152114
774,-0.333329,-0.158158,-0.155710,-0.086576,-0.453899,-0.256546,-0.188242,-0.138427
775,-0.405850,-0.195189,-0.203665,-0.103518,-0.514384,-0.279558,-0.235940,-0.166067
776,-0.353802,-0.158763,-0.158657,-0.087319,-0.492400,-0.269959,-0.188899,-0.146017
777,-0.343719,-0.193933,-0.153008,-0.096960,-0.441940,-0.252889,-0.160939,-0.147786
778,-0.384985,-0.269795,-0.178611,-0.104920,-0.571073,-0.402446,-0.245562,-0.189078
779,-0.389844,-0.262325,-0.158436,-0.092186,-0.457966,-0.304261,-0.167465,-0.134123
780,-0.280833,-0.127858,-0.129788,-0.068890,-0.338899,-0.191416,-0.139172,-0.092759
781,-0.339989,-0.185797,-0.172646,-0.086828,-0.445390,-0.267085,-0.190242,-0.139999
782,-0.360856,-0.207276,-0.168930,-0.083517,-0.410711,-0.232579,-0.173495,-0.120900
783,-0.242892,-0.141544,-0.142087,-0.067166,-0.445797,-0.307148,-0.186470,-0.145761
784,-0.402148,-0.243476,-0.175883,-0.090327,-0.418223,-0.218639,-0.182336,-0.127238
785,-0.166923,-0.124174,-0.084064,-0.069951,-0.414553,-0.330966,-0.149198,-0.152792
786,0.037735,0.089533,-0.000978,-0.025605,-0.114339,-0.089357,-0.027041,-0.097017
787,-0.274641,-0.215718,-0.141715,-0.074649,-0.306078,-0.218814,-0.147486,-0.105103
788,-0.331744,-0.128632,-0.139379,-0.103253,-0.456923,-0.196265,-0.155368,-0.164733
789,-0.146881,0.057660,-0.070039,-0.024111,-0.163071,0.048809,-0.069144,-0.039363
790,-0.148761,0.020636,-0.062091,-0.022515,-0.191927,-0.051930,-0.082279,-0.049731
791,-0.000594,0.008379,0.028041,0.004377,0.285277,0.329337,0.114159,0.078171
792,-0.075402,0.000997,-0.014772,-0.010687,-0.016624,0.051883,-0.002523,-0.008923
793,-0.045783,-0.069129,-0.023004,-0.020388,-0.018346,-0.052212,-0.006078,-0.018919
794,0.026484,0.065529,-0.007974,-0.005461,0.004108,0.011047,-0.000464,-0.015137
795,-0.070157,0.008091,-0.033745,-0.029040,-0.046409,0.033663,-0.021213,-0.033689
796,-0.006754,0.061137,0.006186,0.000150,-0.085207,-0.036060,-0.014884,-0.003232
797,0.027626,0.086341,0.020934,0.000669,-0.048883,-0.037438,0.001751,-0.001933
798,-0.056391,0.004966,-0.013424,-0.023726,-0.120606,-0.077618,-0.040153,-0.054195
799,0.126307,0.153374,0.022255,-0.010079,-0.053075,-0.078972,-0.033919,-0.064195
800,-0.069036,-0.016323,-0.023232,-0.025730,-0.127151,-0.080318,-0.034653,-0.042934
801,0.129939,0.151108,0.022548,0.044356,-0.055665,-0.016432,0.001657,-0.004231
802,-0.026183,0.015236,-0.056993,-0.007280,-0.114915,-0.064367,-0.058840,-0.021141
803,0.161343,0.234918,0.025658,0.045090,-0.022439,0.034738,-0.002812,0.009448
804,-0.155496,-0.155540,-0.065542,-0.030314,0.073722,0.086084,0.027209,0.047477
805,0.168809,0.200743,0.040193,0.040705,0.076384,0.104180,0.037204,0.031107
806,-0.064426,0.018057,-0.041216,-0.009856,0.233732,0.351252,0.197223,0.160078
807,0.211265,0.144111,0.093170,0.029080,0.201322,0.054165,0.069057,0.024288
808,-0.024741,0.008185,-0.011697,-0.002441,-0.025115,0.015918,-0.008391,0.026622
809,0.210182,0.194168,0.109737,0.037055,0.207604,0.094124,0.061360,0.050677
810,-0.096429,-0.065997,-0.010633,-0.046290,-0.215890,-0.201844,-0.091079,-0.124133
811,0.145509,-0.022346,0.032980,-0.024106,0.229704,0.047148,0.032101,-0.001049
812,0.001573,-0.047025,-0.035369,-0.022616,-0.225001,-0.269432,-0.129870,-0.117723
813,-0.005683,-0.013034,-0.016666,0.007839,-0.079979,-0.083814,-0.048898,-0.002275
814,-0.196595,-0.291355,-0.058781,-0.053872,-0.088571,-0.173163,-0.063164,-0.045865
815,-0.129370,-0.267611,-0.074849,-0.045505,0.108210,0.022518,-0.001265,-0.004804
816,-0.160733,-0.059192,-0.081177,-0.050775,-0.242979,-0.140691,-0.115499,-0.101285
817,-0.454158,-0.476698,-0.203544,-0.086503,-0.520029,-0.414305,-0.173079,-0.131156
818,-0.594147,-0.583157,-0.278155,-0.130539,-0.427313,-0.268797,-0.155793,-0.093309
819,-0.698424,-0.805851,-0.347738,-0.133666,-0.314954,-0.173508,-0.171300,-0.090800
820,-0.585123,-0.604517,-0.262439,-0.109561,-0.421975,-0.262708,-0.131346,-0.076099
821,-0.650365,-0.583261,-0.309744,-0.112291,-0.389002,-0.191824,-0.156303,-0.024484
822,-0.777845,-0.754189,-0.364242,-0.141460,-0.394924,-0.220492,-0.156325,-0.012630
823,-0.463594,-0.451982,-0.243368,-0.100979,-0.328329,-0.178501,-0.117137,-0.074049
824,-0.706275,-0.566696,-0.336104,-0.150781,-0.457153,-0.190128,-0.184828,-0.098382
825,-0.538635,-0.446845,-0.263988,-0.096929,-0.459352,-0.245864,-0.170729,-0.071570
826,-0.714119,-0.541076,-0.327310,-0.120250,-0.527385,-0.236177,-0.202734,-0.077146
827,-0.616746,-0.380025,-0.295199,-0.120670,-0.424563,-0.076753,-0.191044,-0.102259
828,-0.703958,-0.511746,-0.344827,-0.153786,-0.695470,-0.380344,-0.316935,-0.210486
829,-0.161615,-0.172097,-0.036980,-0.043809,0.037896,0.152372,0.096401,0.013449
830,0.189136,0.109631,0.073377,-0.004473,0.107325,-0.010810,0.034140,-0.047352
831,-0.300920,-0.192513,-0.126859,-0.047956,-0.218510,-0.049740,-0.078618,-0.014478
832,-0.196139,-0.184775,-0.074540,-0.059783,-0.106613,-0.001165,-0.004082,-0.066879
833,-0.107840,-0.053489,-0.054331,-0.008740,-0.094610,-0.026575,-0.038160,-0.006799
834,-0.011426,0.000837,-0.030752,-0.013145,0.011189,0.044182,-0.033542,-0.019218
835,-0.112240,-0.107082,-0.054171,-0.020172,-0.085328,-0.041326,-0.025258,-0.010809
836,-0.148108,-0.129763,-0.085072,-0.055527,-0.064878,0.029748,-0.009262,-0.035417
837,-0.121234,-0.035035,-0.058252,-0.010260,-0.048091,0.044134,-0.005159,0.013341
838,0.036885,-0.042577,-0.004096,-0.000656,0.074995,-0.015578,-0.023726,0.004924
839,-0.127766,-0.117478,-0.051530,-0.014130,-0.027305,0.001219,-0.002533,0.015672
840,-0.277852,-0.162298,-0.127777,-0.058326,-0.279793,-0.103481,-0.099198,-0.085239
841,-0.090806,-0.040485,-0.062324,-0.042143,-0.180475,-0.093004,-0.063883,-0.107498
842,-0.463483,-0.429095,-0.193378,-0.109875,-0.317158,-0.176928,-0.122698,-0.107901
843,0.321214,0.089986,0.135708,0.009650,0.391144,0.091945,0.123344,0.023917
844,-0.676697,-0.580315,-0.222745,-0.145617,-0.135247,0.093025,0.005394,-0.007425
845,-1.260108,-1.291759,-0.649469,-0.393009,-0.714445,-0.458709,-0.334204,-0.262895
846,-0.994810,-0.746505,-0.468366,-0.188615,-0.628246,-0.224044,-0.277225,-0.118384
847,-1.095207,-0.852069,-0.502787,-0.171019,-0.674672,-0.270181,-0.275229,-0.062166
848,-1.024700,-0.721353,-0.443762,-0.169197,-0.688526,-0.245578,-0.249115,-0.084158
849,-1.057498,-0.906658,-0.466521,-0.213193,-0.616239,-0.267027,-0.222520,-0.115907
850,-0.307897,-0.315365,-0.248246,-0.095651,-0.068007,0.004683,0.013093,-0.030203
851,-1.607022,-1.372945,-0.886583,-0.405661,-1.152838,-0.737134,-0.644017,-0.344996
852,-1.005051,-0.787144,-0.471003,-0.172668,-0.575486,-0.219728,-0.226544,-0.039784
853,-1.042759,-0.996041,-0.493186,-0.233703,-0.729967,-0.503020,-0.283473,-0.201248
854,-1.081593,-0.935551,-0.508416,-0.222554,-0.687488,-0.386256,-0.257907,-0.129831
855,-0.829574,-0.891201,-0.389083,-0.218619,-0.545156,-0.399103,-0.145418,-0.147657
856,-0.540534,-0.469524,-0.273508,-0.088380,-0.413668,-0.224779,-0.186818,-0.077952
857,0.043256,0.003097,0.004573,-0.005664,-0.026504,-0.085008,0.000360,-0.026975
858,0.072353,0.034595,0.028279,0.016851,0.099519,0.018621,0.023544,0.018104
859,0.158379,0.120654,0.075729,0.009461,0.019856,-0.079487,0.033228,-0.045260
860,-0.094892,-0.159152,-0.018575,-0.028510,-0.075834,-0.108223,-0.026541,-0.003872
861,0.051173,-0.004233,0.025072,-0.009811,-0.055976,-0.091136,-0.011021,-0.062468
862,-0.018762,0.026895,0.013124,-0.000300,0.006106,0.015364,0.014025,0.016834
863,0.085857,0.002336,0.003287,-0.013032,0.144051,0.012908,0.059539,-0.005496
864,0.046755,0.109304,0.033989,0.008586,0.042398,0.058106,0.037739,-0.017887
865,0.031499,0.053213,0.011918,0.001806,0.045263,0.066661,0.038599,-0.024276
866,-0.029934,0.000968,-0.019775,-0.013316,-0.038925,-0.028263,0.010088,-0.026033
867,-0.059128,0.055598,-0.008933,-0.016012,-0.108042,0.037074,0.033205,-0.060768
868,-0.146906,-0.029383,-0.065768,-0.036121,-0.167726,-0.045187,-0.016907,-0.063178
869,-0.227618,-0.155585,-0.101887,-0.037667,-0.157386,-0.042335,-0.005611,-0.033446
870,-0.288208,-0.168396,-0.125831,-0.064498,-0.201491,-0.078721,-0.044239,-0.065892
871,-0.199663,-0.148305,-0.103269,-0.046620,-0.112860,-0.014716,-0.022791,-0.034193
872,-0.288553,-0.114560,-0.121140,-0.055357,-0.164352,0.030203,-0.032107,-0.044148
873,-0.005508,0.051183,-0.016597,-0.030990,-0.140792,-0.085968,-0.052582,-0.108010
874,-0.131791,-0.114342,-0.080301,-0.039506,-0.238025,-0.189209,-0.111670,-0.105473
875,-0.214604,-0.249734,-0.133993,-0.121192,-0.149498,-0.110523,-0.067057,-0.192108
876,0.023997,0.045677,0.034891,0.017000,-0.054376,-0.089916,-0.022467,-0.009267
877,-0.105216,-0.034408,-0.013994,-0.011436,-0.074331,-0.031651,-0.021793,-0.027350
878,0.153447,0.084527,0.025961,-0.018606,-0.031799,-0.139860,-0.073933,-0.105842
879,0.145689,0.175752,0.079369,0.028993,-0.012392,-0.006411,-0.007936,-0.038562
880,0.106081,0.136300,0.038073,0.009414,-0.009111,-0.026196,-0.033966,-0.064739
881,0.122099,0.057749,0.009577,-0.019920,-0.248699,-0.265620,-0.107646,-0.186825
882,-0.135323,-0.140104,-0.050616,-0.054228,-0.249418,-0.263446,-0.143413,-0.133380
883,-0.046109,-0.054430,0.003227,-0.028831,0.231422,0.180897,0.070671,0.065278
884,-0.078639,-0.071880,-0.034987,-0.036778,0.057877,0.021540,0.013813,0.006373
885,-0.185212,-0.055856,-0.048506,-0.039191,0.002055,0.078424,-0.019228,0.001211
886,0.139640,0.052360,0.020020,-0.022169,-0.128538,-0.198117,-0.071405,-0.173917
887,0.071557,0.146529,0.035037,0.035836,-0.093404,-0.010929,0.003020,-0.008123
888,0.116252,0.118543,0.035301,0.018577,0.043336,0.015461,0.014982,0.018804
889,-0.024232,0.008267,0.002728,-0.012578,-0.212244,-0.193805,-0.078454,-0.095896
890,0.132933,0.101900,0.057471,0.040137,0.150953,0.079066,0.070002,0.075655
891,0.154586,0.182765,0.070844,0.050882,-0.019072,0.013373,0.025295,0.009109
892,-0.040282,0.026764,-0.010105,-0.032430,0.070901,0.078032,0.041151,0.007504
893,0.148598,0.130295,0.040168,-0.016358,0.043731,-0.012476,0.001729,-0.102883
894,0.185836,0.187921,0.091215,0.014030,0.054076,0.057991,0.038542,-0.044173
895,0.161503,0.066497,0.033652,0.009993,-0.026110,-0.125633,-0.032009,-0.051218
896,-0.038176,-0.126294,-0.050325,-0.009338,-0.086862,-0.134063,-0.072732,-0.017966
897,-0.095633,0.041522,-0.010815,-0.022317,0.146015,0.228915,0.095135,0.082632
898,-0.140985,-0.077975,-0.022034,-0.049301,0.002901,0.023067,0.018818,0.007645
899,-0.184112,-0.132082,-0.059338,-0.026118,-0.031540,0.017162,0.019740,0.035910
900,-0.422745,-0.506114,-0.131744,-0.067068,-0.011828,-0.069306,-0.061870,0.008198
901,-0.027498,0.032087,-0.002161,-0.021729,-0.045661,0.013800,0.003366,-0.029305
902,-0.303438,-0.256177,-0.142139,-0.072169,-0.313370,-0.266303,-0.207551,-0.120317
903,-0.577882,-0.489781,-0.257728,-0.117970,-0.486685,-0.389579,-0.319155,-0.151999
904,-0.827654,-0.795244,-0.408362,-0.204919,-0.481102,-0.388242,-0.395152,-0.177228
905,-0.784383,-0.889899,-0.365383,-0.157787,-0.450022,-0.460039,-0.380547,-0.158250
906,-0.806839,-0.764768,-0.379462,-0.167603,-0.414875,-0.332899,-0.375575,-0.115898
907,-0.755538,-0.659159,-0.339899,-0.119445,-0.339820,-0.280511,-0.305621,-0.023294
908,-0.763148,-0.694288,-0.306149,-0.124536,-0.443512,-0.333119,-0.319593,-0.085719
909,-0.378579,-0.331272,-0.149153,-0.070703,-0.361582,-0.306245,-0.210186,-0.114986
910,-0.830226,-0.656061,-0.348054,-0.114502,-0.549665,-0.356341,-0.381131,-0.096584
911,-0.858342,-0.681949,-0.361907,-0.119339,-0.419293,-0.263429,-0.323856,-0.027788
912,-0.816732,-0.719080,-0.337345,-0.119422,-0.456982,-0.366220,-0.348597,-0.050017
913,-0.489273,-0.528275,-0.262246,-0.053720,-0.262026,-0.285753,-0.258174,-0.025118
914,-0.772387,-0.758737,-0.327888,-0.121047,-0.528780,-0.459376,-0.373080,-0.118628
915,-0.017065,0.253297,0.023870,-0.010995,0.061727,0.364883,0.102114,0.030021
916,-0.366963,-0.376964,-0.113542,-0.103705,-0.516521,-0.486066,-0.204787,-0.217330
917,0.017946,-0.010527,0.007865,-0.072844,0.150123,0.113650,0.018873,-0.055755
918,-0.258492,-0.247357,-0.091968,-0.031488,-0.174133,-0.172274,-0.103781,-0.019207
919,-0.410916,-0.441097,-0.254564,-0.052083,0.833071,0.855388,0.203214,0.376315
920,-0.822682,-0.704705,-0.380603,-0.207200,-0.547124,-0.433499,-0.371003,-0.162907
921,-0.110965,-0.136270,-0.040886,-0.010127,-0.310500,-0.297807,-0.111347,-0.115576
922,0.129245,0.141755,0.063189,0.023767,-0.091827,-0.085732,0.019987,-0.031741
923,-0.300614,-0.200613,-0.150574,-0.047432,-0.103050,-0.056971,-0.111681,0.027586
924,0.094190,0.092407,0.034799,0.028703,-0.132882,-0.124773,-0.032526,-0.065829
925,-0.052285,0.010513,-0.085809,-0.009152,-0.123679,-0.046697,-0.095701,-0.002232
926,0.192014,0.165293,0.056199,0.014721,0.023171,0.007077,0.024537,-0.024680
927,0.177547,0.209157,0.101213,-0.017652,-0.085685,-0.096925,0.008018,-0.138370
928,0.340946,0.308083,0.078751,0.078102,-0.063044,-0.076944,-0.002626,-0.031495
929,0.247559,0.311489,0.049169,0.010482,-0.264716,-0.207870,-0.102415,-0.156753
930,-0.138583,-0.019247,-0.065604,-0.036586,0.183290,0.211904,0.021389,0.077555
931,0.039071,0.035994,-0.016534,0.018302,0.031661,-0.000508,-0.007260,0.031419
932,-0.450107,-0.287795,-0.214933,-0.040092,-0.127915,0.004738,-0.035560,0.146918
933,-0.109910,-0.075927,-0.092752,-0.031946,-0.059868,-0.029935,-0.068733,-0.005831
934,0.039492,0.031234,0.011580,-0.026990,-0.014865,-0.029361,-0.001954,-0.063598
935,-0.169580,-0.111693,-0.109081,-0.034989,-0.085497,-0.063253,-0.084279,-0.011280
936,0.218906,0.238144,0.059593,0.017745,-0.043472,-0.002804,-0.005630,-0.112473
937,0.022285,0.077391,0.013135,-0.035098,0.041334,0.076426,0.017736,-0.046548
938,-0.060139,-0.040359,-0.091693,-0.064595,-0.336345,-0.308468,-0.201468,-0.177853
939,-0.146300,-0.127666,-0.092283,-0.021021,0.014760,0.019897,-0.030470,0.031367
940,-0.024299,0.082175,-0.016222,0.000526,0.080621,0.157114,0.031206,0.052907
941,0.112089,0.132460,-0.031260,-0.026655,-0.277442,-0.244251,-0.187780,-0.161827
942,-0.265010,-0.121246,-0.093190,-0.035400,-0.029151,0.073684,-0.007198,0.079460
943,-0.144322,-0.092024,-0.088011,-0.026719,0.010693,0.014671,-0.026117,0.090664
944,-0.183156,-0.160037,-0.085671,-0.055866,-0.117789,-0.117439,-0.059526,-0.002151
945,0.094305,0.039694,0.020938,0.034028,0.019136,-0.050120,0.022822,0.038484
946,-0.248875,-0.034700,-0.159791,0.010015,0.275887,0.406750,0.024395,0.244615
947,-0.063408,-0.076971,-0.058188,-0.002091,-0.179683,-0.157068,-0.115238,-0.041371
948,-0.001849,0.029003,0.033509,0.003971,0.037215,0.034036,0.031470,0.020291
949,-0.060753,0.004161,-0.013124,0.015987,0.255999,0.284666,0.104021,0.137420
950,-0.091867,-0.079638,-0.063989,-0.008740,0.167159,0.158634,0.014476,0.085207
951,-0.124009,-0.033934,-0.085893,-0.028698,0.154770,0.178635,-0.027038,0.075299
952,0.055461,0.059090,-0.000119,-0.011660,0.185036,0.136646,0.045657,0.022453
953,-0.012615,0.011097,-0.019265,-0.024881,0.165426,0.162128,0.049712,0.016245
954,-0.027331,0.094760,0.002895,0.031510,0.237725,0.313447,0.120210,0.134216
955,-0.141756,0.015355,-0.035881,0.052731,0.146355,0.274947,0.112135,0.209446
956,-0.065474,0.053161,0.008911,0.040488,0.291210,0.375120,0.174615,0.198208
957,-0.198215,-0.179541,-0.055120,0.003890,-0.131860,-0.118709,-0.036803,0.071235
958,-0.227017,-0.355247,-0.055919,-0.040888,-0.664108,-0.649631,-0.208574,-0.184929
959,-0.238486,-0.421850,-0.129144,-0.106975,-0.755894,-0.777111,-0.318404,-0.335032
960,-0.087212,-0.327520,-0.067860,-0.024076,-0.056602,-0.239052,-0.077301,-0.084229
961,-0.275567,-0.419642,-0.048938,-0.053907,-0.876461,-0.791240,-0.272678,-0.271770
962,-0.232812,-0.341011,0.002717,-0.076875,-1.008438,-0.888053,-0.290513,-0.388485
963,-0.058207,-0.075314,0.046130,-0.006407,-0.510885,-0.461533,-0.082607,-0.119015
964,0.396441,0.414878,0.281012,0.087739,-0.610089,-0.502325,-0.209858,-0.381950
965,0.018442,-0.005104,0.030957,-0.031234,-0.094014,-0.115129,0.008373,-0.074100
966,-0.524844,-0.469335,-0.085201,-0.108136,-1.167123,-0.929822,-0.258375,-0.279922
967,-0.232333,-0.341584,-0.009902,-0.053619,-0.916345,-0.805840,-0.253492,-0.267910
968,-0.209517,-0.274050,0.003180,-0.054245,-0.977456,-0.831251,-0.267313,-0.294611
969,-0.147251,-0.191727,0.007936,-0.024171,-0.773647,-0.673411,-0.225932,-0.232586
970,-0.133790,-0.205817,-0.022628,-0.016162,-0.516404,-0.491254,-0.169207,-0.144620
971,-0.297074,-0.319717,-0.033590,-0.014303,-0.755969,-0.651270,-0.199392,-0.158033
972,-0.194009,-0.261310,-0.032565,-0.029164,-0.836899,-0.747037,-0.276074,-0.263305
973,-0.513978,-0.432029,-0.088353,-0.034738,-0.876170,-0.672170,-0.185644,-0.114834
974,0.089672,-0.003267,0.062508,0.012908,-0.437210,-0.470089,-0.099806,-0.132322
975,-0.128434,-0.194345,-0.072219,-0.060222,-0.468209,-0.466335,-0.184637,-0.142499
976,0.109273,0.049757,0.131768,0.002265,-0.944186,-0.827795,-0.291305,-0.398702
977,-0.013112,-0.042612,0.008606,0.004013,-0.166819,-0.187632,-0.061779,-0.044240
978,0.214541,0.182881,0.148296,0.049156,-0.246559,-0.238726,-0.050920,-0.137752
979,0.069486,0.004674,0.007274,-0.025493,0.145710,0.072461,0.027521,-0.022490
980,-0.035770,-0.157019,-0.054601,-0.095095,-0.254219,-0.297527,-0.102673,-0.190590
981,-0.107841,-0.180154,-0.031682,-0.017106,-0.324474,-0.323339,-0.109146,-0.080132
982,-0.385856,-0.489017,-0.102560,-0.128456,-1.099332,-0.941911,-0.343518,-0.404073
983,-0.488855,-0.533488,-0.108566,-0.164650,-1.257666,-1.022766,-0.357249,-0.474276
984,-0.372979,-0.439423,-0.058609,-0.106983,-1.162541,-0.964479,-0.315829,-0.400024
985,-0.509789,-0.554350,-0.121685,-0.146905,-1.222840,-0.997068,-0.357497,-0.419211
986,-0.775760,-0.682670,-0.224963,-0.323454,-1.784494,-1.392303,-0.494785,-0.688179
987,-0.294141,-0.377370,-0.039758,-0.090296,-1.085731,-0.923921,-0.294377,-0.380006
988,-0.398122,-0.450663,-0.056065,-0.098738,-1.132868,-0.918536,-0.305655,-0.380074
989,-0.381019,-0.408197,-0.059791,-0.127646,-1.216240,-0.969490,-0.325031,-0.442833
990,-0.064263,-0.127717,0.085011,-0.086757,-1.204958,-0.999755,-0.318141,-0.557168
991,0.004074,-0.070247,0.015424,-0.051886,-0.203717,-0.229343,-0.051298,-0.153655
992,-0.227581,-0.284370,-0.023229,-0.093132,-0.882118,-0.743506,-0.210077,-0.308687
993,-0.266052,-0.348936,-0.029529,-0.077348,-1.005318,-0.839375,-0.262785,-0.344916
994,-0.159458,-0.254898,0.000509,-0.061303,-0.889076,-0.774713,-0.239156,-0.307415
995,-0.199192,-0.293438,-0.032358,-0.107386,-0.848262,-0.724385,-0.205678,-0.339878
996,-0.176065,-0.282812,-0.043028,-0.105626,-0.688466,-0.612614,-0.187158,-0.300753
997,-0.036963,-0.132747,-0.012691,0.002270,-0.110726,-0.188731,-0.033758,-0.014776
998,-0.174764,-0.333766,-0.042845,-0.083650,-0.850638,-0.791381,-0.262239,-0.323704
999,-0.191381,-0.306505,-0.036533,-0.071959,-0.741994,-0.683073,-0.223935,-0.274174
1000,-0.036067,-0.159009,-0.019116,-0.016568,-0.352681,-0.398652,-0.122201,-0.113850
1001,-0.096539,-0.182551,-0.035944,-0.011396,-0.439640,-0.445135,-0.161465,-0.126956
1002,-0.071707,-0.159657,-0.025057,-0.035393,-0.440638,-0.437147,-0.151166,-0.165203
1003,-0.033932,-0.128795,0.040055,-0.031096,-0.530848,-0.511008,-0.134265,-0.216170
1004,-0.027533,-0.114064,0.050735,-0.087252,-1.072804,-0.911138,-0.304318,-0.492343
1005,0.050507,-0.035591,0.038232,-0.020285,-0.342298,-0.356461,-0.099089,-0.171087
1006,-0.018040,0.007586,-0.017336,0.014175,0.183624,0.167765,0.071682,0.094818
1007,-0.170771,-0.168142,-0.079775,-0.032938,-0.354434,-0.325662,-0.149768,-0.118245
1008,-0.124345,-0.149312,-0.063684,-0.026594,-0.234024,-0.229210,-0.094557,-0.072250
1009,-0.315919,-0.362609,-0.173497,-0.029803,-0.021606,-0.145614,-0.101510,-0.004051
1010,-0.311155,-0.226618,-0.148562,-0.005089,-0.321376,-0.250620,-0.158305,-0.017479
1011,-0.394310,-0.334975,-0.201802,-0.021534,-0.374812,-0.321212,-0.196597,-0.033951
1012,-0.259470,-0.164898,-0.099339,-0.008489,-0.245291,-0.166876,-0.090218,-0.025460
1013,-0.656902,-0.468600,-0.265572,-0.068619,-0.669674,-0.467360,-0.281534,-0.129893
1014,-0.622266,-0.448020,-0.252489,-0.052848,-0.423520,-0.287117,-0.183337,-0.014006
1015,-0.540213,-0.426189,-0.201747,-0.046274,-0.428858,-0.305107,-0.152061,-0.030263
1016,-0.583066,-0.496130,-0.252707,-0.060049,-0.434288,-0.333314,-0.184916,-0.037449
1017,-0.352907,-0.208895,-0.196818,-0.025963,-0.353828,-0.243500,-0.198685,-0.070403
1018,-0.383908,-0.505664,-0.204217,-0.044604,-0.275418,-0.454873,-0.133281,-0.055228
1019,-0.613877,-0.445920,-0.196993,-0.061773,-0.560093,-0.407970,-0.200603,-0.128759
1020,-0.548393,-0.532243,-0.197413,-0.072139,-0.413402,-0.398869,-0.142897,-0.097989
1021,-0.552472,-0.305648,-0.262242,-0.136466,0.186348,0.328043,0.041168,0.124439
1022,-0.026276,-0.044507,-0.027542,-0.016706,-0.048086,-0.090675,-0.051157,-0.051949
1023,-0.096271,0.002413,-0.025876,0.020699,0.116181,0.144013,0.027221,0.075597
1024,-0.070849,-0.055202,-0.030746,-0.022748,-0.051621,-0.057665,-0.017937,-0.033033
1025,0.211793,0.176678,0.084602,0.023282,0.217503,0.108129,0.056359,0.007961
1026,-0.050331,0.063797,0.021978,0.010603,-0.038431,0.046429,0.002173,-0.008452
1027,-0.086332,-0.399177,-0.182222,-0.044658,1.023141,0.585278,0.155341,0.278831
1028,0.063749,-0.079287,-0.013219,-0.025760,0.031176,-0.086183,0.006227,-0.017604
1029,0.045616,-0.035156,-0.014014,-0.004971,-0.034210,-0.067960,-0.001729,0.019382
1030,-0.184719,-0.264852,-0.083363,-0.048384,0.144244,0.045010,0.006212,0.053720
1031,0.106635,-0.065887,-0.009724,-0.025143,0.020889,-0.098755,-0.009555,-0.014190
1032,0.135557,0.056985,0.000373,-0.026829,-0.318883,-0.356460,-0.132215,-0.179254
1033,-0.074914,-0.076607,-0.031075,-0.050356,-0.244334,-0.235909,-0.078043,-0.118375
1034,0.016560,-0.099660,-0.056507,-0.040986,0.014328,-0.090353,-0.018394,-0.004089
1035,0.069090,-0.046331,-0.025482,-0.045731,-0.194786,-0.288643,-0.105558,-0.125300
1036,-0.078153,-0.020019,-0.089691,-0.068527,-0.035373,-0.024396,-0.042878,-0.042015
1037,-0.132896,-0.126158,-0.126830,-0.080298,-0.116485,-0.109492,-0.099618,-0.059775
1038,-0.230427,-0.167877,-0.118329,-0.081080,-0.254277,-0.169714,-0.075964,-0.055976
1039,-0.210421,-0.146986,-0.115412,-0.084291,-0.254499,-0.164166,-0.075894,-0.061074
1040,-0.202861,-0.045451,-0.048295,-0.023338,0.085922,0.156915,0.082757,0.081115
1041,0.164557,0.048408,0.051259,-0.006728,-0.271224,-0.304337,-0.137007,-0.217884
1042,0.031687,-0.179531,-0.050859,-0.024346,0.787850,0.399151,0.114789,0.148927
1043,0.096330,-0.026823,-0.015222,-0.015799,0.039873,-0.102346,-0.040782,-0.049594
1044,0.110131,-0.027185,-0.004453,-0.007992,0.157004,0.005209,0.019513,0.009801
1045,0.058982,0.003735,0.004965,-0.000301,0.066749,-0.015191,0.006167,-0.011516
1046,-0.043044,0.104401,0.048095,0.010050,-0.061409,0.036980,0.011814,-0.038412
1047,0.050698,0.061038,0.012821,-0.000414,-0.048352,-0.035109,-0.007269,-0.043639
1048,0.008547,0.023677,-0.007254,0.003471,0.124475,0.058582,0.014481,0.004759
1049,-0.009725,0.024865,0.010738,0.009424,-0.052532,0.006988,0.048456,0.014635
1050,0.084462,0.162953,0.092111,0.028611,0.453460,0.455096,0.262672,0.117211
1051,-0.223581,0.067920,0.012774,-0.028194,-0.226413,0.026801,0.001077,-0.060670
1052,-0.422751,0.017322,-0.013967,-0.037251,-0.539610,-0.069934,-0.062869,-0.090378
1053,-0.074785,-0.057473,-0.023011,-0.012717,-0.019559,-0.044786,-0.013469,0.001650
1054,-0.007513,-0.044032,-0.047392,-0.009207,0.133060,0.043775,-0.024710,0.030287
1055,0.011461,0.022099,0.024101,-0.012799,0.209428,0.153171,0.119308,0.052211
1056,0.043845,-0.036019,0.069670,-0.009432,0.270447,0.139230,0.123121,0.036397
1057,0.171963,-0.018613,-0.014013,-0.012945,0.173170,-0.041738,-0.016333,-0.034574
1058,-0.170254,-0.026618,-0.042051,-0.023800,-0.140637,-0.015636,-0.062524,-0.033669
1059,-0.019102,-0.029033,0.002527,-0.010026,0.049782,0.013355,0.010097,-0.007705
1060,0.035339,-0.023615,-0.006306,-0.010601,0.091618,0.024617,0.017209,0.009147
1061,0.117797,0.012938,-0.008325,-0.015031,-0.093840,-0.179285,-0.095164,-0.116568
1062,-0.010596,-0.006459,-0.017313,-0.014513,-0.003987,-0.012208,-0.008118,-0.023498
1063,-0.021923,0.096719,0.086847,0.035716,0.224451,0.247182,0.167267,0.071296
1064,-0.200212,-0.042109,0.020487,-0.007580,-0.263355,-0.093075,-0.016066,-0.044185
1065,-0.294966,-0.468079,-0.133387,-0.082671,0.700809,0.247219,0.104301,0.103579
1066,-0.280502,-0.010084,0.000735,-0.017979,-0.212662,-0.003361,0.022300,-0.003227
1067,-0.049139,0.009633,0.012295,-0.000347,0.030483,0.043498,0.062928,0.045630
1068,-0.206454,-0.050961,0.000958,-0.002416,-0.114204,0.020457,0.029098,0.033634
1069,-0.010127,0.042650,0.075349,0.027966,0.170980,0.143919,0.137342,0.062704
1070,0.059229,0.033287,0.021315,0.013657,0.163122,0.050810,0.074957,0.049507
1071,-0.005024,-0.016699,0.006668,0.007414,0.035341,-0.000392,0.032136,0.034932
1072,-0.000875,-0.030013,0.025274,0.000004,0.124404,0.040895,0.061452,0.023660
1073,-0.131102,0.017885,0.028593,-0.012477,0.005341,0.102962,0.084487,0.027810
1074,-0.258110,-0.072380,-0.049696,-0.027644,-0.046671,0.048913,-0.003368,0.022078
1075,-0.192705,0.075813,0.025528,-0.016084,-0.324649,-0.063504,-0.028718,-0.068867
1076,-0.216312,0.132525,0.039262,0.001413,-0.464957,-0.070647,-0.037235,-0.077514
1077,-0.073311,0.090207,0.026291,0.008989,-0.251389,-0.039350,-0.015060,-0.036567
1078,-0.602426,0.071562,0.054508,-0.012661,-0.092882,0.359938,0.224008,0.069145
1079,-0.200145,0.053038,0.027292,-0.003407,-0.238649,0.016870,0.038723,-0.001057
1080,-0.075929,0.117444,0.026219,-0.010555,-0.260395,-0.042592,-0.025095,-0.060717
1081,-0.113440,0.122248,0.055610,0.005063,-0.277148,0.002395,0.029642,-0.026542
1082,-0.129926,0.124213,0.056495,0.010020,-0.159989,0.027273,0.031935,-0.017035
1083,0.345428,0.129347,0.043825,0.016395,0.395312,-0.038095,0.005807,-0.046381
1084,0.015043,-0.171304,-0.049980,-0.012558,0.425326,0.149981,0.052957,0.088751
1085,-0.142634,0.046598,0.001016,-0.014638,-0.248387,-0.059733,-0.060676,-0.092193
1086,-0.216803,-0.036901,-0.006798,-0.016006,-0.124864,0.036631,0.011680,-0.001943
1087,-0.122216,-0.055638,0.023127,-0.000849,-0.164989,-0.099807,-0.015436,-0.029315
1088,0.061465,0.014953,0.012580,-0.007434,0.020112,-0.013829,-0.003052,-0.025098
1089,0.359996,0.076427,-0.038543,-0.025669,0.229032,-0.076774,-0.065159,-0.069890
1090,-0.821054,0.009665,0.054184,-0.040056,-0.826373,-0.068988,-0.038578,-0.129074
1091,-1.001816,-0.050726,0.058284,-0.077221,-0.932479,-0.051858,-0.004630,-0.151983
1092,-0.713903,-0.032049,0.017888,-0.040591,-0.748431,-0.110504,-0.066619,-0.112487
1093,0.357025,-0.098769,-0.036779,0.007227,0.507054,0.026450,0.010498,0.057279
1094,0.076961,0.036624,-0.001991,-0.009438,0.047604,0.034988,0.003740,-0.014431
1095,0.064125,-0.026281,-0.016866,-0.011491,0.091618,-0.009632,-0.008965,-0.009593
1096,0.120088,-0.046592,-0.018351,-0.006985,0.111329,-0.029887,-0.020691,-0.020898
1097,0.065141,0.037843,0.023103,-0.004116,0.117237,0.061528,0.036415,0.008706
1098,0.047642,-0.010529,-0.003160,-0.004192,0.074357,-0.012057,0.000672,-0.005680
1099,-0.105135,0.031888,0.015981,-0.004825,-0.174918,-0.037650,-0.010046,-0.033881
1100,0.052993,0.140947,0.020746,-0.018686,-0.073109,0.022786,-0.007268,-0.069988
1101,0.003496,0.045201,0.014345,0.000378,-0.026798,0.014678,0.003016,-0.014524
1102,-0.058456,-0.011278,-0.010019,-0.013177,-0.090153,-0.029659,-0.028900,-0.033803
1103,-0.015532,0.003435,0.008555,-0.010201,0.014495,0.032931,0.032821,0.000878
1104,0.018113,0.001423,0.017751,0.002079,0.073195,0.055164,0.049163,0.024044
1105,-0.026950,-0.008958,-0.017029,-0.012471,-0.070411,-0.051205,-0.045934,-0.038783
1106,0.061470,0.019200,-0.001235,-0.006351,0.069112,0.019921,-0.003167,-0.007678
1107,0.009209,0.030005,0.003991,-0.003751,0.013521,0.025028,0.006633,-0.004397
1108,-0.028702,0.015820,0.002397,0.005068,-0.028140,0.010216,-0.010819,-0.005121
1109,0.015906,-0.026855,0.003318,-0.007011,0.015360,-0.006511,-0.002239,-0.008679
1110,0.062454,-0.199274,0.010360,0.015027,0.047388,-0.248206,0.005387,0.025450
1111,-0.019624,-0.055433,0.008842,0.012047,0.013250,0.059896,0.022548,0.019041
1112,0.047420,0.437132,0.067012,0.059200,0.007998,0.381613,0.021610,0.019746
1113,-0.059251,0.090312,-0.022452,-0.002115,-0.051758,0.098196,-0.029025,0.005980
1114,-0.057158,-0.006289,-0.033587,-0.010165,-0.043481,0.013634,-0.028503,0.005224
1115,-0.005303,-0.075928,0.004406,0.006230,-0.007732,-0.101902,-0.010380,0.006814
1116,-0.056284,0.281269,0.000933,0.006953,-0.037945,0.335422,-0.018036,0.001883
1117,0.037829,-0.172272,-0.005058,-0.016486,0.024352,-0.248091,-0.013907,-0.025716
1118,-0.034661,0.049589,-0.006432,0.000556,-0.018934,0.103316,-0.003924,0.005541
1119,0.041439,-0.184112,-0.004619,-0.024084,0.026971,-0.241124,-0.015799,-0.028844
1120,-0.001016,0.022862,0.005364,-0.009420,0.006030,0.014990,-0.000740,-0.010369
1121,0.019844,-0.099685,-0.018046,-0.028456,0.032113,-0.120776,-0.009959,-0.007572
1122,0.054646,-0.203609,-0.003419,-0.011402,0.033939,-0.279109,-0.010054,-0.025955
1123,-0.001604,-0.015199,-0.014921,-0.023955,-0.007775,-0.025034,-0.023058,-0.034762
1124,-0.080555,0.251052,-0.031190,-0.018432,-0.058377,0.319192,-0.018975,-0.010406
1125,0.019055,-0.118986,-0.056909,-0.057185,0.030082,-0.111178,-0.013815,-0.022912
1126,-0.019984,0.149214,-0.016753,-0.006548,-0.021650,0.125169,-0.017814,-0.007432
1127,-0.036481,-0.187722,-0.030876,-0.034956,-0.019862,-0.160140,-0.013778,-0.028512
1128,0.058653,-0.252192,-0.005466,-0.016313,0.035854,-0.389883,-0.016222,-0.027248
1129,-0.088477,0.281588,-0.027185,0.021126,-0.059845,0.393438,-0.014306,0.027387
1130,-0.067810,-0.753208,-0.008690,0.015907,0.006982,-0.766979,0.210923,0.162842
1131,0.038046,0.015562,0.015434,0.035187,0.024821,-0.000011,0.031674,0.012595
1132,0.019903,0.335584,0.013178,0.025964,-0.026907,0.192841,-0.023303,-0.020851
1133,0.050643,0.031606,-0.006593,-0.016364,0.036025,-0.014813,-0.006329,-0.022311
1134,0.164884,-0.450459,0.000913,-0.045882,0.097987,-0.687931,-0.019446,-0.063855
1135,0.040239,-0.032025,-0.011833,-0.030932,0.031189,-0.070064,-0.012962,-0.035558
1136,0.090905,-0.076423,0.036560,-0.009101,0.058758,-0.180068,0.013745,-0.029061
1137,0.054616,0.017543,0.028250,-0.001917,0.042456,-0.044627,0.019135,-0.011092
1138,-0.059107,-0.048885,-0.045440,-0.038331,-0.056858,-0.061684,-0.031455,-0.037923
1139,-0.076521,-0.211958,-0.057898,-0.043362,-0.061527,-0.150628,-0.053667,-0.039705
1140,-0.188844,-0.494093,-0.172545,-0.221895,-0.088797,-0.236187,-0.076035,-0.182079
1141,-0.010334,0.081240,0.038884,0.032170,-0.024036,0.068323,0.006024,0.010497
1142,-0.045179,-0.158856,-0.011039,-0.007376,-0.055671,-0.180164,-0.010735,-0.020844
1143,-0.054640,-0.045310,-0.041990,-0.018855,0.017274,0.076149,0.070966,0.057710
1144,0.290005,0.333821,0.106916,0.120030,0.398101,0.565036,0.224216,0.178516
1145,-0.033220,0.160008,0.003495,0.001454,-0.018154,0.238618,0.006300,0.011210
1146,-0.008486,-0.189168,-0.008285,-0.028349,-0.024464,-0.230784,-0.031982,-0.049859
1147,0.019486,-0.279818,-0.002053,-0.031147,-0.019139,-0.402448,-0.027087,-0.061144
1148,-0.022177,-0.032930,0.004906,0.026288,-0.031004,-0.042794,-0.003044,0.016952
1149,-0.046793,0.027916,-0.014275,-0.016943,-0.034270,0.055628,-0.019585,-0.017934
1150,0.059104,-0.110987,0.015464,-0.029790,0.022690,-0.194758,-0.009711,-0.057904
1151,0.060124,-0.318996,0.001026,-0.028580,0.019737,-0.522172,-0.022092,-0.044570
1152,0.012017,0.013044,-0.019531,-0.011111,0.004274,0.018463,-0.004142,0.008717
1153,0.000317,-0.078411,0.000168,0.009748,0.010898,-0.075274,0.011779,0.022149
1154,-0.044291,-0.316977,-0.048690,-0.052443,-0.073105,-0.460444,-0.043314,-0.045835
1155,-0.010391,-0.123808,-0.000152,0.002738,-0.008375,-0.115276,0.004507,-0.001430
1156,-0.031356,-0.167200,-0.041059,-0.043025,-0.016119,-0.104883,-0.024319,-0.036594
1157,0.033096,0.016559,0.008152,0.003364,0.018327,-0.066631,-0.004936,-0.015302
1158,0.054539,-0.468405,0.030961,0.007301,0.052509,-0.535210,0.005809,0.011573
1159,0.044746,-0.194348,0.047554,0.013147,0.061892,-0.105520,0.019834,-0.002373
1160,-0.036462,-0.400387,-0.021475,-0.038062,-0.038699,-0.393530,-0.040986,-0.059179
1161,-0.184691,-0.462409,-0.152633,-0.184611,-0.079880,-0.159032,-0.078241,-0.086319
1162,0.010389,0.178961,-0.025526,0.006418,0.016807,0.200222,-0.011250,0.033328
1163,0.080250,0.214492,-0.000930,0.010323,0.116648,0.316548,0.012232,0.029465
1164,-0.013591,-0.207113,-0.027571,-0.029387,-0.016622,-0.185740,-0.033974,-0.019021
1165,-0.103465,-0.509214,-0.161849,-0.087646,0.022001,-0.322039,0.184776,0.117925
1166,0.050420,-0.269948,-0.047320,0.007797,0.043730,-0.369138,0.027247,0.076727
1167,0.086109,-0.024561,0.018219,-0.069695,0.223422,0.325302,-0.017680,-0.021497
1168,0.243485,-0.023840,0.048408,0.042706,0.196109,-0.185024,0.029454,0.013508
1169,0.051883,-0.208306,0.021095,0.006250,0.030506,-0.232954,0.000523,-0.002392
1170,0.091454,0.006208,0.057742,0.027858,0.050326,-0.067757,0.005869,-0.002903
1171,0.038400,-0.241683,-0.016446,0.082953,0.048699,-0.326140,0.084048,0.197471
1172,0.062769,0.029326,0.023662,0.058199,0.054668,-0.039540,0.038770,0.094677
1173,-0.024909,-0.381802,0.012148,0.033147,-0.057481,-0.503012,0.016548,0.020278
1174,-0.056859,-0.144964,-0.021053,-0.018760,-0.035121,-0.108696,-0.010315,-0.001407
1175,-0.097362,-0.368505,-0.003792,-0.040195,-0.039002,-0.272731,0.011016,-0.048820
1176,0.018721,-0.079168,-0.024264,-0.030088,0.092681,0.126142,0.030741,0.023025
1177,-0.026481,0.146545,0.049451,0.039046,0.011193,0.239532,0.029121,0.034767
1178,0.392005,0.554525,0.355109,0.322177,0.147496,0.040598,0.094091,0.097660
1179,-0.022750,-0.241206,-0.057575,-0.028291,0.047317,-0.190459,0.035373,0.024272
1180,-0.055460,-0.419405,-0.217067,-0.172055,-0.040139,-0.313339,-0.047082,-0.050508
1181,-0.081804,-0.365283,-0.099305,-0.123360,-0.052798,-0.268729,-0.047996,-0.092730
1182,-0.023247,-0.208792,-0.054059,-0.063478,-0.003477,-0.106234,-0.028801,-0.034706
1183,-0.023676,-0.217197,-0.043721,-0.087445,0.011306,-0.097616,-0.022439,-0.064412
1184,0.234489,0.158858,0.296038,0.283792,0.132779,-0.375921,0.183980,0.131130
1185,0.064661,0.122299,0.113883,0.071039,0.052590,0.081702,0.053835,0.035349
1186,0.006769,0.017678,0.029396,0.013110,-0.014161,-0.042941,-0.003145,-0.026395
1187,-0.064896,-0.181906,-0.043961,-0.085437,-0.040008,-0.090096,-0.054125,-0.091034
1188,-0.026032,-0.149504,-0.000701,0.002455,-0.020230,-0.193936,-0.023993,-0.004481
1189,-0.077097,-0.907212,-0.125449,-0.155998,-0.067536,-0.934184,-0.078872,-0.135592
1190,0.028406,-0.201549,0.027694,-0.010396,-0.012591,-0.312149,-0.011311,-0.054640
1191,-0.052850,-0.159076,-0.067506,-0.060402,-0.025633,-0.074290,-0.014523,-0.021701
1192,0.012918,0.295292,0.043506,0.008742,-0.008074,0.258046,-0.005747,-0.030399
1193,0.059641,-0.078790,0.025282,0.020928,-0.004045,-0.228436,-0.006042,-0.032206
1194,0.013207,0.126547,-0.008165,0.006997,0.012644,0.113824,0.038420,0.044269
1195,-0.013477,-0.286431,-0.032577,-0.040148,-0.018458,-0.339317,-0.023486,-0.047023
1196,-0.259786,-0.770809,-0.277564,-0.322458,-0.046960,-0.253811,-0.077242,-0.114758
1197,-0.008489,-0.214929,-0.012930,-0.007488,-0.032186,-0.306164,-0.004652,-0.008813
1198,0.112259,-0.475530,0.000655,-0.020749,0.452506,0.115595,0.226076,0.265210
1199,0.090708,-0.622106,0.012496,0.008369,0.121034,-0.742444,0.041317,0.029297
1200,-0.080047,-0.761928,-0.098844,-0.073822,-0.034384,-0.785735,-0.018548,-0.009663
1201,-0.034667,-0.867242,-0.083124,-0.044950,-0.014316,-0.993755,-0.022536,0.008051
1202,0.044800,-1.088443,-0.057274,-0.009034,0.052007,-1.356472,0.019724,0.061109
1203,-0.057673,-1.087892,-0.092098,-0.077406,-0.023017,-1.229978,-0.021682,-0.011128
1204,-0.094371,-1.119349,-0.251337,-0.143662,0.286219,-0.833539,0.056486,0.111013
1205,-0.017303,-0.449869,-0.047307,-0.041585,-0.010555,-0.483147,-0.021009,-0.021397
1206,-0.064666,-1.217815,-0.125884,-0.119173,0.019353,-1.319306,-0.009363,-0.011192
1207,0.035254,-0.924905,0.013026,0.031541,0.087165,-1.089019,0.036889,0.068135
1208,0.008112,-0.971064,-0.095871,-0.097483,0.103127,-0.917473,-0.008888,0.011211
1209,0.100060,-0.796291,0.040908,0.049325,0.112717,-1.010825,0.027250,0.050236
1210,0.128669,-0.542313,0.183176,0.145702,0.107684,-0.808299,0.084471,0.082718
1211,0.030535,-2.095803,-0.491767,-0.617753,-0.282280,-3.072937,-0.440694,-0.744754
1212,0.001297,-0.131582,0.091941,0.032626,0.041170,-0.055198,0.046730,0.020070
1213,0.064811,0.076739,0.163884,0.166122,0.007851,-0.116778,0.039236,0.076897
1214,0.357911,0.102232,0.360198,0.362710,0.205404,-0.561089,0.152419,0.174177
1215,0.034873,0.153870,0.055280,0.048270,0.029008,0.118091,0.020283,0.017534
1216,-0.118093,-0.359452,-0.136546,-0.187985,-0.146566,-0.406133,-0.090809,-0.183872
1217,-0.086496,-0.328433,-0.089834,-0.101156,-0.027825,-0.101274,-0.053990,-0.056921
1218,-0.062935,-0.284380,-0.057039,-0.086516,-0.044183,-0.175017,-0.039347,-0.064085
1219,-0.052012,-0.650355,-0.055522,-0.093057,-0.066719,-0.682611,-0.054337,-0.104756
1220,0.053355,0.188967,0.068540,0.086399,0.008610,0.028188,0.024801,0.036566
1221,0.047134,0.234903,0.080577,0.042846,0.064907,0.238057,0.039127,0.026998
1222,0.082749,0.171547,0.078717,0.101965,0.013549,-0.021051,0.035535,0.041620
1223,0.021240,0.125240,0.057385,0.050595,0.042860,0.172993,0.046402,0.041640
1224,0.124122,0.265451,0.094932,0.090951,0.104194,0.158734,0.070379,0.074904
1225,0.086586,0.199250,0.080627,0.099997,0.001577,-0.036966,0.004619,0.020659
1226,0.006976,0.094197,-0.001132,-0.003221,-0.015314,-0.013789,0.016086,-0.015783
1227,-0.226912,-0.696964,-0.256913,-0.296304,-0.164702,-0.396912,-0.134922,-0.222353
1228,0.107950,0.442876,0.115459,0.118018,0.124395,0.434752,0.103588,0.119730
1229,0.094177,0.093936,0.038158,0.021543,0.075873,0.021491,0.025189,0.017027
1230,-0.028584,-0.111145,-0.037418,-0.056693,-0.034187,-0.106185,-0.024194,-0.058218
1231,0.022874,0.029774,0.102992,0.094711,0.002081,-0.069544,0.043617,0.058319
1232,0.243668,0.513661,0.267286,0.255555,0.172385,0.224117,0.163561,0.187561
1233,0.347534,0.128817,0.263672,0.397208,0.068716,-0.721437,-0.023397,0.139845
1234,-0.069604,-0.311689,-0.024652,-0.067255,-0.022593,-0.204173,-0.045773,-0.062496
1235,-0.091120,-0.448311,-0.041002,-0.077483,-0.062440,-0.342758,-0.063870,-0.084268
1236,-0.199148,-0.564474,-0.097639,-0.104683,-0.135269,-0.421216,-0.077469,-0.071514
1237,-0.156815,-0.705900,-0.088136,-0.133035,-0.116504,-0.617636,-0.106069,-0.126548
1238,-0.167062,-0.609785,-0.090874,-0.118521,-0.108702,-0.453823,-0.070708,-0.088696
1239,-0.221451,-1.008863,-0.274843,-0.290406,-0.211472,-1.009655,-0.162061,-0.218245
1240,-0.077558,-0.439646,-0.036459,-0.087664,-0.048130,-0.361238,-0.058661,-0.088702
1241,-0.146190,-0.563763,-0.082347,-0.113258,-0.109955,-0.463504,-0.063756,-0.093330
1242,0.072146,0.237810,0.146075,0.034085,0.120780,0.319787,0.093206,0.012815
1243,-0.252364,-0.743457,-0.229494,-0.273201,-0.129966,-0.368075,-0.146163,-0.230917
1244,-0.005151,-0.143615,-0.000253,0.017568,-0.030323,-0.215712,-0.025166,-0.015960
1245,-0.091572,-0.369161,-0.078005,-0.072550,-0.076960,-0.312593,-0.068272,-0.065161
1246,-0.083516,-0.279859,-0.085903,-0.080489,-0.070046,-0.218602,-0.078122,-0.075804
1247,-0.133755,-0.607607,-0.139847,-0.165455,-0.123503,-0.540165,-0.095533,-0.136992
1248,-0.097730,-0.343564,-0.096076,-0.107224,-0.139212,-0.402905,-0.087987,-0.145218
1249,-0.055653,-0.123280,-0.033345,-0.039537,-0.051750,-0.109635,-0.027616,-0.040043
1250,0.060274,0.203130,0.075673,0.042533,0.078279,0.236156,0.046093,0.029775
1251,0.076284,0.300233,0.072596,0.078014,0.057559,0.204887,0.071986,0.067655
1252,0.051718,0.127748,0.047868,0.044024,0.009097,0.006522,0.019472,0.006541
1253,0.005765,-0.021544,0.010017,-0.005356,-0.035405,-0.121965,0.008825,-0.029492
1254,-0.048547,-0.050285,-0.055698,-0.073844,0.044375,0.179680,0.007160,0.000661
1255,0.009490,0.058603,0.035158,0.018103,-0.074183,-0.138727,-0.030966,-0.067457
1256,-0.004604,-0.041805,0.005997,0.004937,-0.033514,-0.094438,-0.026064,-0.029134
1257,0.020086,-0.122109,-0.032825,-0.046176,0.026390,-0.031455,-0.028930,-0.028076
1258,0.021912,0.124504,-0.031274,-0.035464,0.021842,0.106860,-0.018502,-0.036402
1259,-0.170672,-0.339944,-0.146079,-0.174628,-0.058627,0.004889,-0.055017,-0.076812
1260,-0.049618,-0.176173,-0.031472,-0.018154,-0.017748,-0.100298,-0.040735,0.006438
1261,0.007875,0.044425,0.019223,0.052729,-0.032746,-0.109799,-0.030481,0.008572
1262,0.003992,-0.097535,0.073893,0.038030,0.031449,-0.055108,0.029212,0.022356
1263,-0.024924,-0.165937,0.007674,0.029121,0.010696,-0.109814,-0.006311,0.045559
1264,0.090672,-0.224012,0.077485,0.093259,0.027690,-0.409543,-0.005439,0.026371
1265,-0.269273,-0.543804,-0.218099,-0.231181,-0.200433,-0.307635,-0.131104,-0.179687
1266,-0.228279,-0.445532,-0.173492,-0.190186,-0.105002,-0.043301,-0.068620,-0.074001
1267,-0.220482,-0.374787,-0.174238,-0.169014,-0.130256,-0.060331,-0.079303,-0.098669
1268,-0.184467,-0.434269,-0.145612,-0.163141,-0.145679,-0.287044,-0.066823,-0.106828
1269,-0.253080,-0.642273,-0.158490,-0.177230,-0.268865,-0.640660,-0.126637,-0.165851
1270,-0.376022,-0.986289,-0.290277,-0.324156,-0.313670,-0.788137,-0.156809,-0.209699
1271,-0.258834,-0.716823,-0.166458,-0.165709,-0.262969,-0.706786,-0.107230,-0.122313
1272,-0.306895,-0.846802,-0.217170,-0.212786,-0.300216,-0.784973,-0.147724,-0.157221
1273,0.405909,0.610740,0.388680,0.364976,-0.012139,-0.218690,0.042213,0.048563
1274,-0.198486,-0.511326,-0.056396,-0.112999,-0.239743,-0.577011,-0.096197,-0.152155
1275,0.251219,0.490613,0.252377,0.244845,0.100075,0.118209,0.114025,0.109358
1276,-0.288754,-0.735084,-0.324579,-0.348477,-0.173959,-0.357893,-0.143176,-0.188935
1277,-0.135622,-0.400739,-0.134829,-0.125734,-0.106220,-0.302331,-0.066306,-0.088133
1278,-0.065906,-0.120054,-0.055633,-0.041265,0.120146,0.170753,0.161315,0.119032
1279,-0.249007,-0.702216,-0.168718,-0.193219,-0.246705,-0.670632,-0.149231,-0.182032
1280,-0.052574,-0.022606,-0.102929,-0.104840,0.188388,0.440481,0.114896,0.087693
1281,-0.206755,-0.594275,-0.233432,-0.262657,-0.154224,-0.362839,-0.135211,-0.174475
1282,0.001896,-0.048456,0.012983,0.011734,0.045733,0.059270,0.013531,0.039904
1283,-0.007214,-0.304688,0.048668,0.033542,-0.153726,-0.580177,-0.051003,-0.062500
1284,0.029581,-0.188092,0.055992,0.071699,-0.129440,-0.536404,-0.059864,-0.031785
1285,-0.170982,-0.811922,-0.190464,-0.179001,-0.303368,-1.169468,-0.198771,-0.227829
1286,-0.113693,-0.244827,-0.092260,-0.112302,0.018620,0.047086,-0.001160,-0.003676
1287,-0.234485,-0.472526,-0.174177,-0.231559,-0.113908,-0.011045,-0.129174,-0.176744
1288,-0.117037,-0.726447,-0.201070,-0.282057,0.239386,0.138196,-0.195208,-0.123441
1289,-0.133449,-0.821690,-0.241929,-0.303446,0.199727,0.006471,-0.206958,-0.128029
1290,-0.029238,-0.778646,-0.224123,-0.260979,0.335756,-0.011484,-0.206698,-0.106461
1291,0.144468,-0.529532,-0.112458,-0.188781,0.534210,0.227476,-0.114774,-0.043062
1292,0.036470,-0.682823,-0.197547,-0.243411,0.450763,0.156035,-0.161513,-0.065047
1293,-0.079837,-1.019955,-0.252807,-0.319185,0.260416,-0.352520,-0.211383,-0.160107
1294,-0.013086,-0.659794,-0.175780,-0.207832,0.361655,0.123461,-0.168951,-0.054604
1295,-0.039682,-0.810733,-0.212906,-0.286292,0.314866,-0.030303,-0.212784,-0.155593
1296,-0.164024,-0.328421,-0.123188,-0.159057,0.053259,0.272349,-0.036663,-0.000319
1297,0.052158,-0.246720,0.031166,0.003341,0.127431,-0.078882,0.015092,0.047611
1298,-0.110527,-0.952636,-0.252702,-0.303617,0.151610,-0.324290,-0.248128,-0.190267
1299,0.004199,-0.869560,-0.217146,-0.278061,0.346843,-0.243989,-0.240169,-0.182411
1300,-0.066282,-0.666017,-0.207205,-0.303288,0.241737,0.095391,-0.232869,-0.227296
1301,-0.146705,-0.356964,-0.113827,-0.150578,0.043541,0.203407,-0.116000,-0.042675
1302,-0.173417,-0.245341,-0.140601,-0.184294,-0.004668,0.252952,-0.084847,-0.070116
1303,-0.124831,-0.561134,-0.152883,-0.201359,0.089368,0.093530,-0.167720,-0.093017
1304,0.020750,-0.039464,-0.192829,-0.150248,0.456351,0.778908,-0.096766,-0.005485
1305,-0.115776,-0.264071,-0.103631,-0.142338,0.080324,0.277581,-0.081466,-0.035331
1306,-0.118069,-0.285033,-0.103951,-0.106166,-0.006784,0.117156,-0.101670,-0.039103
1307,-0.107386,-0.121026,-0.065048,-0.079935,-0.110435,-0.032063,-0.090461,-0.118909
1308,-0.184087,-0.501670,-0.173422,-0.227736,0.027257,0.144254,-0.147824,-0.100733
1309,-0.138240,-0.434410,-0.138266,-0.202563,0.165536,0.373720,-0.126684,-0.043778
1310,-0.020515,0.015680,-0.003344,-0.038382,0.026422,0.174794,0.001512,-0.018393
1311,0.075683,0.114870,0.054869,0.045244,0.125401,0.220852,0.046193,0.074012
1312,0.041600,-0.090967,0.021895,0.000533,0.123635,0.115195,0.024531,0.044475
1313,-0.005149,-0.077600,-0.014764,-0.011808,-0.064018,-0.200628,-0.017437,-0.048093
1314,0.073427,0.096884,0.020672,0.022217,0.057441,0.051206,0.031977,0.028719
1315,-0.303132,-0.837419,-0.258663,-0.344729,-0.268055,-0.644165,-0.191228,-0.343730
1316,-0.004761,0.026938,0.046376,0.029289,0.104046,0.267610,0.075334,0.100212
1317,0.216786,0.044248,0.093120,0.044273,0.351418,0.277866,0.098650,0.119090
1318,-0.053216,-0.228094,-0.065042,-0.131115,0.263540,0.571816,0.021970,0.058140
1319,0.140407,0.215500,0.117053,0.139237,0.017527,-0.122204,0.057153,0.048707
1320,0.201996,0.287979,0.147723,0.167895,0.026586,-0.141055,0.049041,0.048050
1321,0.239805,-0.073495,0.054996,0.221377,-0.060621,-0.841570,-0.099050,0.026838
1322,0.304173,0.314919,0.133710,0.060117,0.355286,0.436879,0.070980,0.034307
1323,0.042462,-0.079371,0.012512,-0.041513,0.082224,0.010446,0.028672,-0.002929
1324,-0.043814,-0.217624,-0.078256,-0.070106,-0.033560,-0.187274,-0.042105,-0.022748
1325,0.132004,0.182520,0.096346,0.125314,0.129702,0.130391,0.140571,0.169421
1326,-0.090026,-0.273705,-0.115017,-0.137312,-0.008269,-0.046317,-0.052163,-0.088571
1327,-0.030325,-0.067379,-0.064974,-0.080583,0.039557,0.093954,-0.005192,-0.017028
1328,-0.105929,-0.284938,-0.101550,-0.104239,0.016883,0.055092,-0.074142,-0.028293
1329,-0.032178,-0.045734,0.031971,0.046075,0.035167,0.172163,0.036308,0.083021
1330,0.143562,0.275855,0.092420,0.043851,0.399127,0.796830,0.138630,0.143789
1331,0.476106,0.999296,0.634854,0.490350,0.397988,0.814015,0.278595,0.277745
1332,-0.005941,-0.088181,-0.041941,-0.051871,0.135813,0.258142,0.029366,0.020898
1333,0.001343,-0.034704,-0.110449,-0.091575,0.113630,0.187142,-0.022696,-0.002811
1334,0.367414,0.779790,0.302410,0.380143,0.021070,-0.042551,0.235167,0.274378
1335,0.445624,0.926457,0.438697,0.459496,-0.003076,-0.043295,0.233393,0.225166
1336,0.939808,1.491486,0.777436,0.778280,0.219615,0.247106,0.406171,0.382052
1337,0.501431,0.791988,0.372514,0.435311,0.119371,-0.055211,0.282846,0.314787
1338,1.123435,1.775641,0.992844,0.886160,0.321443,0.499643,0.418798,0.391421
1339,0.434359,0.836308,0.350828,0.400367,0.077869,0.023801,0.281291,0.286030
1340,0.622539,1.151486,0.521705,0.495963,0.331793,0.470431,0.459209,0.404675
1341,0.438754,0.897415,0.400105,0.409831,-0.049019,-0.143051,0.199876,0.152333
1342,0.186820,0.334110,0.057739,0.165601,-0.169607,-0.535599,0.027866,0.030529
1343,0.300045,0.648632,0.183285,0.252592,-0.054377,-0.148909,0.110224,0.108962
1344,0.250671,0.402622,0.202403,0.249527,-0.175598,-0.593647,0.003149,-0.004060
1345,0.141893,0.309980,0.125816,0.168737,-0.161771,-0.406818,-0.026599,-0.038230
1346,0.264957,0.535934,0.242145,0.282013,-0.240155,-0.599368,-0.016268,-0.061669
1347,0.046326,0.293736,0.122844,0.120424,-0.238813,-0.383533,-0.031055,-0.117785
1348,0.239804,0.495295,0.185717,0.167991,0.428667,0.692446,0.405922,0.400330
1349,0.043908,0.233702,0.055119,0.060696,0.048880,0.221967,0.034770,0.054286
1350,-0.018290,0.056988,0.014817,-0.012428,0.177662,0.476902,0.092323,0.117639
1351,0.247685,0.205282,0.177628,0.165028,0.142962,-0.052236,0.091229,0.067133
1352,-0.108961,-0.363282,-0.143982,-0.108209,-0.105011,-0.346578,-0.136859,-0.099907
1353,0.034184,-0.135140,0.001121,-0.015340,0.066284,-0.025965,0.038348,0.020871
1354,0.031428,-0.220810,-0.030560,-0.063526,0.089391,-0.088166,0.043388,0.003860
1355,-0.071005,-0.259896,-0.059984,-0.066955,-0.034516,-0.218144,-0.015965,-0.049345
1356,-0.132960,-0.421214,-0.175007,-0.152025,-0.000123,-0.258098,-0.028005,-0.034676
1357,-0.083214,-0.345933,-0.123415,-0.118676,0.021836,-0.215047,0.009093,-0.012978
1358,0.057879,-0.148823,0.006698,0.001695,0.075349,-0.120575,0.019647,0.029536
1359,-0.004998,0.113426,-0.015013,-0.010359,0.010509,0.163933,0.000057,-0.004977
1360,0.015356,0.116451,-0.006650,-0.006174,0.029628,0.163937,0.004332,0.004646
1361,0.039056,0.075762,0.054669,0.057487,0.036362,0.110354,0.062506,0.049973
1362,-0.136822,-0.416501,-0.124140,-0.094130,0.124573,-0.039540,0.095926,0.138381
1363,0.003163,-0.219916,-0.057515,-0.065807,0.073569,-0.104749,0.017695,0.002619
1364,-0.042313,-0.154866,-0.078518,-0.068611,0.015746,-0.098454,-0.013107,-0.011377
1365,-0.039824,-0.219251,-0.068320,-0.053202,-0.003748,-0.196133,-0.029084,-0.030575
1366,-0.035820,0.073551,-0.026172,-0.005011,-0.025564,0.070679,-0.022356,0.003867
1367,-0.018219,0.025915,-0.020126,0.013677,-0.047751,-0.057151,-0.044602,-0.010581
1368,0.084291,0.265100,0.184491,0.144912,-0.016347,0.174945,0.061571,0.058100
1369,-0.078907,0.094832,-0.026042,0.013151,-0.036761,0.137208,0.015006,0.055054
1370,0.016254,0.005425,0.107132,0.114060,-0.008999,0.035971,0.063345,0.076962
1371,0.059292,0.196295,0.172801,0.154474,0.035141,0.255873,0.105680,0.135325
1372,-0.002509,0.089754,0.051749,0.065912,0.013598,0.137928,0.045628,0.071172
1373,0.097324,0.146611,0.188384,0.178730,0.099734,0.280030,0.141926,0.161849
1374,-0.016968,0.116942,0.070891,0.072031,-0.017966,0.147819,0.060228,0.073182
1375,-0.052322,-0.177725,-0.058208,-0.038072,-0.055014,-0.182029,-0.038404,-0.070487
1376,0.017604,0.085799,0.030053,0.038855,0.027633,0.130400,0.028270,0.050150
1377,-0.032223,0.117495,-0.034519,-0.003299,-0.009834,0.195077,-0.001834,0.015613
1378,0.181700,0.318110,0.197634,0.139711,0.053976,0.209442,0.048038,0.050574
1379,-0.015373,-0.008123,-0.000389,-0.008659,-0.007005,-0.007167,-0.015603,-0.020820
1380,0.231220,0.279309,0.247896,0.151679,0.051644,0.067919,0.062424,0.010698
1381,0.016262,0.198544,0.001793,0.027447,-0.015633,0.162403,-0.024967,-0.002150
1382,0.067019,0.010653,0.081189,0.053961,0.022925,-0.023464,0.023411,0.009531
1383,-0.000421,-0.188967,-0.078043,-0.082569,0.055599,-0.101148,0.006181,-0.021678
1384,-0.033574,-0.129121,-0.051181,-0.067744,0.034244,-0.057590,0.003378,-0.023847
1385,-0.079195,-0.288562,-0.084095,-0.088455,-0.012609,-0.233559,0.005554,-0.007061
1386,-0.004809,-0.020782,-0.002667,0.001350,0.053078,0.065207,0.013494,0.032650
1387,-0.168011,-0.458503,-0.225902,-0.196406,-0.023827,-0.340011,-0.052809,-0.078654
1388,-0.209648,-0.694962,-0.200288,-0.165047,0.026214,-0.380602,0.003574,0.001775
1389,-0.073968,-0.539425,-0.099653,-0.112531,0.034188,-0.398425,0.017357,-0.021957
1390,0.021730,0.111209,0.070285,0.054622,-0.000712,0.083035,0.022868,0.030561
1391,0.080592,0.042468,0.091013,0.054624,0.041527,0.017879,0.056372,0.034825
1392,0.072573,-0.102265,0.056583,0.010914,0.086889,-0.042134,0.078814,0.046270
1393,0.009517,-0.091972,0.018384,0.000065,0.036717,-0.051132,0.029647,0.008753
1394,0.374550,0.596250,0.413274,0.291424,0.092574,0.286491,0.088792,0.009910
1395,-0.012867,-0.220411,-0.025355,-0.046779,0.033766,-0.137175,0.026375,-0.008383
1396,-0.070258,-0.440600,-0.174127,-0.174425,0.078517,-0.204568,0.016294,-0.026217
1397,0.064622,0.131925,0.106610,0.066564,0.016776,0.090037,0.029904,0.018539
1398,-0.095087,-0.212925,-0.119005,-0.113013,-0.017559,-0.145623,-0.030616,-0.045436
1399,-0.009153,-0.156501,-0.009251,-0.019526,-0.010333,-0.185441,0.004410,-0.024211
1400,-0.083332,-0.374038,-0.133362,-0.120800,-0.002522,-0.290038,-0.024633,-0.060385
1401,-0.106247,-0.245131,-0.145721,-0.088323,-0.014537,-0.160134,-0.032400,-0.006237
1402,-0.111074,-0.294641,-0.131985,-0.097610,-0.038867,-0.225123,-0.038805,-0.038251
1403,-0.049895,-0.431127,-0.125071,-0.101276,0.049378,-0.299831,0.004118,-0.000336
1404,-0.009940,-0.260799,0.002379,-0.008933,-0.007765,-0.348666,-0.015074,-0.031345
1405,0.015275,-0.175692,-0.025790,-0.018659,0.026359,-0.178239,0.002475,0.007005
1406,-0.027406,-0.058244,0.022005,0.020689,-0.035447,-0.137494,-0.009265,-0.017084
1407,-0.015761,-0.125791,-0.004549,-0.000682,-0.019893,-0.191323,-0.006521,-0.017219
1408,0.051954,-0.261846,0.083805,0.063097,-0.012612,-0.509869,-0.005021,-0.011926
1409,-0.002328,-0.384631,0.013670,0.009673,-0.034308,-0.585187,-0.027569,-0.038016
1410,-0.046994,-0.166704,-0.047814,-0.027022,-0.016099,-0.169818,-0.017714,-0.017075
1411,-0.008845,-0.119931,0.000608,0.008721,-0.014010,-0.151819,-0.015883,-0.015779
1412,0.054052,-0.333915,0.049908,0.025431,0.012259,-0.457700,-0.002057,-0.025563
1413,0.034531,-0.110621,0.036372,0.028632,-0.019390,-0.239975,-0.022503,-0.023695
1414,-0.064954,-0.268375,-0.123039,-0.092277,-0.009300,-0.260006,-0.031000,-0.039096
1415,-0.023941,-0.071532,-0.002681,-0.003406,-0.028086,-0.129412,-0.029489,-0.039385
1416,-0.009469,-0.333090,-0.039116,-0.043541,0.011661,-0.347816,-0.018694,-0.042255
1417,0.178283,0.265018,0.236834,0.164764,0.016340,0.075913,0.025696,-0.006700
1418,-0.018370,-0.131844,-0.115310,-0.092435,0.077725,0.033955,0.009569,0.022256
1419,-0.172471,-0.315319,-0.217311,-0.173439,-0.039072,-0.170234,-0.072931,-0.073617
1420,-0.002782,-0.078677,-0.042488,-0.061328,0.035321,0.045041,0.019461,-0.019303
1421,0.045941,0.082760,-0.005730,-0.014008,0.017695,0.089581,-0.009325,-0.016114
1422,-0.093753,-0.256356,-0.139333,-0.144937,0.011907,-0.068311,-0.016391,-0.066114
1423,-0.241404,-0.380504,-0.271881,-0.159919,-0.088396,-0.282276,-0.143018,-0.067732
1424,-0.112797,-0.231256,-0.179117,-0.178428,-0.049757,-0.216352,-0.075665,-0.141604
1425,-0.032946,-0.106680,-0.077236,-0.067142,0.006665,-0.050359,-0.013200,-0.036460
1426,0.126852,0.218198,0.118256,0.065008,0.042257,0.165536,0.015095,-0.014316
1427,0.022464,-0.094331,0.000231,-0.036528,0.049914,-0.018782,0.037864,-0.003147
1428,-0.032419,-0.188997,-0.023257,-0.032531,-0.000072,-0.176596,-0.013750,-0.024853
1429,-0.543351,-0.727655,-0.532271,-0.482578,-0.211160,-0.519938,-0.188385,-0.260306
1430,0.084835,0.207759,0.061222,0.061175,0.030369,0.163502,0.006447,0.026213
1431,-0.108485,-0.159798,-0.157341,-0.132450,0.006738,-0.025071,-0.012609,-0.029548
1432,0.045523,0.014049,0.046958,0.008157,0.029964,0.025882,0.030319,-0.003594
1433,-0.477834,-0.642535,-0.498907,-0.439011,-0.144903,-0.388714,-0.141112,-0.187849
1434,-0.023594,0.141119,-0.102497,-0.065626,0.027832,0.282098,-0.004036,0.002192
1435,-0.127508,-0.154697,-0.228894,-0.175721,0.013367,0.020487,-0.039655,-0.041645
1436,-0.080410,0.037614,-0.184533,-0.128709,0.010939,0.207205,-0.033328,-0.022646
1437,-0.028732,-0.185246,-0.141939,-0.120571,0.059355,-0.048650,0.000814,-0.013693
1438,0.063838,0.059906,-0.025069,-0.028160,0.103318,0.233266,0.050233,0.031807
1439,-0.044647,-0.266151,-0.178164,-0.135352,-0.000048,-0.238999,-0.069474,-0.081025
1440,-0.001243,-0.192007,-0.154727,-0.117476,0.043270,-0.183774,-0.053348,-0.050921
1441,0.007809,0.109734,-0.104991,-0.079379,0.017792,0.213202,-0.023926,-0.038960
1442,-0.189354,-0.663279,-0.304321,-0.254374,-0.037650,-0.578194,-0.106142,-0.137302
1443,-0.012656,-0.237517,-0.013181,-0.020007,0.047413,-0.197370,0.026562,0.030495
1444,0.174242,-0.054102,0.144718,0.119328,0.082325,-0.271075,0.013185,0.015966
1445,-0.186414,-0.616452,-0.202904,-0.185386,-0.012573,-0.496535,-0.035176,-0.061275
1446,0.156868,-0.022013,0.228552,0.158078,0.015680,-0.344349,0.039735,0.016778
1447,-0.203961,-0.707098,-0.217757,-0.159617,-0.064082,-0.699351,-0.098924,-0.086457
1448,-0.114562,-0.655013,-0.145731,-0.088379,0.020936,-0.631693,-0.044550,-0.016031
1449,-0.020874,-0.410474,-0.066271,-0.065210,0.031350,-0.423860,-0.039042,-0.052844
1450,-0.062676,-0.817039,-0.082466,-0.058073,0.027588,-0.793619,-0.043171,-0.019008
1451,-0.210486,-0.914624,-0.276479,-0.200482,0.012690,-0.783538,-0.092177,-0.058116
1452,-0.002615,-0.528436,-0.077608,-0.054069,0.036189,-0.576611,-0.058541,-0.052032
1453,0.074567,-0.185112,0.094215,0.076769,0.210265,-0.019455,0.138960,0.156834
1454,0.445846,0.278138,0.476754,0.324043,0.237434,0.038916,0.165820,0.132724
1455,0.225175,0.149653,0.175103,0.142511,0.100036,-0.015215,0.029560,0.043519
1456,-0.024404,-0.489769,-0.071947,-0.028649,0.016420,-0.556374,-0.056238,-0.016972
1457,0.021860,-0.525677,-0.059909,-0.034041,0.067629,-0.561392,-0.030680,-0.006360
1458,0.047167,0.401005,0.024707,0.066373,-0.008284,0.400361,0.001023,0.056749
1459,0.062487,0.066568,0.067133,0.085090,0.045429,0.066656,0.033367,0.093235
1460,-0.038400,0.009168,0.080962,0.080378,-0.070108,-0.096266,-0.024824,-0.001988
1461,0.096703,0.218802,0.155951,0.116648,0.079866,0.284585,0.112544,0.113831
1462,0.141968,0.082803,0.124942,0.064460,0.127689,0.127880,0.082191,0.053534
1463,-0.149319,-0.222839,-0.144172,-0.130778,-0.039606,-0.127701,-0.029917,-0.041221
1464,0.387529,0.592410,0.445223,0.367328,0.171420,0.521523,0.169322,0.194500
1465,0.280649,0.492299,0.318924,0.268889,0.114598,0.458896,0.118976,0.139206
1466,0.235253,0.361187,0.249856,0.230372,0.097378,0.260345,0.092553,0.127701
1467,0.276906,0.400573,0.229465,0.217514,0.107906,0.272586,0.078217,0.113883
1468,0.314437,0.506149,0.352866,0.325439,0.145056,0.439141,0.132462,0.213218
1469,-0.020303,0.003020,-0.055141,-0.005095,0.026653,-0.007234,-0.009119,0.016208
1470,0.165536,0.160630,0.145685,0.136861,0.093783,0.162468,0.057214,0.086005
1471,-0.003044,-0.141300,-0.061813,-0.031700,0.001671,-0.155243,-0.037647,-0.040520
1472,0.110946,0.264109,0.137243,0.125015,0.016128,0.168615,0.020346,0.037601
1473,-0.120031,-0.049233,-0.097104,-0.057984,-0.057814,0.001812,-0.068692,-0.048285
1474,-0.070144,-0.221255,-0.098816,-0.094791,0.047380,-0.089346,0.009381,-0.014135
1475,-0.030491,-0.038160,-0.035020,-0.044266,-0.025847,-0.076574,-0.006479,-0.049485
1476,-0.110437,-0.184041,-0.139814,-0.118257,-0.046708,-0.155501,-0.039388,-0.071364
1477,-0.077637,-0.102602,-0.082049,-0.060809,-0.072413,-0.179057,-0.053852,-0.063326
1478,-0.011060,-0.111094,-0.051975,-0.043668,0.012065,-0.104151,0.000950,-0.012796
1479,0.010136,0.033317,0.019884,0.023405,-0.020886,-0.042265,-0.029657,-0.026395
1480,0.099909,0.286744,0.070413,0.062919,-0.050005,0.096278,-0.035731,-0.086996
1481,0.019544,0.020853,-0.029966,-0.028011,0.006587,0.012087,0.012953,-0.012753
1482,-0.123112,-0.241918,-0.195214,-0.162238,-0.033515,-0.188657,-0.045266,-0.082926
1483,-0.042899,0.050216,-0.033740,-0.023499,-0.008083,0.093094,-0.000289,-0.022133
1484,-0.087915,-0.081504,-0.090350,-0.034851,-0.023849,-0.025774,-0.032993,0.007664
1485,0.004511,-0.193604,-0.091634,-0.059663,0.057385,-0.128161,0.010093,0.016367
1486,-0.129163,-0.271409,-0.193316,-0.125567,0.002437,-0.120171,-0.027232,0.003203
1487,0.057600,0.313099,0.152008,0.116034,0.033247,0.304605,0.069019,0.072543
1488,0.002359,-0.024655,-0.104316,-0.096047,0.095747,0.123323,0.051326,0.032723
1489,-0.042959,0.293481,0.084726,0.070737,-0.012413,0.303278,0.024675,0.040282
1490,-0.113736,-0.188314,-0.155323,-0.132978,0.039075,-0.032107,0.024216,0.012317
1491,-0.087990,-0.227427,-0.089379,-0.079224,-0.014379,-0.198117,-0.023340,-0.041115
1492,-0.493587,-0.769572,-0.455278,-0.345558,-0.171141,-0.584415,-0.212358,-0.202999
1493,-0.114109,-0.224675,-0.077805,-0.077559,-0.071548,-0.258981,-0.070680,-0.093335
1494,-0.148645,-0.333121,-0.163554,-0.142025,-0.048271,-0.283438,-0.061152,-0.088576
1495,0.022844,-0.084899,0.065667,0.031197,0.010324,-0.140898,0.007472,-0.008057
1496,-0.076099,-0.329422,-0.139715,-0.100984,0.003858,-0.273470,-0.031589,-0.032853
1497,-0.034574,-0.147896,-0.008327,0.002528,0.000712,-0.148175,-0.011672,0.006971
1498,0.069254,0.202076,0.119731,0.055514,0.014742,0.147186,0.034226,-0.013319
1499,0.004427,0.254406,0.069592,0.059527,-0.049809,0.181850,0.002704,-0.028854
1500,-0.628085,-0.926108,-0.659441,-0.641639,-0.035780,-0.298986,-0.047549,-0.164864
1501,-0.134733,-0.143466,-0.067318,-0.089742,-0.025918,-0.056487,-0.013279,-0.056701
1502,-0.072625,-0.117910,-0.050917,-0.038301,0.005831,-0.053107,0.005270,0.014022
1503,0.043108,0.080561,-0.004941,0.005157,0.064147,0.165691,0.039079,0.053326
1504,0.029480,0.012042,0.113276,0.066876,0.026868,-0.005070,0.028564,0.029261
1505,-0.042243,-0.162385,-0.046127,-0.059319,-0.005420,-0.163962,-0.003893,-0.037641
1506,0.013297,0.037140,0.045404,0.012568,0.044718,0.127083,0.042710,0.024777
1507,-0.323089,-0.394851,-0.356859,-0.294116,-0.169993,-0.375670,-0.160754,-0.205022
1508,-0.107383,-0.347624,-0.230738,-0.190953,-0.006525,-0.282071,-0.067324,-0.095859
1509,-0.142982,-0.041131,-0.163004,-0.136135,-0.075896,-0.030416,-0.090430,-0.128056
1510,0.094062,0.198477,0.144879,0.121259,-0.002879,0.106208,0.036790,0.036253
1511,0.206661,0.407288,0.283101,0.222980,0.057819,0.267362,0.075124,0.072237
1512,0.239018,0.255872,0.171595,0.148158,0.012041,0.003484,-0.016371,-0.021946
1513,0.049006,0.128338,0.087393,0.079513,-0.002518,0.058772,0.017485,0.016307
1514,0.094059,0.127145,0.138505,0.144906,0.034261,0.080045,0.029233,0.091636
1515,0.149973,0.027530,0.078177,0.110023,0.126283,0.046164,0.062900,0.127736
1516,-0.000497,-0.103383,-0.044492,-0.022788,0.019404,-0.065088,-0.017468,0.003444
1517,-0.009425,-0.184986,-0.082325,-0.034315,0.088605,-0.046460,0.022726,0.067664
1518,0.079035,0.026004,0.041831,0.039299,0.065444,0.041394,0.025561,0.023583
1519,-0.012492,-0.187773,-0.066329,-0.077506,0.005672,-0.154536,0.005162,-0.024111
1520,0.046468,0.135696,0.081913,0.070849,-0.038023,0.020254,-0.021606,-0.027158
1521,0.253143,0.139574,0.117741,0.072853,0.094775,0.022394,0.037615,0.007854
1522,0.044480,-0.214665,-0.074338,-0.099453,0.018644,-0.222678,-0.004746,-0.066935
1523,0.024896,-0.131554,-0.009470,-0.012483,0.104115,0.011568,0.089958,0.097108
1524,-0.036747,-0.264280,-0.161606,-0.120081,0.065388,-0.132942,-0.003802,0.002855
1525,0.069325,-0.205642,-0.066363,-0.051876,0.073398,-0.172084,0.020968,0.015794
1526,0.083533,-0.054171,0.015554,-0.008257,0.029930,-0.073669,0.006892,-0.033271
1527,-0.051354,0.039430,0.011517,-0.006652,0.001904,0.096012,0.024515,-0.005895
1528,-0.068326,-0.082633,-0.066579,-0.066008,-0.025189,-0.049040,-0.026999,-0.051306
1529,0.007486,0.001306,0.016639,0.016534,0.078749,0.130372,0.063472,0.079879
1530,-0.079186,-0.724634,-0.288261,-0.214488,0.223635,-0.288944,0.064453,0.124757
1531,-0.107803,-0.119061,-0.116949,-0.065386,0.009578,-0.003861,-0.008743,0.033788
1532,0.008127,0.199387,0.064824,0.042886,0.064978,0.326655,0.058816,0.054440
1533,-0.036236,-0.002982,-0.005128,0.009239,0.024917,0.088758,0.019384,0.055861
1534,0.166147,-0.794121,-0.236770,-0.208643,0.261578,-0.543165,0.031012,-0.002394
1535,0.093287,-0.653642,-0.198860,-0.166897,0.262697,-0.352566,0.075023,0.077457
1536,-0.179880,-0.461858,-0.223764,-0.193865,-0.105675,-0.467795,-0.068647,-0.099390
1537,-0.009356,-0.241364,-0.123381,-0.103270,0.081132,-0.100774,0.025560,0.018301
1538,0.040561,-1.349699,-0.343783,-0.310156,0.283949,-0.913816,0.052633,0.021715
1539,0.354730,-0.817244,-0.078551,-0.065042,0.355219,-0.671849,0.109991,0.116743
1540,0.141874,-1.291276,-0.296392,-0.275486,0.363108,-0.843990,0.070805,0.033753
1541,0.053515,-1.328152,-0.309255,-0.314932,0.365739,-0.786607,0.121308,0.089399
1542,-0.029352,-1.134723,-0.317579,-0.266348,0.205371,-0.757105,0.040711,0.059315
1543,0.036937,-1.521037,-0.342821,-0.309231,0.402198,-0.904659,0.131222,0.148622
1544,0.247078,-0.627332,-0.066310,-0.054717,0.359777,-0.356615,0.174876,0.218912
1545,0.307975,-0.734135,-0.043399,-0.059449,0.326555,-0.566006,0.124976,0.132744
1546,-0.105814,-1.299200,-0.416044,-0.338272,0.200321,-0.857435,0.032495,0.061502
1547,0.264067,-0.747653,-0.018996,-0.034440,0.268912,-0.595277,0.120475,0.130876
1548,0.318839,-0.320840,0.142871,0.092371,0.155079,-0.418651,0.113263,0.111546
1549,0.383141,-0.440884,0.140901,0.072470,0.327531,-0.359157,0.211443,0.206008
1550,0.065875,-1.177851,-0.386467,-0.374319,0.717932,-0.185520,0.220691,0.252630
1551,0.356310,-0.318320,0.167048,0.122169,0.683879,0.339951,0.520006,0.543554
1552,0.085378,-0.964398,-0.126111,-0.142482,0.467951,-0.333083,0.325458,0.319790
1553,0.024162,-0.414727,-0.113070,-0.079803,0.403225,0.170673,0.268650,0.315840
1554,0.083193,-0.372062,-0.127294,-0.031150,0.146651,-0.257541,0.020103,0.118308
1555,0.103880,0.293802,0.200409,0.153793,0.091538,0.333061,0.094902,0.102972
1556,-0.019260,-0.017025,0.014488,0.022071,0.019861,0.040657,0.028236,0.054375
1557,-0.085059,-0.491858,-0.188402,-0.118814,0.291717,0.035144,0.166573,0.260286
1558,0.223630,0.432485,0.230541,0.183142,-0.005225,0.213238,-0.000735,-0.013067
1559,0.214056,0.446406,0.249922,0.183580,0.011586,0.303842,0.046033,0.010306
1560,-0.110048,-0.056063,-0.020421,-0.032206,-0.025275,0.011229,0.014871,-0.004741
1561,-0.110265,-0.233422,-0.130031,-0.091552,0.062193,-0.058155,0.050333,0.075002
1562,-0.028518,-0.149196,-0.022952,-0.021828,-0.015334,-0.137982,0.005842,-0.004626
1563,0.028868,0.081128,0.105261,0.063857,0.007910,0.067936,0.046072,0.023596
1564,-0.208914,-0.472964,-0.298880,-0.248917,-0.008368,-0.279955,-0.041534,-0.062688
1565,-0.167323,-0.272220,-0.202762,-0.144820,0.051660,-0.050055,0.008058,0.030255
1566,-0.074760,-0.074492,-0.071661,-0.073205,-0.034737,-0.061157,-0.016850,-0.061111
1567,-0.148004,-0.374245,-0.239659,-0.201190,0.085837,-0.085864,0.031043,0.027163
1568,-0.229816,-0.437900,-0.303279,-0.244195,0.072527,-0.096452,0.008255,0.023088
1569,-0.143204,-0.177660,-0.096043,-0.097754,-0.112090,-0.225280,-0.080925,-0.114387
1570,-0.421845,-0.729946,-0.468535,-0.414299,-0.007026,-0.284024,-0.054308,-0.084816
1571,-0.360244,-0.774698,-0.449746,-0.400997,-0.008926,-0.364873,-0.080747,-0.107079
1572,-0.197762,-0.436778,-0.275462,-0.212397,-0.030386,-0.268017,-0.081743,-0.068831
1573,0.821598,1.114990,0.793843,0.594123,0.188485,0.747393,0.244076,0.164417
1574,0.292651,0.207416,0.191961,0.160404,0.055646,0.054390,0.028219,0.039511
1575,0.989761,1.126051,0.745728,0.581916,0.186189,0.591972,0.141288,0.079459
1576,0.114854,0.371402,0.253325,0.164000,0.004319,0.275803,0.055565,-0.002047
1577,-0.113652,0.173872,0.021686,-0.011791,-0.106674,0.100871,-0.064567,-0.121456
1578,0.191943,-0.378252,-0.118104,-0.107092,0.131618,-0.337500,0.029649,-0.002934
1579,0.017665,-0.410670,-0.202936,-0.162680,0.106973,-0.249491,0.012402,0.002102
1580,0.220909,-0.070573,0.019259,0.019023,0.238421,0.066165,0.149133,0.154225
1581,-0.013172,-0.127729,-0.060291,-0.074315,-0.103905,-0.289349,-0.073079,-0.118386
1582,0.065967,-0.206931,-0.072155,-0.058122,0.314228,0.178868,0.192715,0.231593
1583,0.273947,-0.622993,-0.127270,-0.108434,0.234939,-0.503951,0.025519,0.014763
1584,0.461298,-0.223741,0.071459,0.055293,0.336287,-0.162010,0.118092,0.128875
1585,0.311789,-0.548135,-0.079368,-0.081716,0.246136,-0.452873,0.045540,0.029616
1586,0.128030,-0.927983,-0.275821,-0.273348,0.488328,-0.300689,0.175004,0.169036
1587,0.204360,-0.549294,-0.126832,-0.117541,0.308931,-0.265348,0.108492,0.125749
1588,0.347137,-0.726192,-0.093321,-0.108261,0.436980,-0.399113,0.151197,0.158131
1589,0.417251,-0.185443,0.079577,0.071560,0.583531,0.240222,0.338286,0.418866
1590,1.004608,0.631202,0.511165,0.377408,0.516907,0.470168,0.294672,0.291978
1591,0.178730,-0.599625,-0.180466,-0.152421,0.471537,-0.071307,0.200474,0.253164
1592,0.556427,0.252697,0.376307,0.267108,0.124315,-0.061983,0.115077,0.083826
1593,0.616272,0.392395,0.430541,0.300358,0.323552,0.314118,0.279514,0.256915
1594,0.269617,-0.253813,-0.082335,-0.115942,0.534952,0.301464,0.224201,0.226946
1595,0.599889,0.483056,0.440662,0.363202,0.470883,0.690797,0.386969,0.421331
1596,0.006982,-0.529157,-0.069322,-0.084075,0.176833,-0.255896,0.203322,0.204477
1597,0.159359,-0.314890,-0.092729,-0.047535,0.174015,-0.190810,0.038776,0.077093
1598,0.057766,0.096515,0.082832,0.079830,0.027459,0.075886,0.019242,0.037549
1599,-0.021287,0.100890,0.052248,0.041426,-0.013135,0.083000,-0.033368,-0.010669
1600,0.007423,-0.131319,-0.059626,-0.008489,0.056946,-0.048094,-0.008124,0.060341
1601,-0.055509,-0.366825,-0.196628,-0.164043,0.078201,-0.152592,0.012698,0.012128
1602,-0.049835,0.025750,0.017181,-0.006640,-0.022086,0.036929,0.000920,-0.028523
1603,-0.035878,-0.002525,0.011440,-0.026873,-0.062653,-0.068100,-0.001077,-0.078356
1604,-0.109812,-0.288839,-0.187524,-0.170064,0.014629,-0.162505,-0.002568,-0.047383
1605,0.045640,0.060996,0.039203,0.009226,-0.035595,-0.020057,0.002676,-0.053218
1606,0.119536,-0.194096,-0.152401,-0.054535,0.128132,-0.060424,0.060489,0.122924
1607,-0.169080,-0.215058,-0.178436,-0.155900,-0.066964,-0.147890,-0.047107,-0.070096
1608,-0.307003,-0.419608,-0.286676,-0.272248,-0.110383,-0.313990,-0.067197,-0.151301
1609,-0.054273,-0.165991,-0.087247,-0.081549,-0.013851,-0.135154,0.006307,-0.026706
1610,0.047616,0.037536,0.072136,0.000302,0.027125,0.043546,0.051715,-0.024017
1611,0.025924,-0.024881,0.033908,0.021527,-0.014716,-0.069148,0.026859,0.002402
1612,-0.246073,-0.398912,-0.290599,-0.235170,0.016011,-0.114248,-0.001375,0.002348
1613,-0.252122,-0.487493,-0.322048,-0.267571,-0.041277,-0.301055,-0.041151,-0.072143
1614,-0.350459,-0.601028,-0.420109,-0.383834,0.064212,-0.114455,0.031302,-0.011802
1615,-0.008674,-0.130569,-0.050973,-0.085261,0.055076,-0.018506,0.032979,-0.022107
1616,-0.004817,-0.134967,-0.068850,-0.052208,0.025886,-0.080373,0.025096,0.021171
1617,0.079868,0.292636,0.200457,0.165434,0.012233,0.214257,0.043272,0.063184
1618,0.136499,0.147273,0.144609,0.091710,0.057774,0.120115,0.057333,0.044280
1619,0.086387,-0.019948,0.010249,0.004357,0.057912,0.015920,0.032376,0.039320
1620,0.147898,0.167952,0.173997,0.125800,0.069098,0.147360,0.068238,0.082041
1621,-0.198793,-0.387594,-0.208426,-0.207915,-0.021391,-0.204073,-0.008396,-0.051014
1622,-0.063931,-0.332049,-0.170881,-0.170048,0.056150,-0.148449,0.035015,-0.004858
1623,-0.043205,-0.354371,-0.180994,-0.177357,0.103897,-0.114626,0.043288,0.024210
1624,-0.416896,-0.478590,-0.396092,-0.362272,-0.120919,-0.262569,-0.086430,-0.145793
1625,-0.216058,-0.539336,-0.304824,-0.259851,0.025035,-0.265049,0.007377,0.000226
1626,-0.030622,-0.197808,-0.062655,-0.094015,0.011293,-0.146496,0.028299,-0.016536
1627,-0.052777,-0.292278,-0.166135,-0.143265,0.018869,-0.183859,-0.002459,-0.024206
1628,0.043379,0.040211,0.064413,-0.006007,0.006844,-0.000467,0.032799,-0.037735
1629,-0.152387,-0.288047,-0.181460,-0.163841,-0.004016,-0.147416,-0.000673,-0.028277
1630,0.223420,0.281993,0.294966,0.172211,0.102576,0.251260,0.144954,0.088695
1631,0.067205,-0.088761,-0.063629,-0.045502,0.087224,0.000500,0.027673,0.027400
1632,0.007291,-0.108597,-0.095011,-0.080626,0.050468,-0.025500,0.026918,0.010649
1633,-0.365664,-0.635428,-0.411022,-0.415506,0.100892,-0.057819,0.062703,-0.001563
1634,-0.745526,-1.371291,-0.831810,-0.747314,0.047362,-0.471678,0.004403,-0.039208
1635,-0.935472,-1.852277,-1.106205,-1.090183,0.261997,-0.385577,0.056076,-0.077641
1636,-0.801845,-1.240283,-0.857393,-0.829369,0.046127,-0.310763,0.011788,-0.127267
1637,-1.100223,-2.226696,-1.309496,-1.240892,0.222419,-0.612355,0.015434,-0.101526
1638,-0.983628,-1.742179,-0.968697,-0.992345,0.162813,-0.373855,0.131851,-0.051668
1639,-0.945087,-2.054299,-1.167120,-1.107617,0.290337,-0.527138,0.061185,-0.039239
1640,-1.383098,-2.690350,-1.575210,-1.503697,0.176567,-0.787975,-0.042405,-0.180681
1641,-0.635076,-1.395426,-0.793925,-0.822176,0.392048,-0.085582,0.173995,0.056734
1642,-0.557840,-1.347725,-0.737954,-0.794435,0.440850,-0.063836,0.208240,0.062115
1643,0.038339,0.162718,0.213427,0.101326,0.016011,0.132245,0.067356,0.007443
1644,-1.255156,-2.015023,-1.301032,-1.236721,0.010144,-0.588849,-0.047275,-0.174269
1645,-1.160863,-2.431551,-1.421370,-1.328725,0.206894,-0.766432,-0.010102,-0.130118
1646,-1.186498,-2.395633,-1.387403,-1.341056,0.173879,-0.758897,-0.028106,-0.181308
1647,-1.155725,-2.357447,-1.391162,-1.311340,0.157691,-0.777594,-0.029281,-0.161755
1648,-1.206331,-2.358447,-1.396820,-1.324420,0.191615,-0.676960,-0.011568,-0.138097
1649,-0.961733,-2.271920,-1.249146,-1.176168,0.268797,-0.738056,0.004632,-0.087717
1650,-0.670995,-1.719998,-0.975835,-0.879350,0.234580,-0.577266,0.022733,-0.032772
1651,-0.560134,-1.202047,-0.668969,-0.712626,0.316768,-0.104733,0.162062,0.040459
1652,-0.035588,-0.024656,-0.067094,-0.020549,-0.012524,-0.025754,-0.017069,0.025092
1653,-0.796440,-1.552287,-0.987091,-0.879532,0.151763,-0.411154,-0.002629,-0.035294
1654,-1.083118,-1.965052,-1.252706,-1.184405,0.188595,-0.440458,0.012923,-0.091170
1655,-1.029717,-1.925693,-1.082727,-1.071367,2.464807,2.338435,1.571047,1.519744
1656,-1.143985,-2.079629,-1.304082,-1.239440,0.093519,-0.611131,-0.041508,-0.180348
1657,0.035453,-0.085209,-0.106806,-0.091651,0.103294,0.060677,0.035371,0.030972
1658,-0.020514,0.063981,0.107145,0.066274,-0.013829,0.038017,0.017513,0.020023
1659,-0.520176,-1.065248,-0.723838,-0.626567,0.123208,-0.302751,0.006679,-0.014548
1660,-0.157434,-0.504442,-0.335489,-0.234788,0.090402,-0.180429,0.006572,0.046729
1661,0.058212,0.081740,0.074010,0.084778,-0.010879,0.004409,-0.012920,0.015431
1662,-0.277272,-0.707190,-0.442691,-0.357771,0.152259,-0.156400,0.040665,0.066353
1663,0.156754,0.143140,0.050887,0.063687,0.066752,0.123268,0.021896,0.044555
1664,-0.125153,-0.180388,-0.138827,-0.115615,0.067894,0.039288,0.016535,0.029993
1665,-0.218780,-0.294005,-0.245586,-0.206252,-0.022348,-0.098544,-0.034183,-0.051747
1666,0.160312,0.250844,0.169558,0.132172,0.031944,0.150273,0.023635,0.012102
1667,-0.197496,-0.307473,-0.210084,-0.166091,-0.066487,-0.242803,-0.057119,-0.086059
1668,0.522275,0.589682,0.442314,0.324718,0.142093,0.320854,0.127454,0.078043
1669,0.200898,0.261016,0.198536,0.133800,0.031787,0.115765,0.056493,0.012981
1670,-0.196107,-0.225440,-0.141690,-0.126463,0.112733,0.163612,0.065166,0.086733
1671,-0.193076,-0.152850,-0.148307,-0.092765,0.042210,0.127971,-0.002561,0.054406
1672,-0.466373,-0.457703,-0.367789,-0.272441,-0.010317,0.004313,-0.011202,0.036558
1673,-1.082521,-1.367243,-0.992878,-0.866315,-0.111405,-0.373441,-0.109348,-0.139556
1674,-1.464010,-1.917181,-1.363313,-1.219368,-0.108727,-0.460114,-0.097138,-0.145783
1675,-0.881654,-1.029710,-0.760601,-0.643798,-0.031034,-0.116423,-0.031750,-0.022047
1676,-0.955029,-1.089740,-0.742503,-0.709033,-0.064237,-0.167129,-0.005612,-0.085062
1677,0.517695,0.517019,0.345448,0.286165,0.005970,-0.030854,0.023205,-0.015538
1678,-0.427124,-0.437856,-0.335376,-0.263098,0.050266,0.093225,0.001256,0.055957
1679,0.000030,0.052647,0.075428,0.000211,-0.036872,-0.028917,-0.002478,-0.085431
1680,-0.103902,-0.226824,-0.092118,-0.114445,0.023289,-0.076720,0.005214,-0.051040
1681,-0.106739,-0.114160,-0.030521,-0.077319,0.056922,0.052713,0.071510,0.011600
1682,-1.128816,-1.571043,-1.008568,-0.910182,0.004429,-0.383941,-0.009103,-0.067754
1683,-0.359296,-0.448531,-0.234122,-0.255648,-0.047762,-0.161343,0.020653,-0.045711
1684,1.384218,1.528676,0.911396,0.671899,0.430170,1.179426,0.243391,0.259815
1685,-0.463950,-0.796139,-0.544684,-0.515288,0.047286,-0.209872,-0.001052,-0.053285
1686,-0.308769,-0.794439,-0.453615,-0.400848,0.165300,-0.198249,0.046136,0.055473
1687,-0.125372,-0.463835,-0.314577,-0.251327,0.108898,-0.160191,-0.003570,0.028956
1688,-0.112615,-0.483301,-0.279039,-0.247355,0.091037,-0.203796,0.000258,0.002117
1689,-0.150108,-0.490967,-0.367090,-0.302473,0.197734,0.004139,0.028764,0.051369
1690,0.090331,0.268223,0.203880,0.164008,-0.097085,-0.009992,-0.033378,-0.064695
1691,-1.114473,-1.433007,-0.982898,-0.896109,-0.042302,-0.288615,-0.033422,-0.089384
1692,-1.009207,-1.022954,-0.694159,-0.721128,-0.192584,-0.297501,-0.012012,-0.190684
1693,-0.677653,-0.859493,-0.504346,-0.509034,-0.039802,-0.240600,0.043482,-0.088866
1694,-0.848768,-0.834776,-0.603746,-0.664980,-0.094568,-0.095461,0.044299,-0.157527
1695,-0.665860,-0.801986,-0.455967,-0.479119,0.006251,-0.100298,0.094608,-0.021109
1696,-0.742752,-0.718772,-0.492247,-0.537853,-0.086298,-0.077688,0.046929,-0.116844
1697,-0.877917,-1.004207,-0.666059,-0.675552,-0.125085,-0.278472,-0.016868,-0.170155
1698,-0.403568,-0.501929,-0.311508,-0.311759,-0.052302,-0.167754,0.007763,-0.075446
1699,0.275371,0.294651,0.301604,0.209269,-0.010386,0.014995,-0.003504,-0.051328
1700,0.246488,0.369899,0.253679,0.217124,0.019919,0.215567,0.052963,0.071615
1701,0.785558,1.123744,1.028671,0.610881,0.146716,0.823817,0.407201,0.045311
1702,-0.202636,-0.363404,-0.194627,-0.173735,-0.075826,-0.258957,-0.082754,-0.115275
1703,-0.069298,-0.120759,0.094553,-0.022727,-0.117870,-0.257785,-0.040673,-0.170459
1704,-0.531761,-0.624872,-0.323720,-0.390210,-0.148478,-0.335357,-0.044668,-0.194393
1705,-0.745232,-0.687120,-0.341501,-0.400105,-0.095213,-0.154693,0.015142,-0.096381
1706,-0.962752,-1.408593,-0.871559,-0.863132,-0.094630,-0.459735,-0.037728,-0.192141
1707,-0.723549,-1.067863,-0.668454,-0.634481,-0.034654,-0.329073,-0.045788,-0.130837
1708,-0.121614,-0.076676,-0.049314,-0.050566,-0.020435,-0.000635,0.008904,0.010500
1709,0.114775,0.149097,0.097102,0.069877,0.034137,0.081275,0.031264,0.036065
1710,-0.022266,0.010962,0.053029,-0.002105,0.031890,0.052565,0.032708,0.009176
1711,-0.422914,-0.400357,-0.264669,-0.232675,0.028670,0.038870,0.033535,0.055701
1712,0.073175,0.108355,0.072438,0.079246,0.094776,0.166214,0.039217,0.081591
1713,0.014040,0.009588,0.007997,0.023943,0.020660,0.028524,0.004229,0.030932
1714,0.064504,0.064585,0.048041,0.047648,0.034786,0.042670,0.025848,0.021366
1715,-0.096063,-0.158818,-0.074296,-0.051969,-0.131470,-0.177603,-0.085318,-0.059860
1716,0.083499,0.065609,0.045454,0.032857,0.069613,0.044621,0.039845,0.016000
1717,0.058470,-0.048907,0.006774,-0.006173,0.062768,-0.032710,0.035366,0.009365
1718,0.012691,0.025934,0.007304,0.003941,0.018468,0.016267,0.003996,0.008212
1719,-0.026013,-0.084121,-0.025665,-0.036582,0.027185,-0.033106,0.000081,-0.002009
1720,0.103360,0.045501,0.043396,0.023495,0.160374,0.085255,0.061733,0.036206
1721,-0.017737,-0.060589,-0.024436,0.001167,-0.011969,-0.052465,-0.036851,-0.007806
1722,0.025702,-0.049435,-0.003913,-0.000996,0.017974,-0.071276,-0.014594,-0.010801
1723,-0.070723,0.005178,-0.032200,-0.006948,-0.091835,-0.049940,-0.059244,-0.015877
1724,0.113635,0.143007,0.082799,0.071891,0.070722,0.084473,0.042849,0.040329
1725,0.328859,0.241245,0.187714,0.112912,0.209450,0.084229,0.126176,0.021669
1726,0.219351,0.310110,0.139672,0.128684,0.206723,0.263987,0.104666,0.117498
1727,-0.308596,-0.291421,-0.250713,-0.150726,-0.438259,-0.361479,-0.273139,-0.177190
1728,0.111922,-0.047891,0.046067,0.031478,0.128232,-0.014069,0.055969,0.024214
1729,0.023139,-0.069805,-0.002436,-0.002158,0.018644,-0.048159,0.000987,-0.003000
1730,0.000595,-0.022981,0.017008,-0.007418,0.070463,0.035923,0.072737,0.044827
1731,-0.045484,0.034660,-0.013304,-0.009203,-0.068469,0.016168,-0.018142,-0.012209
1732,0.015702,-0.040020,0.007658,0.004216,0.042737,-0.032045,0.014280,0.016765
1733,0.016584,0.109026,0.004241,0.010576,0.038245,0.113626,0.011737,0.013864
1734,0.069674,-0.073254,0.019656,0.027620,0.024678,-0.102826,-0.001736,0.003140
1735,-0.050962,-0.176713,-0.072249,-0.030751,-0.201921,-0.292801,-0.129590,-0.093912
1736,0.117432,0.075167,0.088624,0.063294,0.241625,0.146166,0.136904,0.116112
1737,-0.122538,-0.196764,-0.066594,-0.082632,-0.014523,-0.075486,0.007629,-0.028469
1738,0.082646,0.059811,0.060855,0.034964,0.162053,0.132697,0.115560,0.075572
1739,0.078462,-0.114170,0.015786,0.007327,0.040426,-0.099643,-0.008586,-0.017342
1740,0.136802,0.095869,0.084513,0.045763,0.223052,0.144240,0.130380,0.087271
1741,0.150136,0.043340,0.092315,0.032836,0.262414,0.140589,0.139441,0.057935
1742,-0.239321,-0.147248,-0.161067,-0.101215,-0.343729,-0.224567,-0.203201,-0.118765
1743,0.032840,0.028928,-0.008292,-0.035001,0.215626,0.196562,0.105276,0.074858
1744,0.061621,0.137970,0.035291,0.025379,0.140218,0.203486,0.078063,0.065240
1745,0.007297,0.308634,-0.003953,0.027483,0.001404,0.231385,-0.006167,0.039331
1746,0.102690,0.118574,0.065412,0.043314,0.231493,0.212409,0.123748,0.103379
1747,0.102748,-0.086282,0.058493,0.040800,0.124182,-0.049082,0.082374,0.049808
1748,0.125577,-0.064257,0.056559,0.029007,0.247159,0.068737,0.136980,0.080739
1749,0.116125,0.052810,0.061565,0.024780,0.231112,0.157029,0.106287,0.059799
1750,0.148209,0.091614,0.081508,0.039801,0.327682,0.276109,0.184316,0.125242
1751,-0.002204,-0.025401,-0.013720,-0.023752,0.030252,0.004078,-0.000035,-0.025510
1752,0.238190,0.108615,0.123562,0.069758,0.481996,0.352472,0.265334,0.155266
1753,0.006487,-0.007031,0.000157,-0.014068,0.155289,0.116319,0.074349,0.058650
1754,0.047460,0.041005,0.020930,0.014987,0.055704,0.047336,0.035175,0.027121
1755,0.053051,-0.191050,0.002874,0.009992,0.099899,-0.175550,0.009423,0.016909
1756,-0.006356,-0.020847,-0.017231,-0.006239,-0.019261,-0.055102,-0.030890,-0.018004
1757,-0.008506,0.010007,-0.012127,-0.005660,0.006376,-0.003191,-0.013239,-0.010442
1758,-0.165499,-0.352648,-0.143800,-0.124901,-0.100214,-0.274218,-0.092710,-0.086741
1759,-0.040242,-0.238547,-0.064740,-0.043217,-0.067173,-0.272038,-0.074759,-0.053853
1760,-0.100666,-0.364547,-0.076999,-0.067888,-0.036771,-0.309983,-0.048982,-0.031280
1761,-0.385684,-0.504946,-0.263024,-0.222423,-0.434288,-0.523556,-0.249609,-0.207723
1762,-0.053671,0.089301,-0.017612,-0.017036,-0.082261,0.063160,-0.021993,-0.021990
1763,0.141379,0.081114,0.061555,0.037848,0.263978,0.171450,0.142832,0.117091
1764,0.092674,0.031581,0.029559,0.013078,0.237087,0.155491,0.093835,0.064321
1765,0.117905,0.098314,0.083745,0.048091,0.346964,0.293671,0.209702,0.152339
1766,-0.430998,-0.281789,-0.220897,-0.152524,-0.204927,-0.067091,-0.091617,-0.050663
1767,-0.267800,-0.216925,-0.212169,-0.129025,-0.550998,-0.448850,-0.335453,-0.221591
1768,0.217447,0.267357,0.130054,0.137439,-0.050826,-0.032275,-0.033952,-0.007848
1769,0.032889,0.062003,0.015301,0.034902,-0.225248,-0.191025,-0.105552,-0.071130
1770,0.282724,0.425694,0.200109,0.203513,-0.128480,-0.037254,-0.054949,-0.025057
1771,0.191278,0.188426,0.114591,0.111524,-0.067335,-0.080883,-0.040484,-0.027839
1772,0.318331,0.220534,0.186489,0.178845,0.166164,0.016057,0.076537,0.094584
1773,-0.080467,0.212387,-0.014717,0.026523,-0.582036,-0.311975,-0.268402,-0.222689
1774,-0.066319,0.305709,-0.012077,0.064270,-0.587973,-0.238725,-0.294249,-0.194473
1775,0.136162,0.202535,0.074592,0.076705,-0.255900,-0.207910,-0.134531,-0.133779
1776,-0.019321,0.172214,0.021016,0.039514,-0.296908,-0.121312,-0.142711,-0.106949
1777,0.534842,0.249168,0.296916,0.210127,0.564962,0.215374,0.307942,0.205853
1778,-0.150793,0.058659,-0.081231,-0.035217,-0.359263,-0.164829,-0.202813,-0.149912
1779,-1.064931,-0.561058,-0.683413,-0.478598,-1.339979,-0.766005,-0.703064,-0.527758
1780,-1.478545,-0.878363,-0.950953,-0.704745,-1.471370,-0.794753,-0.752779,-0.548110
1781,-0.820679,-0.305768,-0.510185,-0.303056,-1.465287,-0.880669,-0.751630,-0.547189
1782,0.251649,0.152613,0.150175,0.119063,0.125914,-0.026923,0.056578,0.046470
1783,-0.036321,0.041436,-0.015911,-0.000485,-0.166438,-0.094956,-0.101642,-0.078919
1784,0.371527,0.125309,0.205548,0.150939,0.362636,0.090104,0.202671,0.145286
1785,-0.085902,0.093313,-0.033273,0.004457,-0.439801,-0.252902,-0.224560,-0.180098
1786,-0.378899,-0.003560,-0.196803,-0.082774,-0.837706,-0.432261,-0.438031,-0.299379
1787,-0.176785,0.053159,-0.082727,-0.042910,-0.398023,-0.162507,-0.199716,-0.165571
1788,-0.055199,0.013407,-0.041229,-0.015032,-0.125825,-0.058423,-0.083308,-0.048189
1789,-0.710330,-0.277050,-0.434979,-0.282660,-0.933068,-0.474977,-0.476985,-0.329939
1790,-0.490631,-0.187297,-0.284557,-0.195627,-0.508953,-0.185611,-0.257876,-0.155361
1791,-0.222466,-0.036325,-0.135229,-0.073659,-0.328029,-0.127728,-0.196492,-0.113129
1792,0.487808,0.100993,0.253629,0.147863,0.547844,0.129502,0.300366,0.159440
1793,-0.402915,-0.205500,-0.236612,-0.156032,-0.638898,-0.423021,-0.312798,-0.217257
1794,-0.110204,-0.060841,-0.050898,-0.069179,-0.003110,0.039581,0.010247,-0.029683
1795,-0.953991,-0.290446,-0.575581,-0.362601,-1.273097,-0.563222,-0.690648,-0.492190
1796,-1.077351,-0.344332,-0.676752,-0.445350,-1.495384,-0.741323,-0.785461,-0.556767
1797,-0.727427,-0.103331,-0.405051,-0.260702,-0.999180,-0.358610,-0.508692,-0.405249
1798,0.129431,-0.042847,0.044677,0.042538,0.059956,-0.096165,0.007155,-0.002253
1799,-1.518827,-0.786502,-0.988496,-0.692370,-1.915017,-1.066836,-0.987411,-0.724142
1800,-1.075679,-0.365857,-0.637086,-0.421632,-1.549976,-0.785473,-0.782900,-0.580454
1801,-1.218211,-0.664540,-0.748706,-0.551021,-1.397443,-0.778277,-0.699875,-0.528880
1802,-0.849306,-0.318993,-0.486008,-0.347190,-1.124163,-0.553417,-0.532437,-0.404771
1803,-1.769984,-0.939997,-1.219852,-0.902464,-2.370676,-1.406242,-1.175610,-0.899426
1804,-1.975730,-1.158759,-1.395857,-1.065130,-2.566668,-1.546570,-1.202245,-0.950026
1805,-1.782191,-0.997920,-1.210370,-0.943830,-2.034521,-1.141451,-0.988547,-0.810270
1806,-1.624980,-0.615649,-0.998600,-0.727232,-2.109746,-1.044363,-1.014689,-0.758255
1807,-1.531595,-0.579328,-0.948996,-0.671186,-1.992329,-0.963546,-0.968013,-0.728131
1808,-1.673260,-0.771463,-1.079968,-0.814825,-2.100930,-1.101008,-0.998775,-0.795374
1809,-1.655904,-0.826130,-1.049128,-0.768129,-2.155440,-1.233302,-1.070269,-0.818719
1810,-1.655817,-0.774586,-1.037456,-0.740098,-2.101080,-1.138182,-1.017298,-0.765901
1811,-1.413187,-0.611551,-0.863291,-0.624141,-1.874443,-1.013943,-0.928312,-0.731086
1812,-1.810857,-1.057263,-1.215331,-0.868283,-2.254006,-1.347635,-1.161653,-0.867482
1813,-1.888373,-1.109017,-1.285342,-0.946510,-2.422303,-1.469686,-1.188597,-0.917062
1814,-2.245092,-1.401819,-1.578992,-1.195006,-2.501657,-1.481314,-1.255579,-0.933222
1815,-1.835700,-1.053044,-1.229797,-0.891758,-2.231274,-1.316743,-1.105850,-0.825646
1816,-1.733265,-0.498718,-1.069051,-0.779384,-2.155722,-0.857204,-0.979014,-0.735500
1817,-1.739298,-1.039803,-1.148540,-0.870764,-1.928044,-1.105994,-0.934661,-0.725586
1818,-1.845771,-1.073487,-1.254014,-0.916365,-2.171450,-1.284904,-1.082591,-0.798372
1819,-1.837435,-0.568081,-1.161793,-0.864938,-2.293693,-0.930548,-1.004205,-0.780219
1820,-0.814703,-0.493545,-0.496374,-0.354608,-0.941974,-0.575514,-0.460328,-0.307449
1821,-0.487146,-0.347609,-0.302371,-0.182258,-0.547016,-0.366786,-0.288330,-0.136786
1822,-0.049766,0.254705,-0.004235,0.004979,-0.117868,0.195560,-0.010372,0.010336
1823,-0.105697,-0.094684,-0.059532,-0.027301,-0.128847,-0.144159,-0.094201,-0.044532
1824,-0.185267,-0.153589,-0.092756,-0.042948,-0.171068,-0.112622,-0.080486,0.009206
1825,-0.000132,-0.031647,-0.010651,0.012869,0.011838,-0.046947,-0.020793,-0.007108
1826,-0.325435,-0.367047,-0.212078,-0.202400,-0.337382,-0.360888,-0.183841,-0.165981
1827,-0.329854,-0.323781,-0.227022,-0.198464,-0.265897,-0.249454,-0.152442,-0.130862
1828,-0.136482,-0.232051,-0.086483,-0.076964,-0.132962,-0.205800,-0.062774,-0.039194
1829,-0.703572,-0.535773,-0.438017,-0.344452,-0.977415,-0.735542,-0.466384,-0.348549
1830,0.538073,0.239582,0.260768,0.221298,0.953639,0.635394,0.486695,0.310684
1831,-0.398921,-0.379107,-0.332466,-0.230796,-0.504735,-0.438435,-0.330309,-0.201859
1832,-0.329015,-0.250973,-0.207813,-0.166141,-0.354259,-0.238094,-0.178975,-0.100574
1833,0.011023,0.029045,0.012805,0.020905,-0.281442,-0.260601,-0.122108,-0.037907
1834,-0.131862,-0.052207,-0.057802,-0.042195,-0.214809,-0.105610,-0.079020,-0.022601
1835,0.187164,0.205580,0.125709,0.088258,-0.076445,-0.070431,0.001692,-0.021179
1836,0.057322,0.031671,0.092584,0.031110,0.181756,0.124723,0.147633,0.136384
1837,-0.005212,-0.179012,0.028136,-0.114502,0.685123,0.491156,0.434322,0.286949
1838,0.256504,0.133070,0.147257,0.104870,0.367920,0.274961,0.228065,0.229177
1839,-0.404881,-0.290200,-0.247522,-0.253974,-0.359470,-0.227093,-0.174996,-0.143193
1840,-0.149593,-0.188814,-0.077944,-0.124954,0.089257,0.045687,0.060514,0.057328
1841,-0.254640,-0.227304,-0.125456,-0.189041,0.008542,0.038327,0.044822,-0.027411
1842,-0.533466,-0.549824,-0.345041,-0.381122,-0.001743,-0.011876,-0.013466,-0.028264
1843,-0.524373,-0.521739,-0.334481,-0.353607,-0.211765,-0.188739,-0.110746,-0.086699
1844,0.353405,0.348836,0.190219,0.173606,0.520203,0.482599,0.265557,0.127176
1845,-0.268640,-0.185032,-0.164462,-0.138035,-0.268857,-0.165280,-0.134426,-0.098677
1846,0.173020,0.159040,0.085981,0.077711,0.296853,0.284700,0.159496,0.059019
1847,-0.128516,-0.132992,-0.050817,-0.092569,0.072537,0.059102,0.042434,0.060575
1848,-0.108142,-0.047759,-0.049465,-0.080657,-0.026975,0.009520,-0.018018,-0.029119
1849,0.414113,0.342160,0.273718,0.183409,0.644724,0.520761,0.374002,0.260048
1850,-0.425166,-0.414741,-0.260885,-0.287251,-0.390337,-0.362268,-0.173957,-0.172003
1851,-0.114371,-0.161703,-0.039414,-0.088625,-0.026297,-0.068065,0.022871,0.015349
1852,0.181487,0.119134,0.092592,0.067604,0.230894,0.147471,0.131675,0.084440
1853,0.097924,0.135024,0.064616,0.087901,-0.020898,0.024658,-0.031811,0.011997
1854,0.107931,0.134990,0.118613,0.042951,0.456568,0.433438,0.280105,0.221846
1855,0.302074,0.231476,0.203103,0.169475,0.235301,0.131854,0.144459,0.134886
1856,0.163175,0.102123,0.109241,0.104591,0.170159,0.126159,0.152790,0.090848
1857,0.112481,0.138149,0.087689,0.107695,0.073131,0.099841,0.043895,0.083502
1858,0.129356,0.107810,0.095240,0.071089,0.130901,0.077802,0.075372,0.076208
1859,-0.140451,-0.157754,-0.097921,-0.080271,0.065644,0.042874,0.056092,0.090134
1860,-0.240688,-0.502942,-0.158501,-0.230826,0.657216,0.409627,0.424262,0.349374
1861,-0.018161,-0.169291,-0.053493,-0.059056,0.211852,0.047112,0.094450,0.107454
1862,-0.136721,-0.156218,-0.132183,-0.088299,-0.051323,-0.050459,-0.053618,-0.034807
1863,-0.380465,-0.322629,-0.268261,-0.209991,-0.303115,-0.228293,-0.183899,-0.135878
1864,-0.308563,-0.279488,-0.215333,-0.156565,-0.366152,-0.308669,-0.203390,-0.135290
1865,-0.225500,-0.167217,-0.128908,-0.114824,-0.222240,-0.161461,-0.103635,-0.082320
1866,-0.544725,-0.430515,-0.351509,-0.283753,-0.478785,-0.344386,-0.262340,-0.186695
1867,-0.522509,-0.435804,-0.351746,-0.277553,-0.507507,-0.383776,-0.279608,-0.197273
1868,-0.739630,-0.578489,-0.459033,-0.355582,-0.948201,-0.725032,-0.514041,-0.379253
1869,-0.646528,-0.576862,-0.440438,-0.338960,-0.577961,-0.463463,-0.323456,-0.219829
1870,-0.358922,-0.347615,-0.248453,-0.196586,-0.218353,-0.177265,-0.140548,-0.124077
1871,-0.459242,-0.424489,-0.333275,-0.250723,-0.350103,-0.271524,-0.220152,-0.144834
1872,-0.243963,-0.248689,-0.172322,-0.107290,0.207592,0.231806,0.114132,0.054999
1873,-0.294336,-0.289194,-0.215381,-0.184608,0.030340,0.043891,-0.032454,0.003081
1874,-0.006615,-0.056065,-0.034285,-0.029217,0.200334,0.135943,0.067379,0.073750
1875,-0.019225,0.029828,0.005863,0.023490,0.109654,0.156994,0.058383,0.075239
1876,-0.230302,-0.164672,-0.125454,-0.140797,0.045967,0.099310,0.054485,0.031352
1877,-0.189285,-0.113263,-0.091334,-0.075244,-0.052448,0.023923,-0.026989,0.006672
1878,-0.419898,-0.302220,-0.259769,-0.202430,-0.341270,-0.215051,-0.190745,-0.106931
1879,0.429747,0.366589,0.219116,0.191148,-0.008889,-0.087904,0.008475,-0.043327
1880,0.322125,0.221264,0.168985,0.147473,0.186211,0.075217,0.097296,0.051454
1881,-0.146204,-0.150885,-0.109700,-0.071639,-0.268763,-0.246294,-0.157652,-0.102026
1882,-0.494289,-0.320239,-0.312920,-0.216060,-0.743738,-0.501973,-0.392440,-0.285461
1883,-0.378848,-0.259683,-0.203604,-0.152516,-0.561732,-0.403470,-0.269984,-0.191957
1884,-1.017519,-0.699689,-0.666548,-0.477694,-1.321156,-0.893486,-0.663972,-0.456895
1885,0.055906,-0.005528,0.020813,0.021392,-0.004175,-0.051606,-0.009919,-0.000468
1886,-1.067428,-0.777431,-0.688682,-0.564253,-1.079765,-0.707554,-0.537749,-0.408236
1887,-1.302041,-0.918713,-0.843762,-0.641987,-1.706454,-1.162224,-0.856767,-0.650054
1888,0.134538,0.036248,0.049486,0.024405,0.208064,0.107891,0.097256,0.075529
1889,-1.157216,-0.818146,-0.759794,-0.577993,-1.529590,-1.057472,-0.774070,-0.593150
1890,-1.802497,-1.237226,-1.202669,-1.020798,-2.014470,-1.303982,-0.942663,-0.797679
1891,-1.575026,-0.899044,-0.930985,-0.726231,-1.653638,-0.901508,-0.748319,-0.520214
1892,-1.636063,-1.082748,-1.102305,-0.872637,-1.973487,-1.263189,-0.970047,-0.767001
1893,-1.880393,-1.252108,-1.293469,-0.989712,-2.222078,-1.404172,-1.096827,-0.840399
1894,-0.659436,-0.491672,-0.441417,-0.340975,-0.767896,-0.538532,-0.433901,-0.308627
1895,-0.931255,-0.591661,-0.559975,-0.411506,-1.325991,-0.896825,-0.653848,-0.471510
1896,-1.666081,-0.962078,-1.054746,-0.826662,-2.000237,-1.195050,-0.912045,-0.717972
1897,-1.641060,-0.944209,-1.012719,-0.812389,-1.979913,-1.191274,-0.888578,-0.715137
1898,-1.741885,-1.005839,-1.157625,-0.875218,-2.253377,-1.379825,-1.075678,-0.814551
1899,-2.420193,-1.636922,-1.745033,-1.404445,-2.667985,-1.678768,-1.287056,-1.054096
1900,-1.891698,-1.085510,-1.225984,-0.959273,-2.248521,-1.320358,-1.047234,-0.822304
1901,-1.785699,-1.168882,-1.201532,-0.881183,-2.191253,-1.438580,-1.076950,-0.793344
1902,-0.461838,-0.295710,-0.272450,-0.156236,-0.551250,-0.338711,-0.301619,-0.160203
1903,-1.385561,-0.947969,-0.886364,-0.696286,-1.741048,-1.157356,-0.861680,-0.666368
1904,0.342093,0.236140,0.201700,0.149015,0.541521,0.375575,0.301231,0.241741
1905,-1.899229,-1.147762,-1.248937,-0.964565,-2.289979,-1.388076,-1.067114,-0.818477
1906,-1.894604,-1.158408,-1.232473,-0.963326,-2.222509,-1.355207,-1.046435,-0.811029
1907,-1.992433,-1.244457,-1.337133,-1.060899,-2.344174,-1.443463,-1.095538,-0.876287
1908,-2.391246,-1.567956,-1.689981,-1.368973,-2.647461,-1.630298,-1.241513,-1.017953
1909,-2.057231,-1.230092,-1.359223,-1.097408,-2.411769,-1.440644,-1.092149,-0.903610
1910,-2.064269,-1.284362,-1.390915,-1.100000,-2.395228,-1.461407,-1.126728,-0.890046
1911,-1.804436,-1.116593,-1.171885,-0.898926,-2.239749,-1.390262,-1.066077,-0.816144
1912,0.402218,0.260139,0.218002,0.145557,0.583847,0.408897,0.319952,0.242692
1913,-1.541402,-0.881157,-0.942846,-0.729368,-2.069164,-1.266442,-0.953509,-0.753178
1914,-0.107465,-0.034567,-0.086493,-0.018039,-0.217320,-0.133520,-0.114948,-0.081314
1915,-1.072680,-0.534482,-0.627010,-0.429868,-1.515526,-0.879416,-0.699851,-0.509866
1916,-0.624769,-0.445730,-0.353067,-0.301422,-0.771207,-0.554013,-0.372628,-0.299459
1917,-1.147493,-0.738547,-0.718118,-0.517110,-1.527001,-1.005738,-0.740223,-0.532825
1918,0.226378,0.186392,0.141325,0.107641,0.212761,0.173272,0.113253,0.131657
1919,-1.109140,-0.659359,-0.612863,-0.510595,-1.481711,-0.921114,-0.603046,-0.499297
1920,-0.059814,-0.036547,-0.017278,-0.016510,-0.067886,-0.039151,0.008707,0.012620
1921,0.192903,0.063107,0.082483,0.038917,0.361594,0.199987,0.171312,0.137060
1922,-0.000736,-0.036754,0.002432,-0.029231,0.077768,0.048938,0.066689,0.029795
1923,-0.370211,-0.241331,-0.188991,-0.157011,-0.500880,-0.345167,-0.211505,-0.158798
1924,0.025811,-0.001871,0.043617,0.019929,0.024354,0.009009,0.035956,0.041617
1925,-0.201458,-0.129812,-0.092899,-0.099167,-0.189783,-0.122318,-0.053586,-0.037572
1926,-0.050416,-0.032835,-0.022979,-0.043944,0.044049,0.028825,0.023283,0.020653
1927,-0.052334,-0.007631,0.039784,0.001579,-0.015787,0.007568,0.064140,0.009768
1928,-0.074946,-0.047549,-0.118588,-0.054968,-0.232021,-0.190410,-0.182541,-0.177914
1929,-0.117465,-0.084062,-0.067235,-0.040229,-0.147567,-0.113387,-0.086313,-0.026957
1930,-0.415588,-0.324246,-0.288146,-0.222374,-0.500807,-0.372314,-0.292532,-0.229702
1931,-0.088327,-0.092669,-0.092120,-0.062033,-0.171367,-0.165756,-0.131756,-0.076625
1932,0.146790,0.086661,0.050341,0.037753,0.184838,0.082658,0.038789,0.040731
1933,0.331336,0.161903,0.161567,0.105669,0.399206,0.186179,0.157054,0.129691
1934,-0.431085,-0.217334,-0.256000,-0.189020,-0.516580,-0.259648,-0.262526,-0.205027
1935,-0.733124,-0.441137,-0.453355,-0.374094,-0.480575,-0.100059,-0.242293,-0.183660
1936,-0.173728,-0.090544,-0.095002,-0.080622,-0.285631,-0.188598,-0.144495,-0.108661
1937,0.352211,0.156669,0.165686,0.141377,0.683156,0.376930,0.285107,0.283827
1938,0.014347,-0.081726,-0.031120,-0.020922,0.067435,-0.040444,-0.036561,0.018737
1939,0.235666,-0.005023,0.103810,0.066694,0.554204,0.239833,0.249948,0.233655
1940,0.108131,-0.082119,0.032852,-0.006011,0.393544,0.141774,0.167710,0.150477
1941,0.555269,0.356251,0.263659,0.074275,1.149498,0.910255,0.641695,0.404768
1942,-0.370070,-0.482555,-0.327844,-0.318487,-0.103561,-0.225787,-0.128639,-0.134965
1943,0.213784,0.006971,0.004745,0.015013,0.347097,0.094910,0.059339,0.029311
1944,0.362634,0.145410,0.175866,0.111327,0.617517,0.280860,0.250650,0.229210
1945,0.101119,-0.133225,0.026418,-0.034807,0.411715,0.113873,0.169438,0.160844
1946,-0.109411,-0.020864,-0.006373,-0.065241,0.014879,0.125501,0.101686,0.046535
1947,0.274868,0.157006,0.189252,0.108917,0.427695,0.275343,0.261025,0.190067
1948,-0.284669,-0.311786,-0.183971,-0.203030,0.032556,-0.011296,-0.023806,0.017011
1949,0.567436,0.262343,0.285665,0.208502,1.016236,0.617501,0.515718,0.449951
1950,-0.292115,-0.230023,-0.154252,-0.138411,-0.017005,0.045453,0.007219,0.077904
1951,0.630916,0.391744,0.308151,0.138171,1.338929,1.093265,0.745646,0.454379
1952,0.106269,0.167383,0.116068,0.118265,0.273515,0.371103,0.215134,0.190345
1953,0.682021,0.441550,0.251851,0.283436,0.474115,0.240339,0.167499,0.090691
1954,-0.065197,-0.007184,0.007833,-0.044689,0.148797,0.209343,0.135337,0.117355
1955,-0.180129,-0.110791,-0.086905,-0.093376,0.050087,0.103023,0.040728,0.063192
1956,-0.154322,-0.089765,-0.056713,-0.108132,0.080453,0.141285,0.101513,0.073000
1957,-0.014972,-0.191079,0.015129,-0.072782,0.411846,0.219731,0.262475,0.199746
1958,-0.153677,-0.157845,-0.053378,-0.100701,0.171341,0.182714,0.130763,0.125098
1959,0.505300,0.407048,0.341655,0.196165,1.214733,1.106354,0.762262,0.526412
1960,0.419610,0.373738,0.164135,0.208460,0.597221,0.478200,0.187742,0.161448
1961,-1.558320,-1.412269,-1.018087,-1.182383,0.974258,0.938914,0.376274,0.175013
1962,0.074193,0.108188,-0.008121,0.003251,0.037884,0.022544,-0.094195,-0.035542
1963,-0.537285,-0.386386,-0.235422,-0.229744,0.060106,0.244283,0.102736,0.178294
1964,0.242493,0.196077,0.169936,0.108454,0.331458,0.225216,0.185031,0.154455
1965,-0.906090,-0.765337,-0.564695,-0.601003,-0.329592,-0.134995,-0.110433,-0.135299
1966,0.197465,0.194961,0.180372,0.121886,-0.219765,-0.179287,-0.005815,-0.007793
1967,-0.458200,-0.367958,-0.227769,-0.258336,-0.515520,-0.349468,-0.109301,-0.124445
1968,-0.711826,-0.556344,-0.441185,-0.358747,-0.698110,-0.446322,-0.309417,-0.258641
1969,-1.138212,-0.798360,-0.627388,-0.576460,-1.032175,-0.598607,-0.337537,-0.291812
1970,-0.264677,-0.194994,-0.149253,-0.119667,-0.229702,-0.139711,-0.109371,-0.073827
1971,-0.625976,-0.553104,-0.346738,-0.392351,-0.090543,0.011335,0.005772,-0.036229
1972,-0.483476,-0.341289,-0.262228,-0.305155,-0.542586,-0.345542,-0.213865,-0.226090
1973,0.250570,0.112325,0.165407,0.108641,0.075721,0.014548,0.131730,0.102684
1974,-0.809690,-0.631589,-0.369643,-0.360817,-0.112415,0.087994,0.070838,0.029241
1975,0.045803,0.028203,0.111169,-0.014433,-0.012027,0.062005,0.179687,0.027722
1976,-0.253767,-0.197669,-0.162469,-0.176995,-0.338961,-0.197788,-0.141381,-0.161267
1977,-0.739698,-0.601280,-0.477310,-0.391648,-0.739542,-0.505822,-0.358044,-0.299706
1978,-0.824222,-0.658490,-0.529428,-0.440542,-0.978728,-0.698786,-0.478991,-0.372641
1979,0.125715,0.030205,0.095608,0.065555,-0.154862,-0.163007,0.031756,0.060213
1980,0.568608,0.508702,0.355160,0.272532,0.842146,0.789796,0.520856,0.396255
1981,0.350703,0.311726,0.222515,0.231838,0.005564,0.008547,0.074572,0.104592
1982,0.256263,0.187953,0.138891,0.130976,0.153268,0.087446,0.085701,0.078560
1983,-0.055132,-0.052028,0.012821,-0.054332,-0.058735,-0.008518,0.068233,0.016991
1984,0.079529,0.027130,0.075383,0.051049,0.106505,0.062072,0.090474,0.096229
1985,-0.581259,-0.403872,-0.315905,-0.277873,-0.756614,-0.496108,-0.337115,-0.245768
1986,-0.103287,-0.036810,-0.065775,-0.106738,-0.278571,-0.182478,-0.094684,-0.118209
1987,-0.161061,-0.016063,-0.076872,-0.055103,-0.425465,-0.217202,-0.199378,-0.167908
1988,-0.078701,0.018555,-0.047632,-0.019840,-0.165741,-0.046364,-0.055509,-0.078879
1989,-0.791941,-0.477835,-0.452882,-0.407797,-0.719317,-0.395787,-0.346512,-0.256197
1990,0.445563,0.341599,0.224381,0.222911,0.585865,0.330738,0.207397,0.232171
1991,0.028920,0.006556,-0.001928,0.009217,0.049542,-0.007031,-0.028420,-0.000171
1992,-0.126350,-0.173316,-0.098060,-0.109912,-0.034879,-0.059450,-0.020275,-0.013382
1993,0.020803,-0.144905,0.004096,-0.073281,0.246973,0.094425,0.138516,0.092100
1994,-0.094213,-0.165842,-0.106108,-0.133990,-0.167232,-0.196255,-0.112641,-0.143692
1995,-0.100209,-0.143602,-0.068215,-0.116090,1.041227,0.794470,0.446342,0.351629
1996,-0.558751,-0.521590,-0.317338,-0.367364,0.153425,0.162885,0.110676,0.037365
1997,-0.885713,-0.749076,-0.516860,-0.513322,-0.222640,-0.084125,-0.065245,-0.089285
1998,-1.501772,-1.296552,-0.939516,-1.006623,0.417375,0.488230,0.169176,0.032897
1999,-0.946320,-0.685003,-0.574289,-0.516016,-0.547429,-0.232892,-0.260414,-0.236761
2000,0.093953,-0.002410,0.088471,0.012628,0.242879,0.141348,0.189166,0.085982
2001,0.348511,0.267546,0.249054,0.170027,0.551339,0.393388,0.353204,0.248619
2002,-0.041634,-0.053415,-0.022015,-0.019678,-0.032270,-0.032448,0.010028,0.016360
2003,-0.420945,-0.290659,-0.253372,-0.259751,-0.543747,-0.372842,-0.295061,-0.286297
2004,0.479228,0.384371,0.248667,0.231415,0.707404,0.463957,0.282552,0.267746
2005,-0.163742,-0.139381,-0.120995,-0.109440,-0.152084,-0.117951,-0.105149,-0.080346
2006,-0.434522,-0.298522,-0.296864,-0.224671,-0.554671,-0.375611,-0.311935,-0.249611
2007,0.010473,0.010730,0.018238,0.018309,0.099353,0.102761,0.059728,0.061661
2008,-0.201807,-0.149130,-0.152521,-0.115254,-0.220949,-0.156167,-0.140151,-0.123145
2009,-0.039657,-0.012614,-0.011162,-0.011444,-0.041292,-0.011739,-0.007590,-0.010332
2010,0.032420,0.071416,0.088919,0.051731,0.100546,0.116507,0.095077,0.022985
2011,-0.028228,0.078298,0.030891,0.024476,-0.067431,0.030010,0.001050,-0.013006
2012,-0.128719,-0.098483,-0.082296,-0.068389,-0.131058,-0.100491,-0.055524,-0.043068
2013,-0.270253,-0.190994,-0.148957,-0.138829,-0.293292,-0.194176,-0.121528,-0.118500
2014,-0.883186,-0.599256,-0.525138,-0.495623,-0.749071,-0.400585,-0.326632,-0.310938
2015,-0.622652,-0.349295,-0.321451,-0.233944,-0.877392,-0.520409,-0.388731,-0.293300
2016,-1.222952,-0.777159,-0.714819,-0.599841,-1.594319,-0.989205,-0.637876,-0.534384
2017,0.252090,0.138962,0.139250,0.128894,0.224038,0.092082,0.106393,0.111167
2018,-0.712535,-0.463560,-0.432668,-0.326163,-0.936350,-0.581334,-0.406540,-0.296462
2019,-1.724452,-1.123567,-1.089399,-0.912404,-1.998345,-1.216743,-0.845830,-0.736362
2020,0.314864,0.178217,0.176661,0.129016,0.409891,0.224115,0.219660,0.164388
2021,-0.874800,-0.548454,-0.555750,-0.417764,-1.128181,-0.680007,-0.533850,-0.454201
2022,-2.283539,-1.597434,-1.497881,-1.383672,-2.274848,-1.414221,-0.932045,-0.857460
2023,-2.042821,-1.339426,-1.285861,-1.126843,-2.112889,-1.254335,-0.877845,-0.721229
2024,-2.083201,-1.410042,-1.352530,-1.220623,-2.104194,-1.271492,-0.893898,-0.795100
2025,-1.883080,-1.203785,-1.203844,-1.000785,-1.955361,-1.126755,-0.874239,-0.690722
2026,-0.489058,-0.159756,-0.213835,-0.200860,-0.754946,-0.344369,-0.301670,-0.305732
2027,-1.754376,-1.150585,-1.109621,-0.959574,-1.983259,-1.206756,-0.846780,-0.711493
2028,-2.179249,-1.493069,-1.452663,-1.284215,-2.232496,-1.365323,-0.960263,-0.801694
2029,-2.498966,-1.756846,-1.680085,-1.532492,-2.512076,-1.556594,-1.068320,-0.925100
2030,-2.552293,-1.748661,-1.747309,-1.537245,-2.560422,-1.544669,-1.121321,-0.906374
2031,-2.469809,-1.692153,-1.698226,-1.503906,-2.622245,-1.611250,-1.124949,-0.969480
2032,-2.538643,-1.733804,-1.723263,-1.570967,-2.486350,-1.477713,-1.038046,-0.875676
2033,-2.555627,-1.788233,-1.777117,-1.562015,-2.558732,-1.572648,-1.125918,-0.918902
2034,-2.537863,-1.721251,-1.624024,-1.532933,-2.576355,-1.556806,-1.027780,-0.994724
2035,0.107881,0.116181,0.124265,0.074657,0.139952,0.116609,0.128827,0.085862
2036,-2.590245,-1.798203,-1.789608,-1.574631,-2.541006,-1.527511,-1.083401,-0.872041
2037,-2.578335,-1.765004,-1.745680,-1.540099,-2.500451,-1.483788,-1.076050,-0.859633
2038,-2.577754,-1.819382,-1.758207,-1.570088,-2.577839,-1.591109,-1.107894,-0.914720
2039,-2.631642,-1.826094,-1.806811,-1.571196,-2.605054,-1.568285,-1.095821,-0.870072
2040,-2.459119,-1.682100,-1.672278,-1.455823,-2.509042,-1.504464,-1.065236,-0.841119
2041,-2.466186,-1.777997,-1.712818,-1.531896,-2.481994,-1.550252,-1.067264,-0.874117
2042,-3.172822,-2.210028,-2.252206,-2.009825,-2.903156,-1.720399,-1.260910,-1.094666
2043,-2.206079,-1.498211,-1.445166,-1.280579,-2.403599,-1.468596,-0.998905,-0.828390
2044,-0.423982,-0.346338,-0.285230,-0.235981,-0.394975,-0.273848,-0.223453,-0.165600
2045,-1.360109,-0.864465,-0.845707,-0.686949,-1.602902,-0.975108,-0.722903,-0.559336
2046,-0.368189,-0.284233,-0.243300,-0.162476,-0.393887,-0.275380,-0.216913,-0.126622
2047,-0.958169,-0.646676,-0.620430,-0.462166,-1.127210,-0.723713,-0.556039,-0.394332
2048,-0.845015,-0.526877,-0.500690,-0.393666,-0.957638,-0.573908,-0.426090,-0.320545
2049,-0.056827,-0.074091,-0.058280,-0.033704,-0.032407,-0.058802,-0.038581,-0.015025
2050,-0.025559,0.003491,-0.006460,-0.006249,-0.086535,-0.039909,-0.041971,-0.040357
2051,-0.039497,0.058715,0.009649,-0.014665,-0.176268,-0.067150,-0.074669,-0.110920
2052,0.167511,0.191462,0.098381,0.089472,0.057337,0.086549,0.030512,-0.012150
2053,-0.323164,-0.251661,-0.243641,-0.184798,-0.314914,-0.229291,-0.207871,-0.145735
2054,-0.250312,-0.180486,-0.128963,-0.100022,-0.117385,-0.068557,-0.033150,-0.028051
2055,-0.148769,-0.113986,-0.091016,-0.073913,-0.096215,-0.069311,-0.046725,-0.037264
2056,-0.026419,-0.040603,-0.055598,-0.052041,-0.107680,-0.125486,-0.121809,-0.109511
2057,0.011205,0.005331,0.014756,-0.009959,0.030632,0.034556,0.012444,-0.017534
2058,-0.148019,-0.275445,-0.132137,-0.135252,0.120009,-0.052518,0.031909,0.002588
2059,-0.055336,-0.017428,-0.011198,-0.008758,-0.065822,-0.027144,-0.022496,-0.034931
2060,-0.222952,-0.123742,-0.116011,-0.119627,-0.401371,-0.280018,-0.210443,-0.197408
2061,-0.078116,-0.002047,0.039091,-0.052835,-0.043916,0.062546,0.139330,-0.010401
2062,0.153510,0.153175,0.105019,0.094114,0.124944,0.151375,0.114900,0.087322
2063,-0.010837,-0.037151,-0.037986,-0.003999,-0.065149,-0.080167,-0.053866,0.006946
2064,-0.132011,-0.026191,-0.132230,-0.071147,-0.304360,-0.129673,-0.174094,-0.101617
2065,-0.555716,-0.345580,-0.376603,-0.264252,-0.773457,-0.497381,-0.426483,-0.281677
2066,0.212234,0.128413,0.098664,0.096292,0.177048,0.098956,0.080200,0.088055
2067,-0.140011,-0.101027,-0.134163,-0.106611,-0.158623,-0.113978,-0.130178,-0.103309
2068,0.102522,0.063260,0.048000,0.030872,0.185065,0.130399,0.100018,0.099051
2069,-0.447639,-0.342196,-0.318678,-0.284573,-0.279782,-0.173712,-0.184909,-0.163990
2070,0.379312,0.089417,0.125041,0.075657,0.593768,0.216946,0.267954,0.202798
2071,0.029061,0.121381,0.062830,0.067783,0.047763,0.102769,0.037713,0.061130
2072,0.370949,0.196846,0.217194,0.147205,0.448646,0.257901,0.242257,0.143022
2073,-0.537781,-0.358037,-0.354136,-0.287132,-0.641632,-0.443054,-0.385551,-0.294333
2074,-0.100444,-0.057080,-0.049679,-0.068086,0.023988,0.039658,0.007507,0.000029
2075,-0.071970,0.031820,-0.044462,-0.039788,-0.141654,-0.043597,-0.079135,-0.069423
2076,0.673140,0.328950,0.300753,0.224785,1.129597,0.639414,0.527467,0.429109
2077,0.255024,0.149314,0.113514,0.082368,0.385691,0.217347,0.137451,0.108349
2078,0.327860,0.214478,0.156227,0.142642,0.470850,0.279590,0.211130,0.182452
2079,-0.063454,-0.063545,-0.054199,-0.063655,-0.077361,-0.101469,-0.045377,-0.076953
2080,-0.636718,-0.215345,-0.495481,-0.414788,-0.506074,-0.045131,-0.326084,-0.254993
2081,0.224090,0.179416,0.115105,0.080376,0.249177,0.180135,0.124020,0.069104
2082,0.093356,0.125023,0.078734,0.069123,0.082721,0.099944,0.060717,0.050922
2083,-0.160250,-0.156714,-0.133619,-0.150491,-0.160368,-0.133981,-0.099372,-0.125385
2084,0.213744,0.108719,0.128396,0.063994,0.012847,-0.111960,0.020424,0.001101
2085,0.795079,0.713497,0.445139,0.301895,1.807843,1.604476,1.021822,0.762001
2086,-0.739160,-0.610046,-0.518725,-0.447562,-0.935935,-0.703955,-0.518686,-0.464619
2087,0.222697,0.050312,0.008101,0.050411,0.024541,-0.093096,-0.081701,0.019897
2088,-0.296834,-0.229307,-0.147204,-0.111423,-0.352454,-0.217597,-0.134718,-0.079786
2089,-0.256131,-0.235525,-0.276603,-0.181284,-0.455603,-0.424811,-0.351478,-0.307400
2090,-0.468131,-0.340341,-0.314077,-0.246478,-0.521672,-0.370218,-0.306443,-0.233687
2091,-0.122986,-0.051889,-0.060024,-0.035265,-0.049881,0.010324,-0.017706,-0.023692
2092,0.444792,0.055402,0.096194,0.017911,0.964619,0.418118,0.364830,0.275169
2093,0.030943,-0.117550,-0.042315,-0.092653,-0.056681,-0.280830,-0.070762,-0.116317
2094,-0.037176,-0.050406,-0.066526,-0.034493,-0.046140,-0.083764,-0.120157,-0.062301
2095,-0.333329,-0.293768,-0.332263,-0.174777,-0.625219,-0.501677,-0.443364,-0.241813
2096,0.321130,0.091887,0.088546,0.090826,0.531294,0.282966,0.177434,0.183143
2097,0.184251,0.046406,0.063851,0.055668,0.239567,0.080985,0.117546,0.131312
2098,-0.584629,-0.354617,-0.401749,-0.307145,-0.856369,-0.572474,-0.483591,-0.361465
2099,-0.436929,-0.283326,-0.248877,-0.235868,-0.835024,-0.649993,-0.425188,-0.299216
2100,-0.308789,-0.220077,-0.234667,-0.196327,-0.663234,-0.506644,-0.377497,-0.236789
2101,-0.303186,-0.130223,-0.201509,-0.212421,-0.803780,-0.599319,-0.360950,-0.268928
2102,0.499180,0.029706,0.298441,0.035122,1.319092,0.682997,0.790683,0.495534
2103,-0.629755,-0.374764,-0.354059,-0.318382,-0.965837,-0.665729,-0.481592,-0.316713
2104,-0.460900,-0.289517,-0.235640,-0.243061,-0.725461,-0.530930,-0.378585,-0.268317
2105,-0.582166,-0.353005,-0.359631,-0.341959,-1.000114,-0.719340,-0.506256,-0.382174
2106,-0.733685,-0.376694,-0.397937,-0.352742,-1.178446,-0.771153,-0.548312,-0.386688
2107,-0.747362,-0.368542,-0.420725,-0.371490,-1.250353,-0.792934,-0.596800,-0.427553
2108,-0.968733,-0.638583,-0.606001,-0.561069,-1.373951,-0.960444,-0.675142,-0.562092
2109,-0.782434,-0.437687,-0.491757,-0.385492,-1.448837,-0.981625,-0.703162,-0.507453
2110,-0.578141,-0.304696,-0.301413,-0.258875,-1.096351,-0.742103,-0.529581,-0.380409
2111,-0.496841,-0.236557,-0.286359,-0.231405,-0.996475,-0.655354,-0.473377,-0.345919
2112,-0.255799,-0.123284,-0.136139,-0.102404,-0.600574,-0.423275,-0.301562,-0.198957
2113,-0.622758,-0.230491,-0.365255,-0.295151,-1.183928,-0.753686,-0.603119,-0.436388
2114,0.319870,0.043886,0.114506,0.028140,0.688717,0.360156,0.333028,0.212200
2115,-0.247405,-0.248759,-0.189097,-0.185400,-0.075808,-0.098449,-0.090970,-0.098814
2116,-0.180611,-0.214329,-0.156091,-0.140737,-0.128685,-0.172812,-0.104434,-0.091749
2117,-0.142187,-0.136497,-0.108699,-0.110775,-0.038247,-0.046385,-0.020912,-0.040314
2118,-0.221720,-0.182994,-0.150475,-0.144991,-0.313805,-0.250289,-0.163231,-0.155180
2119,-0.310448,-0.214542,-0.188305,-0.171310,-0.493130,-0.328565,-0.224428,-0.219450
2120,-0.007563,-0.088304,-0.036628,-0.014565,0.002954,-0.064095,-0.020104,-0.005224
2121,-0.115049,-0.016575,-0.069722,-0.019285,-0.291160,-0.174654,-0.160075,-0.088605
2122,-0.170115,-0.094312,-0.136133,-0.081145,-0.393721,-0.296985,-0.258879,-0.178893
2123,-0.153502,-0.105294,-0.129807,-0.088107,-0.188945,-0.144141,-0.143703,-0.135477
2124,-0.105063,-0.098302,-0.072694,-0.069707,-0.150228,-0.114733,-0.108679,-0.073409
2125,0.379047,0.120385,0.216763,0.095024,0.816352,0.451185,0.508501,0.351478
2126,-0.355133,-0.187501,-0.173069,-0.204479,-0.206059,-0.107715,-0.077854,-0.094049
2127,0.045309,0.048281,0.062756,0.028946,-0.132254,-0.085962,0.003290,-0.031712
2128,-0.625848,-0.430411,-0.394439,-0.325832,-0.509558,-0.311407,-0.249704,-0.168396
2129,-0.184424,-0.120867,-0.070987,-0.084688,-0.195246,-0.136207,-0.068393,-0.029374
2130,0.542885,0.160233,0.244442,0.167665,0.665039,0.275651,0.345254,0.282053
2131,-0.014876,-0.022001,0.044104,0.021046,-0.010476,-0.017355,0.053186,0.083184
2132,-0.061500,0.050340,-0.011364,-0.034599,-0.039661,-0.044968,-0.040660,-0.012572
2133,-0.093513,-0.019768,-0.001758,-0.005429,-0.150968,-0.046413,-0.040865,-0.014416
2134,-0.019667,0.101099,0.026298,0.010979,-0.038076,-0.056432,-0.052512,0.017143
2135,0.115914,0.194463,0.195004,-0.043423,0.634691,0.524902,0.328515,0.081001
2136,-0.425495,-0.243247,-0.196487,-0.155421,-0.544751,-0.299808,-0.196512,-0.185384
2137,-0.745374,-0.566823,-0.422144,-0.369638,-0.245551,-0.072046,-0.050884,-0.098329
2138,-0.421405,-0.210572,-0.208882,-0.169268,-0.191908,0.005515,-0.049695,-0.040208
2139,-0.568110,-0.440614,-0.353218,-0.292162,-0.268026,-0.105256,-0.133215,-0.113788
2140,-0.567223,-0.397114,-0.306473,-0.226709,-0.684593,-0.424942,-0.274303,-0.212881
2141,-0.579244,-0.290682,-0.243581,-0.156433,-0.680344,-0.320868,-0.232255,-0.168703
2142,0.067047,-0.144555,-0.061315,-0.048046,0.282469,0.106989,0.107386,0.093514
2143,0.641974,0.123375,0.196543,0.154634,1.178251,0.587234,0.515875,0.391572
2144,-0.050373,-0.139321,-0.088167,-0.040485,-0.102337,-0.103233,-0.076881,-0.044446
2145,0.468218,0.004890,0.143123,0.046089,0.905056,0.348171,0.433692,0.270707
2146,-0.099189,-0.155629,-0.086937,-0.063171,-0.261392,-0.227983,-0.105164,-0.098252
2147,-0.193995,-0.215145,-0.123582,-0.103024,-0.154408,-0.132904,-0.055290,-0.043993
2148,-0.181315,-0.292869,-0.163705,-0.151236,-0.143226,-0.169253,-0.052978,-0.068412
2149,-0.431541,-0.229247,-0.205529,-0.137119,-0.625574,-0.340021,-0.263127,-0.191765
2150,-0.264082,-0.172587,-0.122411,-0.102172,-0.372705,-0.196131,-0.105022,-0.098669
2151,-0.111272,-0.157459,-0.116236,-0.060824,-0.156079,-0.148016,-0.113576,-0.055285
2152,-0.157403,-0.023402,-0.025347,0.018218,-0.279559,-0.089101,-0.079101,-0.035425
2153,-0.718186,-0.509572,-0.482340,-0.418623,-0.620566,-0.401825,-0.327913,-0.301731
2154,-0.104229,-0.035002,-0.047513,-0.048264,-0.134127,-0.104330,-0.066322,-0.071133
2155,-0.033620,-0.072539,-0.048922,-0.056404,-0.104225,-0.140241,-0.058141,-0.078978
2156,-0.077909,-0.064914,-0.031331,-0.049036,0.004445,0.001550,0.045842,0.008964
2157,-0.258227,-0.116667,-0.102559,-0.067421,-0.055229,0.039443,0.015598,0.035140
2158,0.209860,0.078110,0.078970,0.088540,0.159212,0.041988,0.041468,0.068155
2159,-0.264493,-0.173944,-0.220103,-0.132414,-0.427065,-0.334173,-0.275289,-0.151824
2160,0.025600,0.023724,-0.021514,0.041905,-0.144236,-0.143561,-0.115041,-0.032062
2161,-0.065506,-0.085895,-0.094796,-0.085591,0.218340,0.110554,0.049589,0.047035
2162,-0.240660,-0.102829,-0.126831,-0.097044,-0.261667,-0.161064,-0.158175,-0.113465
2163,0.670057,0.242065,0.254667,0.184818,1.019718,0.514225,0.450026,0.372629
2164,0.456800,0.246455,0.202639,0.143542,0.549536,0.324276,0.242745,0.184892
2165,-0.101406,-0.065404,-0.106326,-0.116001,-0.027312,-0.030123,-0.069704,-0.115346
2166,-0.502442,-0.299636,-0.290701,-0.177833,-0.543775,-0.316032,-0.297568,-0.169978
2167,-0.284915,-0.256358,-0.241556,-0.211316,-0.368924,-0.330182,-0.249071,-0.242965
2168,0.509962,0.364869,0.211663,0.189435,0.611290,0.410739,0.286315,0.212224
2169,-0.315899,-0.140830,-0.157532,-0.102631,-0.448074,-0.230581,-0.262753,-0.199394
2170,-0.095788,-0.082933,-0.018757,-0.048472,-0.078211,-0.070025,-0.025859,-0.060107
2171,0.355960,0.353043,0.325334,0.258770,0.097401,0.237072,0.187763,0.058726
2172,-0.009205,-0.058925,0.011627,-0.036719,0.062061,-0.006089,0.076136,0.016162
2173,0.201228,-0.006544,0.079207,0.044156,0.330883,0.120115,0.183980,0.144784
2174,-0.292721,-0.078633,-0.103106,-0.080235,-0.250593,-0.041651,-0.061384,-0.042537
2175,-0.081040,-0.087035,-0.059122,-0.082106,0.041267,-0.004076,0.016576,-0.006334
2176,-0.161893,-0.033096,-0.020945,-0.026019,-0.153873,-0.041492,-0.018471,-0.021806
2177,0.021416,0.046549,0.078505,0.040290,0.042123,0.071057,0.095492,0.045453
2178,0.089534,0.065924,0.056251,0.040238,0.251001,0.179001,0.136606,0.116651
2179,0.234446,0.067367,0.065428,0.068838,0.352757,0.156830,0.114542,0.138950
2180,-0.165985,-0.087567,-0.104536,-0.062198,-0.251504,-0.156336,-0.118553,-0.070150
2181,0.024710,-0.134429,-0.043684,-0.063714,0.042756,-0.102383,-0.007242,-0.011995
2182,0.027596,-0.020576,0.012871,-0.018994,0.129726,0.058558,0.056820,0.030621
2183,-0.085415,-0.087746,-0.028741,-0.044838,-0.095703,-0.105102,-0.030512,-0.043183
2184,0.121539,0.051142,0.098413,0.050920,0.284459,0.177972,0.195856,0.149389
2185,0.101041,0.205948,0.095258,0.110006,0.032984,0.161721,-0.037715,0.020788
2186,-0.249847,-0.130477,-0.127121,-0.088712,-0.414427,-0.265176,-0.178907,-0.116571
2187,0.029872,0.015014,0.002013,0.003770,-0.136547,-0.088086,-0.082151,-0.078928
2188,0.002336,-0.072456,-0.000795,-0.035471,0.059189,-0.020932,0.049400,0.023276
2189,-0.019069,0.032948,0.064336,-0.031285,0.133815,0.146848,0.144786,0.012587
2190,-0.067273,-0.076512,-0.020487,-0.069960,0.026523,0.003417,0.040866,-0.022336
2191,0.031967,-0.000985,0.006849,0.005969,0.035102,-0.005882,-0.007480,-0.008666
2192,0.030721,0.006184,0.023834,0.023049,-0.013588,-0.024541,0.033252,0.020138
2193,0.018185,-0.055116,-0.043796,-0.014566,-0.042195,-0.110023,-0.069479,-0.006154
2194,0.125671,0.011338,0.048995,0.053055,0.082364,-0.009939,0.027794,0.039416
2195,-0.156223,-0.062709,-0.080099,-0.072364,-0.164704,-0.084314,-0.093333,-0.082152
2196,-0.129519,-0.047970,-0.060980,-0.064596,-0.193085,-0.098660,-0.081486,-0.083363
2197,0.184105,0.036354,0.056240,0.043478,0.318774,0.147375,0.116404,0.108984
2198,-0.316990,-0.220900,-0.209764,-0.183318,-0.427254,-0.322928,-0.249938,-0.244364
2199,0.008609,-0.020613,-0.023301,-0.027166,0.015397,-0.020940,-0.036825,-0.021245
2200,-0.018313,-0.002213,0.003076,-0.001175,-0.063252,-0.038264,-0.021444,-0.027860
2201,0.035369,0.121211,0.037361,0.023252,0.010923,0.059529,0.019526,0.004823
2202,0.004083,0.110339,0.014782,0.009061,-0.005730,0.067424,0.011999,0.013319
2203,-0.020841,-0.067233,-0.000494,-0.007122,-0.000294,-0.027480,0.005611,-0.010601
2204,-0.043900,-0.102393,-0.068353,-0.059186,0.001881,-0.022086,0.003438,-0.018184
2205,0.016209,-0.080259,-0.021355,-0.014513,0.042762,-0.009441,0.010932,-0.000169
2206,-0.060285,-0.104825,-0.038977,-0.047312,-0.010572,-0.035612,-0.004459,-0.032724
2207,-0.008701,-0.108304,-0.035040,-0.038917,0.051670,-0.012223,0.015720,-0.013803
2208,-0.076306,-0.059416,-0.024599,-0.017341,-0.055221,-0.043539,-0.014407,0.003059
2209,-0.028155,0.083170,-0.010683,0.010671,-0.007154,0.065436,0.007105,0.042222
2210,0.062904,0.185792,0.055999,0.042934,0.036002,0.092572,0.025100,0.040792
2211,-0.162259,-0.167561,-0.133732,-0.118072,-0.131560,-0.093062,-0.076135,-0.105756
2212,-0.060099,-0.223128,-0.081028,-0.077921,-0.059834,-0.150708,-0.045593,-0.087170
2213,-0.060048,-0.139805,-0.084292,-0.065962,-0.024863,-0.050391,-0.007098,-0.031806
2214,-0.021344,-0.208145,-0.120941,-0.081282,0.094552,0.005758,0.040079,0.034122
2215,0.043247,-0.043223,0.080583,0.036587,-0.043564,-0.117542,-0.005806,-0.046968
2216,0.048583,0.127214,0.106921,0.081009,0.050999,0.054863,0.040004,0.071311
2217,0.178488,0.378361,0.093496,0.077585,0.007694,0.087095,-0.008538,-0.000514
2218,0.080810,0.459137,0.096526,0.057119,-0.020944,0.180027,-0.018895,-0.012414
2219,-0.040783,0.100241,-0.026426,-0.021547,-0.083411,0.015007,-0.027363,-0.041929
2220,0.062031,0.195168,0.072601,0.054425,0.041242,0.088870,0.024868,0.035775
2221,-0.037664,-0.050225,-0.081980,-0.073449,-0.001698,-0.008594,-0.008919,-0.026680
2222,0.095657,0.161133,0.030098,0.026241,0.014499,0.031637,-0.005578,-0.022525
2223,-0.002605,-0.084698,-0.052334,-0.035958,-0.004956,-0.035284,0.001836,-0.014225
2224,-0.039154,-0.193186,-0.123507,-0.094416,-0.047148,-0.096440,-0.035541,-0.074900
2225,0.083324,0.347611,0.103725,0.087738,-0.007339,0.122575,0.018756,0.045601
2226,0.139451,0.575771,0.156812,0.113110,-0.043530,0.192550,-0.015195,0.007605
2227,0.103738,0.438568,0.122468,0.099788,-0.022378,0.150632,0.000463,0.030184
2228,0.047557,0.332948,0.050085,0.052726,-0.069692,0.093190,-0.010099,0.009499
2229,0.153218,0.532428,0.141993,0.101558,-0.013438,0.183190,-0.000297,0.029296
2230,0.081985,0.411172,0.087249,0.077466,0.000023,0.179829,0.011420,0.046640
2231,0.009599,0.104642,0.033846,0.041975,-0.038942,0.002669,0.006200,0.031670
2232,0.054583,0.150693,0.098740,0.088650,0.023965,0.049715,0.032389,0.078477
2233,-0.084942,-0.164862,-0.116133,-0.081460,-0.019981,-0.036168,-0.004547,-0.024246
2234,0.092159,0.181740,0.079929,0.058119,0.032688,0.076994,0.012713,0.021085
2235,-0.091341,-0.276683,-0.153845,-0.112333,-0.012636,-0.084881,-0.001287,-0.037587
2236,0.145496,0.286922,0.096712,0.093771,0.010568,0.100918,0.017298,0.025504
2237,0.077827,0.186744,0.087802,0.060108,0.024402,0.066027,0.020446,0.018325
2238,0.170522,0.292757,0.144825,0.111960,0.053131,0.091859,0.027919,0.037086
2239,0.034844,0.108365,0.051538,0.030556,-0.002538,0.027820,0.001310,-0.004597
2240,0.123139,0.355244,0.094454,0.082022,0.058964,0.181314,0.022338,0.051219
2241,0.022726,0.124422,0.033762,0.022015,0.024300,0.073413,0.013315,0.023260
2242,0.100534,0.115649,0.073565,0.067546,0.099756,0.079916,0.040374,0.071525
2243,0.065215,0.087500,0.027887,0.014835,0.042030,0.046857,0.026742,0.009937
2244,0.118504,0.212423,0.064332,0.053805,0.051367,0.075737,0.012862,0.024763
2245,0.026539,0.046280,0.018309,-0.003122,0.008847,0.014086,-0.000554,-0.018737
2246,0.104970,0.191645,0.087102,0.063721,0.062593,0.084564,0.026229,0.027120
2247,0.192055,0.405022,0.117553,0.101774,0.054472,0.157804,0.018443,0.034461
2248,0.150046,0.118129,0.078063,0.062945,0.128725,0.086570,0.056323,0.054522
2249,0.084131,0.189194,0.070477,0.047078,0.052971,0.102569,0.033982,0.024270
2250,0.047662,-0.050210,0.001460,0.006360,0.073440,-0.005627,0.026853,0.052036
2251,-0.013620,-0.154248,-0.017814,-0.018122,0.051076,-0.033656,0.020591,0.022184
2252,0.105442,0.067862,0.040589,0.047241,0.108642,0.059092,0.028722,0.067188
2253,0.008417,-0.129669,0.020598,0.004807,-0.003119,-0.102644,-0.004229,-0.012341
2254,0.072074,0.101497,0.064769,0.047747,0.018834,0.016887,0.012996,0.022709
2255,0.075231,0.001183,0.059304,0.055144,0.041502,-0.035328,0.017200,0.027783
2256,-0.088953,-0.116592,-0.091648,-0.073737,-0.018765,0.005334,-0.001436,-0.021842
2257,-0.074928,-0.204322,-0.028763,-0.033387,-0.061857,-0.124185,-0.017699,-0.020483
2258,-0.073724,-0.271252,-0.088301,-0.079274,-0.013055,-0.107706,-0.006329,-0.030166
2259,0.021094,-0.080104,0.006697,-0.003402,0.038460,-0.017994,0.012061,0.018940
2260,0.061746,-0.090497,0.034080,0.009886,0.047205,-0.014804,0.025703,-0.004924
2261,-0.161852,-0.238062,-0.148541,-0.127401,-0.099124,-0.115985,-0.063002,-0.080516
2262,0.010987,0.147682,0.024565,0.018424,-0.068815,0.012338,-0.035284,-0.033102
2263,-0.015134,0.102762,-0.012615,-0.020911,-0.146656,-0.048495,-0.070781,-0.096913
2264,0.001657,-0.261997,-0.139861,-0.081903,0.051584,-0.118526,-0.029572,-0.004516
2265,0.220074,0.167235,0.208280,0.118180,0.111007,0.059682,0.042629,0.002319
2266,0.140815,-0.133664,-0.069129,-0.026492,0.141923,-0.050973,0.009416,0.043080
2267,0.035980,-0.132813,-0.060605,-0.051846,0.137423,0.072092,0.058914,0.045765
2268,0.100616,0.124749,0.060781,0.042290,0.120750,0.117223,0.050277,0.068457
2269,-0.048759,-0.068011,-0.062791,-0.052537,-0.046789,-0.038873,-0.022436,-0.039618
2270,-0.028420,-0.102289,-0.035378,-0.046158,-0.001888,-0.044358,-0.016237,-0.034652
2271,0.084614,0.053088,0.053360,0.044368,0.082304,0.034241,0.035039,0.051158
2272,0.086416,0.179178,0.040751,0.042260,0.187574,0.222652,0.094913,0.140685
2273,0.007442,-0.102810,-0.035085,-0.019522,0.075448,0.010243,0.048432,0.055075
2274,-0.133834,-0.205364,-0.140838,-0.088456,0.008620,-0.001818,0.009519,0.030473
2275,-0.133342,-0.361517,-0.227642,-0.189668,0.057006,-0.038792,0.007309,0.004788
2276,-0.194293,-0.370963,-0.315435,-0.218821,0.074291,0.023278,0.015863,0.036767
2277,-0.003040,-0.049160,0.012238,-0.037428,0.218300,0.148925,0.057769,0.069596
2278,0.440257,0.648806,0.269732,0.243388,0.255982,0.351935,0.101614,0.075085
2279,0.231506,0.256034,0.254488,0.177682,0.115374,0.046424,0.032712,0.044297
2280,-0.028533,-0.008316,-0.005947,0.007661,-0.013051,-0.013286,-0.006342,0.029552
2281,-0.009344,0.095278,0.045765,0.047955,-0.050128,0.015863,-0.021937,0.021430
2282,-0.065660,-0.032778,-0.025007,-0.016966,-0.029941,-0.017036,-0.013017,0.013135
2283,-0.210810,-0.255433,-0.155483,-0.094596,-0.147629,-0.144333,-0.080174,-0.043334
2284,-0.209382,-0.330326,-0.140503,-0.104971,-0.081136,-0.146087,-0.050551,-0.023015
2285,0.167281,0.242606,0.156256,0.115121,0.043150,0.048547,0.013514,0.023020
2286,-0.447380,-0.580451,-0.290747,-0.232641,-0.296184,-0.334509,-0.153964,-0.147460
2287,-0.185549,-0.370469,-0.241667,-0.175424,-0.023959,-0.105801,-0.044066,-0.048909
2288,-0.140272,-0.234486,-0.136067,-0.096360,-0.087216,-0.125423,-0.048441,-0.053136
2289,-0.135787,-0.366316,-0.197632,-0.144847,-0.054765,-0.173626,-0.055593,-0.077196
2290,-0.204296,-0.251564,-0.064537,-0.061911,-0.215255,-0.252114,-0.145268,-0.103495
2291,0.004187,0.045582,0.107243,0.038197,-0.008555,-0.011177,-0.006398,-0.025689
2292,0.067502,0.135863,0.058193,0.037730,0.019639,0.063059,0.011620,0.012103
2293,-0.087056,-0.120749,-0.062707,-0.052810,-0.034770,-0.042473,-0.023893,-0.032201
2294,-0.148583,-0.279135,-0.136143,-0.091273,-0.083729,-0.134740,-0.056475,-0.057604
2295,-0.416393,-0.644198,-0.389815,-0.291173,-0.145080,-0.220278,-0.091038,-0.105085
2296,-0.827271,-1.119244,-0.844355,-0.602226,-0.216690,-0.258212,-0.117528,-0.112059
2297,-0.101406,-0.151972,-0.072650,-0.051232,-0.075634,-0.099284,-0.047777,-0.034917
2298,0.075737,0.109747,0.035650,0.026092,-0.007812,0.021762,0.002492,-0.016788
2299,-2.012005,-2.296120,-1.949327,-1.491795,-0.465832,-0.477383,-0.203451,-0.205252
2300,-0.398494,-0.554268,-0.397542,-0.245461,-0.150812,-0.165783,-0.051332,-0.031858
2301,-0.895637,-1.092754,-0.958975,-0.638007,-0.199475,-0.176835,-0.096333,-0.051928
2302,-0.468544,-0.552127,-0.562358,-0.356544,-0.113047,-0.043708,-0.043060,-0.031017
2303,-1.294496,-1.503467,-1.272096,-0.847749,-0.367794,-0.341235,-0.165191,-0.102066
2304,-1.786531,-1.991794,-1.729750,-1.225582,-0.419785,-0.364154,-0.194318,-0.117685
2305,-2.180502,-2.405532,-2.132578,-1.571867,-0.482734,-0.440451,-0.205170,-0.146185
2306,-1.461974,-1.636915,-1.411568,-0.975278,-0.361502,-0.295934,-0.154497,-0.091833
2307,-2.588455,-2.819481,-2.460196,-1.830945,-0.563563,-0.513659,-0.247285,-0.166765
2308,-2.543128,-2.783260,-2.425187,-1.821195,-0.518921,-0.478681,-0.226716,-0.161428
2309,-2.546137,-2.840007,-2.447456,-1.852269,-0.467405,-0.452530,-0.216220,-0.162725
2310,-2.493555,-2.682965,-2.380208,-1.808186,-0.459466,-0.375218,-0.194883,-0.150805
2311,-2.553171,-2.868112,-2.468026,-1.835598,-0.521639,-0.536504,-0.218338,-0.137284
2312,-2.540743,-2.748407,-2.420725,-1.830285,-0.478909,-0.411422,-0.202792,-0.145067
2313,-2.470637,-2.496047,-2.414498,-1.857583,-0.438755,-0.195606,-0.197154,-0.179917
2314,-2.516599,-2.734115,-2.420865,-1.846957,-0.483828,-0.429582,-0.196530,-0.175326
2315,-2.470517,-2.653817,-2.400097,-1.847464,-0.402044,-0.294793,-0.187095,-0.167191
2316,-0.227719,-0.328318,-0.244930,-0.172537,-0.067246,-0.067038,-0.015938,-0.030885
2317,-2.163221,-2.387785,-2.077876,-1.534075,-0.488817,-0.435733,-0.220009,-0.166823
2318,-0.660177,-0.850282,-0.669049,-0.454576,-0.175256,-0.164336,-0.063659,-0.058165
2319,-0.003285,-0.059250,0.000379,0.010425,-0.006827,-0.046552,-0.000770,0.008628
2320,-0.081388,-0.212142,-0.083984,-0.064583,-0.018236,-0.078427,-0.018998,-0.032478
2321,-0.132129,-0.253239,-0.125387,-0.086945,-0.042338,-0.088024,-0.019834,-0.021592
2322,-0.024909,-0.010968,0.003506,-0.010947,-0.023050,-0.019288,-0.036519,-0.035891
2323,0.137011,0.282105,0.124231,0.067003,0.035043,0.129427,0.036396,0.014106
2324,0.037023,0.085703,-0.000388,0.003285,-0.008791,0.021031,-0.004605,-0.011555
2325,0.134273,0.249395,0.112275,0.074840,0.043423,0.104858,0.048128,0.041369
2326,0.039908,0.069583,0.011276,0.008998,0.014157,0.034492,0.019016,0.013611
2327,-0.225575,-0.436866,-0.299531,-0.192807,-0.017653,-0.105381,-0.030750,-0.009404
2328,-0.290859,-0.472563,-0.350542,-0.235929,-0.033875,-0.066402,-0.018149,-0.023251
2329,0.113309,0.326400,0.209719,0.080401,0.117848,0.188434,0.054603,0.022782
2330,-0.042572,-0.082359,-0.032728,-0.041722,0.018432,0.012785,0.011365,-0.001432
2331,-0.057075,-0.076817,-0.092718,-0.058093,0.031629,0.033031,0.018704,0.032639
2332,-0.094540,-0.159464,-0.125012,-0.073295,-0.016315,-0.031568,0.001096,0.001465
2333,-1.819405,-2.040706,-1.796405,-1.305894,-0.429313,-0.390474,-0.208074,-0.157802
2334,-1.854618,-2.061553,-1.833527,-1.312498,-0.462763,-0.416738,-0.232367,-0.154898
2335,-1.989274,-2.260731,-1.980870,-1.496929,-0.488577,-0.478712,-0.267923,-0.228434
2336,-1.428691,-1.635774,-1.400100,-1.000115,-0.330744,-0.281501,-0.145281,-0.105693
2337,-1.055435,-1.218810,-1.058332,-0.733299,-0.264919,-0.210090,-0.120465,-0.090144
2338,-1.716260,-1.903841,-1.681140,-1.209277,-0.387027,-0.321504,-0.187982,-0.122252
2339,-0.825890,-0.970671,-0.818155,-0.555355,-0.213263,-0.147945,-0.043932,-0.040414
2340,-0.683412,-0.920089,-0.700177,-0.480649,-0.207024,-0.249736,-0.118792,-0.105682
2341,-0.110192,-0.133174,-0.113808,-0.082332,-0.040148,-0.009978,-0.000539,-0.009048
2342,-0.209267,-0.327720,-0.176252,-0.121980,-0.042930,-0.079813,-0.030489,-0.016964
2343,-0.204165,-0.296050,-0.203013,-0.131845,-0.042274,-0.054687,-0.018574,-0.004598
2344,-0.524328,-0.627291,-0.531707,-0.435860,-0.084401,-0.077848,-0.121266,-0.142712
2345,0.090668,0.155267,0.115328,0.046918,0.090370,0.112584,0.051022,0.034029
2346,0.057468,0.057200,0.074235,0.048469,0.052724,0.023284,0.023764,0.029937
2347,-0.045170,-0.090923,-0.040183,-0.049169,0.022341,-0.006043,-0.001989,-0.012711
2348,-0.035017,-0.120543,-0.048263,-0.042010,-0.036003,-0.074676,-0.014030,-0.031392
2349,-0.002247,0.059077,0.039948,0.016183,-0.000574,0.022464,0.007503,0.012052
2350,-0.074245,0.012949,-0.096663,-0.111368,0.073712,0.160227,0.004023,-0.024997
2351,0.005301,-0.004050,0.039092,0.042706,0.006364,-0.002233,-0.000836,0.043390
2352,-0.037309,-0.062001,-0.022749,0.004093,-0.029069,-0.049626,-0.020566,0.008944
2353,-0.060007,-0.160091,-0.083815,-0.046392,0.004982,-0.037897,-0.004436,0.010277
2354,-0.049006,-0.165110,-0.034933,-0.012687,-0.065299,-0.136017,-0.039185,-0.026486
2355,-0.209680,-0.347878,-0.206221,-0.146791,-0.059578,-0.092976,-0.032248,-0.035459
2356,0.047215,0.073592,0.047410,0.040319,-0.008428,-0.014749,-0.010345,0.010751
2357,-0.065758,-0.141637,-0.088195,-0.071376,0.004511,-0.038780,-0.011477,-0.000241
2358,0.103494,0.154880,0.123338,0.106747,-0.044549,-0.044471,-0.034386,0.001143
2359,0.165780,0.181968,0.171645,0.133760,-0.016691,-0.024139,-0.007047,0.025429
2360,-0.319357,-0.522444,-0.177902,-0.083446,-0.303932,-0.373542,-0.156240,-0.090679
2361,-0.405911,-0.601735,-0.224790,-0.139708,-0.308742,-0.361203,-0.150707,-0.087176
2362,-0.414557,-0.698107,-0.296167,-0.175598,-0.247200,-0.363773,-0.134064,-0.058589
2363,0.111487,0.353747,0.224947,0.146404,-0.022086,0.040849,-0.026248,-0.036373
2364,0.090258,0.406236,0.237076,0.139964,0.015754,0.115724,0.004776,-0.016610
2365,0.134306,0.277584,0.148953,0.143435,0.009848,0.073143,-0.025244,0.017865
2366,-1.776000,-2.083908,-1.645671,-1.207747,-0.482309,-0.514188,-0.218597,-0.185291
2367,-1.117387,-1.382712,-1.027055,-0.733012,-0.301318,-0.323161,-0.128222,-0.097047
2368,-0.152804,-0.289344,-0.161397,-0.089745,-0.012486,-0.036983,-0.009666,0.020970
2369,-0.717932,-0.946212,-0.601622,-0.427372,-0.267238,-0.302407,-0.122502,-0.100350
2370,-1.707378,-2.045271,-1.545481,-1.101433,-0.494486,-0.550405,-0.216844,-0.146647
2371,-1.740958,-2.034998,-1.551918,-1.122087,-0.561067,-0.594863,-0.277411,-0.207420
2372,-1.493795,-1.772248,-1.258248,-0.871233,-0.544099,-0.581792,-0.280182,-0.174091
2373,-1.981844,-2.288142,-1.827714,-1.336375,-0.552902,-0.589296,-0.273700,-0.192585
2374,-1.651862,-1.960349,-1.506844,-1.104339,-0.483577,-0.515495,-0.239919,-0.194419
2375,0.096072,0.385499,0.197392,0.122544,-0.061705,0.056161,-0.052366,-0.042198
2376,-0.463497,-0.616218,-0.284898,-0.183060,-0.339504,-0.371637,-0.176483,-0.136467
2377,-1.918723,-2.166589,-1.764160,-1.307217,-0.491959,-0.483354,-0.230656,-0.172395
2378,-1.742564,-2.010185,-1.598984,-1.156560,-0.446041,-0.451715,-0.215378,-0.122941
2379,-1.981148,-2.279576,-1.816822,-1.338612,-0.525439,-0.554781,-0.245654,-0.181611
2380,-2.232526,-2.422818,-2.052457,-1.533210,-0.550429,-0.491829,-0.244410,-0.184543
2381,-1.922422,-2.144064,-1.756225,-1.285336,-0.511883,-0.486965,-0.230000,-0.149706
2382,-1.889213,-2.152362,-1.764805,-1.245480,-0.419940,-0.424224,-0.190925,-0.077671
2383,-2.012457,-2.249682,-1.869807,-1.385866,-0.522978,-0.504956,-0.242760,-0.187190
2384,-1.870205,-2.130363,-1.724496,-1.261889,-0.470234,-0.469234,-0.221112,-0.143005
2385,-1.286504,-1.555240,-1.159405,-0.820575,-0.366609,-0.391243,-0.169875,-0.118772
2386,-0.259404,-0.592111,-0.359290,-0.226390,-0.145984,-0.282314,-0.102807,-0.071114
2387,-0.112572,-0.230275,-0.082842,-0.045506,-0.081218,-0.128169,-0.035902,-0.008854
2388,-0.005901,0.169960,0.079361,0.051685,-0.116253,-0.019530,-0.070551,-0.056376
2389,-0.051631,-0.097731,-0.031997,-0.031817,-0.090533,-0.090547,-0.043191,-0.070145
2390,-0.003629,0.044425,-0.001252,0.001855,-0.052983,-0.011345,-0.023488,-0.016985
2391,-0.053856,-0.039879,-0.085471,-0.071764,0.018018,0.053594,0.016578,0.000150
2392,-0.372796,-0.462703,-0.466533,-0.376340,0.001025,0.027697,-0.003301,-0.022583
2393,-1.220096,-1.488228,-1.207326,-0.900577,-0.309907,-0.312956,-0.142223,-0.159297
2394,-0.829900,-1.020204,-0.893083,-0.648460,-0.168374,-0.130894,-0.079819,-0.088016
2395,-0.478929,-0.613731,-0.449236,-0.332466,-0.167046,-0.177604,-0.087494,-0.080166
2396,-0.240499,-0.356264,-0.145626,-0.101199,-0.195817,-0.233917,-0.107894,-0.084234
2397,-0.171250,-0.225649,-0.153392,-0.142643,-0.129503,-0.114112,-0.062760,-0.126999
2398,0.074974,0.234942,0.144500,0.092266,0.041766,0.122220,0.022853,0.043150
2399,0.056557,0.084643,0.102536,0.072792,-0.006963,-0.009675,-0.001302,0.015160
2400,-0.408765,-0.462123,-0.232635,-0.199622,-0.179308,-0.177193,-0.096545,-0.109251
2401,0.097072,0.188682,0.130260,0.090976,-0.012880,0.010833,-0.008794,0.003828
2402,0.016987,0.045627,0.120432,0.100521,-0.060876,-0.039663,-0.013735,0.024256
2403,0.115216,0.178192,0.167444,0.113398,-0.029548,0.002055,-0.016160,-0.009158
2404,0.042552,0.013541,0.083320,0.068829,-0.082536,-0.098419,-0.044036,-0.039949
2405,-0.195277,-0.374051,-0.115160,-0.106034,-0.146172,-0.227159,-0.087189,-0.121978
2406,-0.253948,-0.402159,-0.135913,-0.129632,-0.169571,-0.234375,-0.091356,-0.124312
2407,-0.108944,-0.106238,-0.101370,-0.084428,-0.044017,-0.025054,-0.038527,-0.044209
2408,0.218760,0.461109,0.265909,0.144908,-0.045784,0.032889,-0.038219,-0.107398
2409,0.022272,0.109550,0.005503,0.005411,0.077517,0.133119,0.031396,0.059184
2410,-0.231737,-0.326592,-0.279756,-0.229481,0.017801,0.007616,0.016189,0.003294
2411,-0.384078,-0.495360,-0.428451,-0.356160,-0.031244,-0.028043,-0.011966,-0.025008
2412,0.011802,0.124298,0.135288,0.052609,-0.089682,-0.057205,-0.032349,-0.051222
2413,0.015818,-0.039593,0.026971,0.033943,-0.004838,-0.046077,-0.007329,0.015459
2414,-0.330940,-0.499322,-0.371614,-0.292972,-0.070305,-0.105663,-0.046046,-0.094026
2415,-0.063941,-0.187081,-0.093948,-0.065100,-0.004972,-0.059108,-0.000575,-0.019096
2416,-0.134099,-0.075990,-0.052359,-0.075385,-0.072503,-0.026332,-0.032418,-0.067763
2417,-0.028862,0.027112,0.004178,0.005920,-0.013270,0.005652,-0.017810,-0.000873
2418,-0.116777,-0.207988,-0.143215,-0.107533,-0.033140,-0.055284,-0.032894,-0.027272
2419,0.023776,0.045670,0.026450,0.034724,0.021315,0.020993,0.007830,0.038837
2420,0.028122,0.166416,0.041595,0.063220,0.031136,0.085350,0.013141,0.070670
2421,0.051336,0.076714,0.035529,0.020517,0.015894,0.021807,0.011590,-0.001053
2422,0.075182,0.174725,0.093547,0.039230,-0.019171,0.010544,-0.009156,-0.047793
2423,-0.137953,-0.315508,-0.143589,-0.092904,-0.049986,-0.127030,-0.029304,-0.028247
2424,-0.205908,-0.398803,-0.197942,-0.136580,-0.060354,-0.137588,-0.033442,-0.020817
2425,-0.108498,-0.285583,-0.152422,-0.105599,-0.022303,-0.098670,-0.019801,-0.031260
2426,-0.221769,-0.414432,-0.167046,-0.116378,-0.124249,-0.200014,-0.051305,-0.039926
2427,-0.260215,-0.497140,-0.226248,-0.170452,-0.107882,-0.195575,-0.046272,-0.041479
2428,-0.314596,-0.576695,-0.265657,-0.192730,-0.142720,-0.244021,-0.070776,-0.072349
2429,-0.408965,-0.663545,-0.376563,-0.265615,-0.157360,-0.240425,-0.083741,-0.076210
2430,-0.406549,-0.644841,-0.331973,-0.243397,-0.147072,-0.222512,-0.056620,-0.052686
2431,-0.302047,-0.554106,-0.260456,-0.173079,-0.137600,-0.240518,-0.066350,-0.048737
2432,-0.383991,-0.520945,-0.395319,-0.291919,-0.075872,-0.079312,-0.050590,-0.059014
2433,-0.398066,-0.563224,-0.348058,-0.313836,-0.154363,-0.191613,-0.101565,-0.167572
2434,-0.458854,-0.756296,-0.445728,-0.293651,-0.103627,-0.213346,-0.049318,-0.008497
2435,-0.487565,-0.744226,-0.435258,-0.293202,-0.136583,-0.229822,-0.067720,-0.011123
2436,-0.420211,-0.672910,-0.348676,-0.230007,-0.175831,-0.262314,-0.074831,-0.040770
2437,-0.357529,-0.631872,-0.327777,-0.209753,-0.150054,-0.263765,-0.030946,-0.000385
2438,-0.278994,-0.526035,-0.297003,-0.200541,-0.056615,-0.150647,-0.025637,0.016683
2439,-0.492283,-0.783811,-0.433676,-0.278570,-0.207632,-0.310175,-0.097188,-0.056381
2440,-0.479651,-0.729819,-0.399564,-0.272373,-0.187841,-0.254099,-0.086674,-0.053156
2441,-0.491940,-0.649236,-0.285266,-0.269040,-0.222193,-0.257802,-0.065019,-0.088391
2442,-0.230978,-0.450150,-0.196581,-0.118762,-0.100998,-0.198979,-0.051426,-0.014494
2443,-0.162869,-0.327076,-0.170379,-0.094563,-0.020130,-0.088879,-0.004404,0.037695
2444,-0.219360,-0.343162,-0.221820,-0.151664,-0.028874,-0.056662,-0.010521,-0.006555
2445,-0.170661,-0.283792,-0.160171,-0.110290,-0.042152,-0.071594,-0.008976,0.004113
2446,-0.170205,-0.300715,-0.169958,-0.090177,-0.006784,-0.060388,0.000765,0.046695
2447,-0.048231,0.002569,-0.010024,-0.036079,-0.033182,0.001260,-0.007738,-0.059319
2448,0.173458,0.262064,0.196781,0.106429,-0.003112,0.029410,-0.003459,-0.053169
2449,0.101459,0.097477,0.089160,0.041203,0.066509,0.055153,0.036203,-0.011292
2450,-0.039186,-0.105810,-0.031347,-0.005346,0.062936,0.025105,0.035811,0.073162
2451,-0.152076,-0.216425,-0.120737,-0.103325,-0.085330,-0.108999,-0.048057,-0.081292
2452,-0.151045,-0.190741,-0.145246,-0.119543,-0.078555,-0.084431,-0.062927,-0.070246
2453,0.041614,0.098021,0.026246,-0.016221,-0.042169,-0.006758,-0.032012,-0.091041
2454,-0.058136,0.019991,-0.027707,-0.046078,0.041705,0.065897,0.004167,-0.007190
2455,-0.031987,0.013154,0.012362,-0.025705,-0.000911,0.034383,-0.012027,-0.029679
2456,-0.015841,0.088810,0.090011,-0.043750,0.087880,0.149579,0.041945,-0.080196
2457,-0.022552,-0.071649,-0.005752,-0.033967,0.005951,-0.030876,0.003843,-0.037634
2458,-0.082063,-0.107917,-0.124416,-0.094140,0.009343,0.010736,0.004459,0.004123
2459,-0.129805,-0.198497,-0.165573,-0.126808,0.043776,0.022998,0.022059,0.028702
2460,0.089795,0.259387,0.116872,0.047584,0.062484,0.151223,0.030668,-0.013843
2461,0.044560,-0.037221,0.052670,0.038427,-0.043013,-0.109349,-0.030101,-0.051823
2462,0.116621,0.104322,0.089871,0.071590,-0.046070,-0.069059,-0.041624,-0.048732
2463,0.004876,-0.047528,0.024996,0.009627,-0.059960,-0.096937,-0.036213,-0.056917
2464,-0.115827,-0.105552,-0.104044,-0.109628,-0.007100,0.025502,0.004557,-0.019500
2465,0.110507,0.140332,0.042643,0.030659,0.093285,0.101031,0.063268,0.051807
2466,-0.068829,-0.078266,-0.057263,-0.043758,0.007909,0.008651,0.004585,0.010324
2467,0.023510,0.081038,0.057219,0.035542,0.014677,0.054483,0.013143,0.022965
2468,0.044575,0.031516,0.082091,0.048468,-0.031771,-0.059022,-0.021960,-0.042110
2469,0.002378,-0.006232,0.030426,0.021126,-0.016711,-0.035634,-0.020727,-0.015418
2470,-0.022602,0.032863,0.091797,0.063933,-0.092809,-0.069763,-0.040834,-0.032093
2471,0.028257,0.068152,0.084619,0.049618,-0.088949,-0.058720,-0.030712,-0.056838
2472,0.039262,0.089812,0.095060,0.054498,-0.042766,-0.022601,-0.008512,-0.037886
2473,0.001982,0.003563,0.072736,0.072688,-0.080107,-0.076409,-0.033288,-0.021544
2474,0.009325,0.013798,0.093417,0.063184,-0.103106,-0.089463,-0.054455,-0.061627
2475,-0.007444,-0.041974,0.073649,0.062191,-0.139126,-0.173449,-0.077403,-0.073066
2476,-0.013479,-0.004117,0.066082,0.051155,-0.084496,-0.082749,-0.037049,-0.046928
2477,0.029861,-0.002091,0.095009,0.064791,-0.070701,-0.096483,-0.039967,-0.051631
2478,0.098068,0.108522,0.172630,0.112934,-0.062263,-0.069115,-0.022028,-0.050129
2479,0.037746,0.117196,0.053525,0.046247,-0.013782,0.013628,0.008036,-0.006922
2480,-0.142197,-0.162774,-0.062921,-0.026575,-0.190299,-0.203210,-0.073612,-0.070619
2481,0.026332,0.017336,0.040833,0.040802,0.001034,-0.021687,-0.003570,0.000117
2482,-0.016585,-0.054757,0.048055,0.064343,-0.065668,-0.092977,-0.031669,0.002742
2483,0.001069,-0.029781,0.072906,0.052129,-0.083053,-0.108557,-0.044902,-0.038852
2484,-0.035676,-0.096560,-0.004355,0.024521,-0.083927,-0.124397,-0.040593,-0.021002
2485,-0.079625,-0.076559,-0.033283,-0.011864,-0.093398,-0.087333,-0.039001,-0.031298
2486,-0.076833,-0.040311,0.028191,0.004580,-0.067517,-0.037304,-0.027512,-0.026303
2487,0.006112,0.005123,0.085704,0.073794,-0.003172,-0.013933,0.008347,0.038827
2488,-0.131300,-0.167659,-0.118064,-0.077429,-0.066622,-0.057270,-0.033062,-0.025155
2489,-0.111350,-0.135077,0.003817,-0.048342,-0.037729,-0.043478,-0.022644,-0.061168
2490,0.042778,0.025521,0.012572,0.009912,0.107393,0.086027,0.063109,0.057704
2491,-0.129860,-0.173421,-0.071575,-0.085674,-0.069789,-0.086676,-0.024634,-0.048945
2492,0.154376,0.182181,0.112254,0.089818,0.107152,0.113810,0.058189,0.067814
2493,0.174085,0.188036,0.137904,0.105715,0.106656,0.089343,0.078873,0.089020
2494,-0.083777,-0.063646,-0.056787,-0.036291,-0.065523,-0.041194,-0.026255,-0.021616
2495,0.021976,0.013447,0.026438,0.020652,-0.060746,-0.066695,-0.037364,-0.029821
2496,0.120606,0.110184,0.116459,0.071209,-0.012488,-0.039679,-0.003843,-0.009651
2497,0.020111,-0.025002,-0.019394,-0.006924,-0.002015,-0.039635,0.007141,-0.013197
2498,-0.003263,0.013809,-0.030495,0.012715,0.029939,0.035725,0.038342,0.046038
2499,0.079414,0.057447,0.110857,0.053297,0.029771,0.003206,-0.000630,0.000477
2500,0.010685,0.086491,0.037617,0.011131,0.015466,0.065083,0.016940,0.008310
2501,0.022779,0.062740,0.088353,0.040188,-0.001085,0.020724,-0.001017,0.003341
2502,0.122278,0.036304,0.054279,0.040237,0.210643,0.119681,0.113656,0.101277
2503,0.150290,0.042704,0.138436,0.093250,0.131859,0.026240,0.063796,0.067116
2504,0.048419,0.085112,0.048391,0.025707,-0.000710,0.018195,-0.008620,-0.018445
2505,0.028492,-0.031037,0.054225,0.017996,0.074195,0.035396,0.062224,0.043870
2506,0.021126,-0.044409,0.035900,0.007160,0.057423,0.010132,0.034734,0.021440
2507,0.003451,-0.032718,-0.021643,-0.017248,-0.026078,-0.063391,-0.016920,-0.035216
2508,0.007285,-0.014989,0.002087,-0.016870,-0.013601,-0.038110,-0.011609,-0.039555
2509,-0.066394,-0.064047,-0.049731,-0.047238,-0.019780,-0.013763,0.007946,-0.004801
2510,-0.045932,-0.121747,-0.008219,-0.021406,-0.004464,-0.085285,0.011475,0.015490
2511,0.071373,0.031665,-0.001460,0.014077,0.034774,-0.017789,0.002150,0.006961
2512,0.090637,0.094182,0.036768,0.041855,0.052279,0.043487,0.036708,0.035167
2513,-0.073604,-0.095418,-0.086380,-0.022750,-0.025123,-0.042972,-0.011253,0.035423
2514,-0.000088,-0.054268,-0.017418,0.008309,0.006245,-0.060252,-0.013488,0.015003
2515,0.104116,0.061091,0.023429,0.019889,0.043335,0.004843,0.016342,0.002910
2516,0.051623,0.077997,0.021990,0.025254,0.046103,0.061177,0.027076,0.040781
2517,0.042394,0.045194,0.025663,0.018003,-0.012327,-0.004895,0.002673,-0.002956
2518,0.022900,0.015834,0.020059,0.014114,-0.005710,-0.013197,0.012692,0.005647
2519,0.008106,0.054843,0.005853,0.010891,-0.023086,0.003856,-0.001029,0.000302
2520,0.024183,0.059362,0.027689,0.009906,-0.037077,-0.009579,-0.004025,-0.026205
2521,-0.003698,0.036823,0.013175,0.007800,0.067171,0.088383,0.046161,0.047097
2522,0.024466,-0.038730,0.006586,0.007919,0.014609,-0.028663,-0.016262,-0.009300
2523,-0.006969,-0.067518,-0.031762,-0.031566,0.017091,-0.029678,-0.007810,-0.018880
2524,-0.101554,0.127604,-0.015588,-0.012019,-0.114504,0.066685,0.014455,0.022502
2525,0.029430,0.056844,0.033229,0.035404,0.029655,0.034985,0.043221,0.045674
2526,0.056233,-0.003486,0.015218,-0.007901,0.050880,-0.002974,0.023190,0.001908
2527,-0.021865,-0.060633,0.013144,0.006528,-0.111921,-0.122334,-0.022233,-0.009347
2528,0.162685,0.136508,0.087070,0.048137,0.019114,-0.001895,0.033685,0.036816
2529,0.007190,-0.031097,0.017766,0.024300,-0.161776,-0.177393,-0.049236,-0.027983
2530,-0.025887,-0.044691,-0.002953,0.019464,-0.172946,-0.169313,-0.050929,-0.018939
2531,-0.042988,-0.082679,-0.000261,0.009594,-0.133563,-0.153570,-0.035735,-0.013550
2532,0.112850,0.102826,0.038154,0.021483,0.152226,0.125121,0.069985,0.041620
2533,-0.138687,-0.101493,-0.066781,-0.067232,-0.152926,-0.105180,-0.084441,-0.107095
2534,-0.088151,-0.073687,-0.058923,-0.050387,-0.106085,-0.086564,-0.064448,-0.072173
2535,-0.061568,-0.033759,-0.033295,-0.023047,-0.065322,-0.036853,-0.032221,-0.013839
2536,0.007564,-0.019332,-0.010164,0.006515,-0.013772,-0.032878,-0.025598,-0.000070
2537,-0.002426,-0.036943,-0.009763,-0.003698,-0.022987,-0.052606,-0.014332,-0.018202
2538,-0.055925,-0.124712,-0.067531,-0.042095,-0.066271,-0.118407,-0.068601,-0.046583
2539,-0.000695,0.007641,0.000314,0.010289,-0.000564,0.004231,0.006908,0.024812
2540,-0.032394,-0.061677,-0.017566,-0.000579,0.067361,0.040586,0.024208,0.062442
2541,-0.085293,-0.107771,-0.068178,-0.045903,-0.039942,-0.051290,-0.013847,0.002848
2542,-0.017066,-0.057518,-0.008650,-0.009051,-0.051584,-0.083380,-0.021071,-0.028999
2543,-0.025650,-0.038242,-0.030007,-0.023695,-0.058889,-0.061240,-0.025936,-0.018584
2544,0.076602,0.085362,0.026000,0.027524,0.060167,0.069979,0.038445,0.030046
2545,0.014778,-0.047461,-0.017117,-0.030066,0.040457,-0.020757,-0.007294,-0.022410
2546,0.252019,0.222010,0.175364,0.100257,-0.012117,0.000385,-0.049185,-0.075409
2547,-0.003192,-0.104669,-0.019913,-0.011109,0.021363,-0.056820,-0.020065,0.003571
2548,0.093870,0.074367,0.053134,0.054905,-0.026592,-0.038004,-0.034022,-0.013580
2549,0.028574,-0.007476,0.018639,0.034944,0.106525,0.074574,0.066174,0.106758
2550,0.037359,0.063966,0.018315,0.018592,0.033094,0.064077,0.021847,0.031198
2551,0.032355,0.062768,0.015989,0.032001,-0.006830,0.020715,-0.010569,0.014247
2552,0.022433,0.041865,0.024023,-0.010338,0.020141,0.034797,0.018828,-0.016195
2553,0.037635,0.005947,0.006950,-0.026753,0.039309,0.021392,-0.003590,-0.036130
2554,0.060559,0.052750,0.047806,0.050740,-0.032005,-0.036876,-0.001742,-0.005863
2555,0.041270,-0.031610,0.023215,0.028506,-0.007844,-0.061564,0.002561,-0.000793
2556,-0.120677,-0.095351,-0.089825,-0.113587,-0.011017,0.006716,-0.059588,-0.057130
2557,-0.041744,-0.065842,-0.052505,-0.046673,-0.008781,-0.020624,-0.037930,-0.023122
2558,-0.039907,-0.014072,-0.020976,-0.023663,-0.000492,0.018104,0.013150,-0.000679
2559,-0.070226,-0.048615,-0.039483,-0.043080,-0.014427,0.008925,-0.002483,-0.012826
2560,-0.075100,-0.070720,-0.046996,-0.050553,0.016403,0.007070,0.027579,0.009184
2561,0.316973,0.203533,0.189922,0.137220,0.080171,-0.022985,0.025415,-0.047001
2562,0.100020,0.048511,0.062335,0.053584,0.000950,-0.041542,0.001423,-0.011076
2563,0.010981,-0.013157,0.018845,0.020310,-0.020964,-0.036726,0.005502,-0.005515
2564,0.059060,-0.005428,0.054550,0.068155,-0.081526,-0.125959,-0.018892,-0.025651
2565,0.065859,-0.041925,0.051234,0.058626,-0.035295,-0.111681,-0.015868,-0.019052
2566,0.111734,-0.032766,0.109734,0.075722,0.012473,-0.085940,0.009989,-0.028920
2567,-0.578340,-0.675456,-0.399274,-0.279658,-0.396157,-0.448677,-0.252711,-0.174553
2568,0.006594,-0.036586,0.021965,0.040869,-0.021954,-0.055602,0.009487,0.021200
2569,-0.017710,-0.088747,0.017512,0.041976,-0.032197,-0.066902,0.000876,0.037810
2570,-0.069398,-0.104484,-0.052696,-0.029259,-0.002493,-0.034253,0.012215,0.026297
2571,0.012782,-0.041529,-0.012111,-0.015581,0.000937,-0.044906,-0.007771,-0.022589
2572,-0.050413,-0.000557,-0.037624,-0.028268,-0.000959,0.045851,0.009621,0.013574
2573,-0.060986,0.015982,-0.026680,-0.029123,-0.029408,0.033388,0.003886,-0.000123
2574,0.058436,0.078193,0.061737,0.029878,-0.024271,-0.004671,0.001601,-0.036532
2575,-0.068888,-0.001040,-0.007850,-0.026299,-0.073939,-0.010831,-0.029249,-0.032392
2576,0.048742,-0.046451,0.003705,-0.020851,-0.002142,-0.072417,-0.024759,-0.060796
2577,-0.200498,-0.127518,-0.088368,-0.071266,-0.081437,-0.020980,-0.028661,-0.013136
2578,-0.153595,-0.092072,-0.089604,-0.062963,-0.034073,0.025861,-0.042597,0.013950
2579,-0.190362,-0.146365,-0.123344,-0.086945,-0.082716,-0.045556,-0.074037,-0.022732
2580,-0.175555,-0.174785,-0.111849,-0.069344,-0.114787,-0.114058,-0.091542,-0.038760
2581,-0.092066,-0.087122,-0.047182,-0.030313,-0.110138,-0.099538,-0.088316,-0.048111
2582,-0.140509,-0.131693,-0.080237,-0.038609,-0.119364,-0.113712,-0.083144,-0.023088
2583,-0.192693,-0.156647,-0.123771,-0.092199,-0.138796,-0.118326,-0.091779,-0.060340
2584,-0.114061,-0.054379,-0.043463,-0.009630,-0.134391,-0.093295,-0.070551,-0.017439
2585,-0.010717,0.032955,0.030230,0.020452,0.001007,0.029294,0.024051,0.017239
2586,0.133227,0.050622,0.138226,0.092473,0.014532,-0.054713,0.010392,-0.020944
2587,-0.130235,-0.059322,-0.051912,-0.104265,-0.048424,0.018616,-0.062113,-0.098852
2588,-0.135949,-0.117702,-0.078962,-0.023588,-0.078237,-0.056865,-0.044536,0.025093
2589,-0.085621,-0.108318,-0.065814,-0.033622,-0.043282,-0.068116,-0.040446,-0.009966
2590,-0.138774,-0.104836,-0.069093,-0.027465,-0.134244,-0.111197,-0.070241,-0.029492
2591,0.035943,-0.021952,0.036715,0.057888,-0.088926,-0.126727,-0.033080,-0.022141
2592,-0.151835,-0.151898,-0.105258,-0.053442,-0.104835,-0.107772,-0.101565,-0.031396
2593,-0.129020,-0.075160,-0.102678,-0.082892,0.043102,0.086891,0.009747,0.038155
2594,-0.237358,-0.171075,-0.151002,-0.122156,-0.019209,0.040278,-0.030415,0.032785
2595,-0.156195,-0.119191,-0.120252,-0.100477,0.000437,0.018475,-0.026405,-0.000284
2596,-0.111017,-0.107352,-0.132513,-0.108895,0.007440,0.004594,-0.035192,-0.020358
2597,0.137529,0.003775,0.121556,0.085555,-0.058415,-0.155573,-0.027941,-0.069934
2598,-0.022978,-0.043784,-0.061394,-0.057953,0.054343,0.031004,0.006107,0.002848
2599,0.011295,-0.009593,0.021919,-0.006801,-0.010815,-0.020264,-0.024752,-0.039942
2600,-0.063784,-0.059992,-0.023369,-0.038833,-0.032440,-0.028626,-0.013343,-0.031779
2601,-0.095023,-0.143538,-0.093606,-0.080788,0.005878,-0.033280,-0.022816,-0.026469
2602,-0.168103,-0.121245,-0.108260,-0.104394,0.038955,0.082725,0.011490,0.023838
2603,0.017878,0.038237,0.000915,-0.000875,0.005004,0.026679,-0.008598,-0.007809
2604,0.027286,0.053432,-0.035433,-0.031838,0.033510,0.064377,0.001699,-0.010406
2605,-0.035572,0.083146,0.004553,-0.020858,0.023346,0.136716,0.006204,-0.004897
2606,0.190734,0.158167,0.144679,0.090947,0.043063,0.043745,-0.022823,-0.043535
2607,-0.097362,-0.094569,-0.046181,-0.051044,-0.058571,-0.050268,-0.045012,-0.043540
2608,-0.015489,-0.066921,-0.021605,-0.009383,0.046977,-0.001572,0.006890,0.032138
2609,0.056568,-0.025647,-0.002552,0.003368,0.005313,-0.053327,-0.023913,-0.035053
2610,-0.094663,-0.018918,-0.048719,-0.050885,0.044375,0.100279,0.027853,0.032346
2611,-0.005355,0.012577,-0.003961,-0.010340,0.079274,0.104153,0.021936,0.041875
2612,0.455597,0.312077,0.171350,0.117664,0.234305,0.133789,-0.039646,-0.022846
2613,-0.017235,0.004379,-0.021163,-0.039616,0.013659,0.047733,-0.040876,-0.027912
2614,-0.019064,0.013490,-0.031759,-0.023827,0.088936,0.120924,0.001771,0.040137
2615,0.066262,0.065966,0.045075,0.032386,-0.004105,0.005401,-0.060721,-0.018223
2616,0.062904,0.034639,0.007689,-0.001151,0.055435,0.049692,-0.029726,-0.006813
2617,-0.071804,0.009799,-0.015912,-0.025637,-0.040894,0.041779,-0.058318,-0.027548
2618,0.067377,0.066539,0.027793,0.013520,-0.007677,-0.001549,-0.058114,-0.040145
2619,-0.114390,-0.109574,-0.083806,-0.062770,-0.118377,-0.117093,-0.081470,-0.075272
2620,0.019160,0.077956,0.021768,-0.011474,0.032696,0.101393,-0.018850,-0.007940
2621,-0.033236,-0.021448,-0.061266,-0.047911,0.093117,0.091631,0.029600,0.040911
2622,0.073209,0.017486,0.018115,-0.014529,0.053288,0.016075,-0.041660,-0.033986
2623,0.096936,0.059437,0.047168,0.008092,0.023376,0.007607,-0.035848,-0.047117
2624,0.097796,0.089237,0.038486,0.016219,0.030080,0.035741,-0.021017,-0.024555
2625,-0.111451,-0.083843,-0.054858,-0.053576,0.013782,0.035086,0.028703,0.021189
2626,-0.078676,-0.049747,-0.053424,-0.054547,0.004429,0.042231,0.012835,0.006262
2627,-0.252662,-0.135725,-0.161541,-0.152903,0.008639,0.096494,-0.028957,-0.001533
2628,0.074503,0.054635,0.033920,0.028525,0.085784,0.059771,0.039026,0.033516
2629,-0.205865,-0.091084,-0.119773,-0.113553,0.031523,0.118301,-0.000526,0.020703
2630,0.097773,0.010187,0.037047,0.037446,0.082774,-0.001574,0.025660,0.032145
2631,0.193942,-0.022829,0.030131,0.019562,0.579766,0.317414,0.268571,0.179910
2632,-0.160289,-0.114570,-0.040850,-0.067773,-0.160787,-0.114184,-0.059937,-0.090190
2633,-0.045433,-0.018738,0.000763,-0.011549,-0.135138,-0.095206,-0.072718,-0.080307
2634,-0.164214,-0.025903,-0.022202,-0.053870,-0.077027,0.061792,0.003500,-0.020626
2635,-0.271860,-0.173552,-0.153963,-0.139169,0.002397,0.065205,0.011199,0.029555
2636,-0.087151,-0.033517,-0.079200,-0.061777,0.102705,0.131015,0.042637,0.062817
2637,-0.035892,-0.065004,-0.078770,-0.043398,0.212116,0.162152,0.056255,0.089570
2638,-0.088451,-0.025234,-0.030948,-0.008235,0.183811,0.212124,0.153293,0.167842
2639,-0.084551,-0.049652,-0.039007,-0.016635,0.073409,0.095186,0.086090,0.101292
2640,-0.048701,-0.103836,-0.072145,-0.037604,0.190272,0.114425,0.086430,0.116868
2641,-0.162192,-0.069482,-0.082618,-0.077638,0.046607,0.094903,0.055287,0.053895
2642,-0.231119,-0.149125,-0.078561,-0.067232,-0.127806,-0.073057,0.008393,-0.013972
2643,-0.054048,-0.066952,-0.022672,0.004393,0.094643,0.063774,0.092777,0.099054
2644,0.027631,-0.045541,-0.010603,-0.005471,0.039589,-0.024159,0.012532,0.008512
2645,-0.123232,-0.111344,-0.081347,-0.063387,0.111483,0.099146,0.064433,0.085785
2646,-0.095052,-0.065677,-0.037160,-0.007112,0.060759,0.069507,0.063008,0.097638
2647,-0.038687,-0.032053,-0.060391,-0.043089,0.115086,0.105048,0.047811,0.067502
2648,0.164013,0.089427,0.136338,0.105592,-0.056727,-0.081032,-0.023536,-0.023638
2649,0.274501,0.193106,0.194625,0.127927,-0.046552,-0.072500,-0.056711,-0.079194
2650,0.054152,0.001524,0.045115,0.037172,-0.006486,-0.062067,-0.012639,0.002286
2651,0.020479,0.027086,0.042783,0.034597,-0.058213,-0.058608,-0.022706,-0.020093
2652,0.096413,0.085897,0.106270,0.074025,-0.014108,-0.020420,0.011936,0.000226
2653,-0.072641,-0.067183,-0.041873,-0.048255,-0.089092,-0.112908,-0.092055,-0.078555
2654,0.037077,0.008230,-0.033010,-0.008318,0.065843,0.022825,0.011789,0.040009
2655,-0.049600,-0.027479,-0.010498,-0.024263,-0.014478,0.018365,-0.003218,-0.020897
2656,-0.162510,-0.087981,-0.111598,-0.128735,-0.039545,0.003977,-0.084731,-0.074977
2657,-0.134464,-0.094841,-0.092299,-0.043205,0.016873,0.039977,0.000879,0.069840
2658,-0.296712,-0.246790,-0.210188,-0.121847,0.001914,0.039917,-0.032574,0.098119
2659,-0.223875,-0.197153,-0.170230,-0.096354,0.017928,0.047851,-0.028507,0.088239
2660,-0.193915,-0.197192,-0.175344,-0.077288,0.060017,0.057287,-0.021425,0.122575
2661,-0.265884,-0.261240,-0.201259,-0.108574,0.004062,0.020838,-0.036341,0.083425
2662,-0.247794,-0.254882,-0.218916,-0.134622,0.061239,0.063592,-0.027234,0.083003
2663,-0.143768,-0.160280,-0.152579,-0.073850,0.057231,0.043958,-0.019857,0.083149
2664,-0.196929,-0.189468,-0.165725,-0.113571,0.071645,0.087510,-0.000975,0.075493
2665,-0.241287,-0.232244,-0.205254,-0.119727,0.047679,0.057744,-0.022246,0.087618
2666,-0.304782,-0.283109,-0.245839,-0.147964,0.021967,0.038620,-0.049340,0.084007
2667,-0.326876,-0.278140,-0.236541,-0.149780,-0.003479,0.036396,-0.057484,0.068377
2668,-0.292170,-0.247945,-0.211724,-0.120317,-0.015504,0.019864,-0.052178,0.074892
2669,-0.135527,-0.123523,-0.104129,-0.044639,-0.011470,-0.009524,-0.018833,0.060956
2670,-0.255554,-0.200318,-0.195387,-0.167812,0.043129,0.093434,-0.044993,0.013721
2671,-0.313541,-0.300095,-0.224119,-0.213263,-0.034344,-0.055256,-0.126467,-0.095987
2672,-0.283389,-0.189291,-0.210888,-0.171888,0.001813,0.070445,-0.059058,0.002911
2673,-0.152830,-0.127957,-0.159571,-0.096560,0.055262,0.071592,-0.025295,0.057152
2674,-0.221892,-0.201768,-0.201959,-0.148802,0.050377,0.078384,-0.044703,0.035802
2675,-0.093789,-0.085844,-0.111077,-0.075613,0.039519,0.041991,-0.006478,0.028555
2676,-0.235739,-0.203661,-0.210020,-0.138388,0.015291,0.044012,-0.056557,0.039246
2677,-0.217790,-0.206033,-0.188460,-0.137497,0.054745,0.076400,-0.024914,0.053805
2678,-0.216029,-0.208704,-0.202306,-0.133576,0.042725,0.057249,-0.040152,0.051501
2679,-0.072944,-0.080592,-0.118846,-0.065329,0.098606,0.086448,0.009885,0.073862
2680,-0.212566,-0.191801,-0.190564,-0.113961,0.015522,0.049364,-0.028344,0.064170
2681,-0.125411,-0.100697,-0.139845,-0.086505,0.072907,0.086933,-0.005189,0.062824
2682,-0.108932,-0.064659,-0.080234,-0.065733,0.003668,0.036162,-0.008666,0.010203
2683,-0.089850,-0.034688,-0.046065,-0.037724,-0.011285,0.024813,-0.017507,0.011267
2684,-0.097743,-0.029857,-0.015522,-0.032689,-0.075542,-0.020819,-0.024758,-0.033928
2685,-0.030136,-0.019377,-0.015254,-0.023974,0.010710,0.019717,-0.005767,-0.002181
2686,0.016932,0.045998,0.060495,0.045430,-0.028883,-0.016814,0.006416,0.005711
2687,0.041007,0.040958,0.006688,0.003674,0.038491,0.035710,0.018376,0.013343
2688,0.115886,0.080431,0.061932,0.030029,0.005848,-0.023138,-0.000351,-0.036314
2689,-0.013103,-0.017937,-0.041117,-0.047307,0.022539,0.018933,-0.006139,-0.021828
2690,-0.143299,-0.064639,-0.050047,-0.068351,-0.102573,-0.045821,-0.035280,-0.062199
2691,-0.256601,-0.081646,-0.084412,-0.095419,-0.165733,-0.038497,-0.080944,-0.076268
2692,0.210872,0.111809,0.100924,0.075921,0.059225,-0.026517,0.016504,-0.008456
2693,0.109460,0.075972,0.065346,0.064365,0.087259,0.033511,0.054575,0.053128
2694,-0.137791,-0.085332,-0.101766,-0.073431,-0.028933,0.003819,-0.021805,0.009536
2695,-0.105623,-0.051556,-0.068964,-0.044319,-0.118219,-0.077144,-0.074825,-0.046931
2696,-0.198808,-0.098754,-0.091753,-0.078479,-0.178716,-0.122590,-0.097166,-0.073161
2697,-0.213683,-0.126781,-0.097725,-0.085813,-0.172020,-0.145112,-0.090253,-0.079093
2698,-0.113080,-0.062829,-0.066294,-0.046474,-0.136633,-0.096071,-0.070446,-0.054054
2699,0.106947,0.082539,0.097770,0.061306,-0.187904,-0.170830,-0.139479,-0.124112
2700,0.272685,0.214235,0.264547,0.166012,-0.167317,-0.144772,-0.098276,-0.105860
2701,-0.251500,-0.099305,-0.033817,-0.054665,-0.192452,-0.075986,-0.052575,-0.055732
2702,0.082572,0.035741,0.007008,0.020821,0.087004,0.039115,0.056176,0.043218
2703,0.003484,0.037833,0.003727,-0.011250,-0.064745,-0.016938,-0.065759,-0.061945
2704,-0.111402,0.047450,0.101261,0.058036,-0.212298,-0.079419,-0.036576,-0.075386
2705,0.176084,0.047021,0.021905,0.035771,0.121008,0.013722,0.007638,0.024870
2706,0.374114,0.123356,0.072735,0.090271,0.379765,0.171241,0.116849,0.149906
2707,0.149581,0.084971,0.026199,0.022994,0.093014,0.043146,0.022122,0.017241
2708,-0.002563,0.024815,0.020252,0.024951,0.004774,-0.005060,0.042217,0.031203
2709,0.209882,0.011930,-0.001720,0.034678,0.388266,0.206895,0.145736,0.189013
2710,0.413853,0.129161,0.151433,0.139872,0.147128,-0.030643,0.008044,0.042405
2711,-0.031405,-0.042320,0.010188,0.002078,-0.030930,-0.036283,-0.013226,-0.006877
2712,-0.102987,-0.033780,-0.034532,-0.032604,-0.061407,-0.001748,-0.021420,-0.011218
2713,-0.171886,-0.029144,-0.040998,-0.031921,-0.107712,0.002551,-0.047797,-0.018926
2714,-0.024460,-0.014925,-0.035632,-0.027267,0.062273,0.070494,0.016310,0.020920
2715,0.001037,-0.004777,-0.012892,-0.014071,-0.053614,-0.061069,-0.023334,-0.047910
2716,-0.105771,-0.091102,-0.071813,-0.074378,-0.010459,0.002794,-0.027518,-0.031888
2717,0.015981,0.013145,0.021808,0.016990,0.003965,0.001476,0.000145,0.010725
2718,0.163821,0.053289,0.039389,0.032909,0.106699,0.022128,0.008559,0.011425
2719,-0.063408,-0.001805,-0.028643,-0.029512,-0.057281,-0.010399,-0.038044,-0.038383
2720,-0.048276,-0.019843,-0.016204,-0.020298,-0.040986,-0.017419,-0.036612,-0.040822
2721,-0.053612,0.031400,-0.000667,-0.019758,-0.047211,0.017027,-0.025317,-0.047271
2722,-0.000433,-0.015292,0.013829,0.009118,-0.001829,-0.019835,0.007669,0.002094
2723,-0.013520,-0.045830,-0.019988,0.002543,-0.016543,-0.058003,-0.013236,0.011385
2724,0.059724,0.055914,0.038381,0.025083,0.013898,0.009263,0.010290,-0.005167
2725,0.008495,0.037383,0.000400,0.003222,-0.002705,0.026255,-0.008269,-0.003654
2726,0.029610,0.012985,0.013982,0.011108,0.013828,-0.001109,0.002025,-0.001118
2727,-0.005758,0.009329,0.009149,0.009502,-0.013752,0.005258,-0.002259,-0.006022
2728,0.002332,-0.000183,0.002760,0.002948,-0.008121,-0.013409,-0.004452,-0.001727
2729,0.017094,-0.006630,0.014818,0.015827,0.002080,-0.029797,0.006651,0.007238
2730,-0.016157,-0.002894,-0.007052,-0.002521,-0.007070,0.009176,-0.010100,-0.004936
2731,-0.103118,-0.102962,-0.081589,-0.069322,-0.038645,-0.037250,-0.027897,-0.020432
2732,0.015869,0.020913,0.006574,0.017494,0.002682,0.013693,-0.005598,0.010707
2733,0.033608,-0.052732,-0.005033,0.000217,0.027522,-0.057551,-0.003797,0.006911
2734,0.003846,0.017878,-0.001361,0.009341,0.002519,0.017807,-0.003890,0.013184
2735,-0.050776,-0.027786,-0.047532,-0.023676,-0.004663,0.023982,-0.026685,0.000671
2736,-0.059126,-0.066569,-0.041570,-0.025042,-0.029886,-0.047467,-0.020836,0.004007
2737,0.005812,-0.000407,0.007178,0.013155,0.003067,-0.001717,0.000068,0.007244
2738,0.037098,0.051045,0.038895,0.033799,-0.004673,0.000285,0.008766,0.001245
2739,0.020507,0.022101,0.008449,0.014785,-0.001278,-0.002043,-0.003034,0.004588
2740,-0.006432,-0.047092,-0.015172,-0.014723,0.008052,-0.041871,0.000187,0.002447
2741,0.015231,0.008926,0.012647,0.016283,-0.021319,-0.030900,-0.007278,0.002311
2742,0.018345,-0.007109,0.011410,0.022754,0.003878,-0.031362,0.001847,0.017729
2743,0.017393,-0.004400,0.012902,0.013325,-0.016925,-0.046560,-0.004456,0.000985
2744,0.018389,0.020702,0.020531,0.012637,0.009151,0.008113,0.011452,0.002053
2745,0.314027,0.328237,0.281386,0.236273,0.149293,0.144632,0.115471,0.068981
2746,0.013269,0.010369,0.008781,0.012191,-0.009264,-0.019264,-0.004811,0.000419
2747,-0.013400,-0.008537,-0.016673,-0.012073,0.000571,-0.000835,-0.011374,-0.004523
2748,-0.020958,-0.024964,-0.020445,-0.016977,-0.000310,-0.003336,-0.009452,-0.002964
2749,0.044797,0.023996,0.042986,0.036887,0.007919,-0.018546,0.023036,0.018293
2750,-0.011936,0.016204,-0.013649,-0.004385,0.002742,0.041821,-0.011651,-0.000507
2751,0.014288,0.028571,0.014573,0.013195,-0.008489,0.006481,-0.005212,-0.004889
2752,0.012599,0.018784,0.012457,0.003089,0.016394,0.026462,0.011110,0.002469
2753,0.003130,0.033155,0.009477,0.022630,-0.003344,0.030756,-0.004290,0.011542
2754,-0.015830,0.007701,-0.007126,0.022641,0.001133,0.030215,-0.008343,0.030729
2755,-0.034591,-0.025377,-0.021597,-0.011074,0.002741,0.021112,-0.004685,0.008600
2756,-0.008608,-0.010411,0.005024,0.016769,0.016004,0.020060,0.017609,0.033131
2757,-0.018209,-0.030140,-0.035631,-0.018028,-0.025626,-0.033089,-0.022720,-0.000967
2758,0.035475,0.049471,0.029970,0.025858,-0.010287,0.004140,-0.002815,-0.009533
2759,-0.054981,-0.072403,-0.051177,-0.053595,-0.025631,-0.050291,-0.014741,-0.024858
2760,-0.002957,-0.035473,-0.010125,-0.014729,0.015803,-0.025887,0.004916,-0.002873
2761,0.055358,0.064250,0.040723,0.033544,0.021826,0.036766,0.006914,-0.005416
2762,0.075912,0.054795,0.040648,0.041609,0.013902,-0.008281,0.003484,-0.004797
2763,0.037909,0.053097,0.047430,0.031913,-0.006825,0.005812,0.012407,-0.004854
2764,-0.042785,-0.066589,-0.039036,-0.038256,-0.034513,-0.061202,-0.022226,-0.017430
2765,0.021671,0.004760,0.002172,0.012255,-0.027962,-0.044053,-0.020810,-0.004922
2766,0.042614,0.040807,0.033583,0.031639,0.007342,0.002217,0.008528,-0.000790
2767,-0.011280,0.012533,0.003208,0.012990,0.001791,0.031042,0.004461,0.014600
2768,-0.061359,0.016561,-0.047777,-0.027720,-0.024451,0.078466,-0.015441,0.003984
2769,-0.034852,-0.047250,-0.027252,-0.009518,0.007653,-0.002929,0.016856,0.038846
2770,0.023664,0.016504,0.021591,0.015738,-0.015777,-0.028947,-0.005495,-0.011497
2771,0.014099,0.030666,0.004466,0.003592,-0.035891,-0.021401,-0.036240,-0.033905
2772,0.007342,0.007852,-0.005238,-0.004350,0.001881,0.002697,-0.006271,-0.005684
2773,-0.020413,-0.016334,-0.003169,-0.007768,0.026675,0.040218,0.024888,0.014256
2774,-0.009497,0.003589,-0.003396,0.000055,0.021490,0.044074,0.008969,0.012983
2775,-0.010820,-0.003908,-0.002854,-0.002850,0.038011,0.053918,0.028501,0.023050
2776,-0.005479,-0.004917,-0.007219,0.000831,0.018980,0.022751,0.016955,0.020874
2777,0.010138,-0.015368,-0.008576,0.002178,0.004758,-0.019315,0.005044,0.013614
2778,-0.041897,-0.061065,-0.039581,-0.040231,0.001098,-0.010321,0.003549,0.002326
2779,0.000762,0.002510,-0.000087,0.004239,-0.001496,-0.002192,-0.002014,-0.000385
2780,0.014408,-0.007392,0.012818,0.000385,0.089254,0.074778,0.050173,0.028491
2781,-0.136194,-0.170709,-0.093707,-0.092347,0.008873,-0.024365,0.010055,0.012182
2782,0.039796,0.065950,0.048180,0.044353,0.080015,0.115129,0.056052,0.051322
2783,-0.004150,-0.013363,-0.012125,-0.000024,0.038655,0.035811,0.017359,0.030519
2784,-0.027490,-0.028578,-0.021959,-0.027539,0.011942,0.017057,0.002859,0.001147
2785,-0.002878,0.020634,0.002331,-0.001605,-0.036757,-0.009583,-0.022749,-0.019106
2786,0.003869,-0.027582,0.006386,-0.007780,-0.009372,-0.046085,0.000122,-0.011731
2787,-0.012321,-0.010734,-0.009154,-0.003202,-0.014495,-0.002480,0.003017,0.009769
2788,-0.000469,-0.010596,-0.005043,0.004289,-0.006524,-0.004911,0.005165,0.017034
2789,-0.013513,0.004073,-0.010781,-0.005283,-0.008187,0.022190,-0.004449,0.006481
2790,0.001111,0.012072,-0.022037,-0.001188,0.087315,0.130303,0.033538,0.057436
2791,-0.014953,-0.026388,-0.032077,-0.016243,0.091294,0.110002,0.055788,0.066873
2792,-0.069516,-0.083389,-0.061597,-0.049735,-0.031962,-0.029185,-0.024821,-0.004466
2793,-0.001511,-0.014654,-0.019584,-0.004995,0.091371,0.112723,0.053532,0.066431
2794,0.030278,0.014738,0.007579,0.024531,0.108431,0.122901,0.069134,0.076905
2795,0.023127,0.010055,-0.002756,0.009756,0.057524,0.064997,0.030307,0.040216
2796,-0.013720,-0.036614,-0.008814,-0.005860,0.073066,0.065805,0.057179,0.051974
2797,0.015541,0.010378,0.009439,0.024125,0.089305,0.104206,0.064401,0.063326
2798,0.021715,-0.010755,0.019981,0.016103,0.057323,0.022711,0.048808,0.030928
2799,0.052948,-0.008248,0.052182,0.047826,0.131883,0.075310,0.107615,0.084015
2800,0.090869,0.005510,0.097042,0.063936,0.224735,0.140059,0.161372,0.097676
2801,0.010604,-0.001645,0.011077,0.007003,0.016550,0.008557,0.032576,0.028573
2802,-0.060910,-0.085078,-0.040038,-0.050503,-0.081059,-0.123558,-0.053746,-0.039943
2803,0.024642,0.031384,0.016072,0.013663,-0.000340,0.003461,-0.005700,-0.002180
2804,0.041719,0.050845,0.030615,0.025741,0.045307,0.056740,0.015491,0.013050
2805,-0.011135,-0.024209,-0.010487,-0.016832,-0.021981,-0.044794,-0.012691,-0.021145
2806,-0.114715,-0.150634,-0.122127,-0.115053,-0.092473,-0.135244,-0.058659,-0.059018
2807,-0.028725,-0.027422,-0.039967,-0.033744,-0.025375,-0.007207,-0.014077,-0.005662
2808,0.006434,0.031247,-0.007384,-0.005992,-0.005717,0.042094,-0.008746,0.001857
2809,0.055888,-0.052283,0.043363,0.018074,0.158979,0.021612,0.099352,0.047330
2810,0.043405,0.047081,0.029137,0.030163,0.055933,0.066667,0.029849,0.027467
2811,0.000587,-0.020250,-0.004400,-0.006365,0.007976,-0.012492,0.008296,0.000911
2812,0.110657,-0.065865,0.104012,0.055009,0.244362,0.037598,0.165437,0.080908
2813,0.014803,0.043292,-0.012416,0.002944,0.002121,0.063540,0.009916,0.024320
2814,0.028887,0.057340,0.002493,0.006660,0.039498,0.110581,0.031988,0.032483
2815,-0.007462,-0.031311,-0.005278,-0.004323,0.012618,-0.010752,0.010910,0.009502
2816,0.055990,-0.074463,0.055165,0.026199,0.133079,-0.035730,0.104530,0.036355
2817,0.037655,0.031711,0.016195,0.024031,0.014537,0.018589,0.011677,0.025389
2818,0.093782,-0.132554,0.062789,0.025793,0.309057,0.036246,0.194743,0.119209
2819,0.012223,0.034188,-0.001287,-0.009649,-0.046282,-0.025747,-0.041869,-0.046189
2820,-0.025836,-0.039454,-0.012252,-0.019030,-0.048079,-0.080132,-0.028774,-0.031305
2821,0.017196,-0.012846,0.002162,-0.000547,-0.047523,-0.089882,-0.038435,-0.037999
2822,0.034484,0.027946,0.048375,0.040992,-0.004564,-0.006091,0.008374,-0.002688
2823,-0.102527,0.931687,-0.168135,-0.105626,-0.188097,1.018017,-0.235106,-0.136369
2824,-0.021670,-0.008033,-0.011838,0.003157,-0.015773,0.002737,-0.016634,0.012344
2825,-0.044350,-0.061735,-0.023154,-0.019253,-0.016875,-0.042633,-0.010493,-0.006918
2826,-0.003312,-0.007267,-0.014074,-0.006872,0.032278,0.023273,-0.012432,0.002717
2827,-0.019951,-0.062918,-0.021021,-0.022748,-0.089734,-0.157894,-0.064243,-0.065686
2828,-0.086488,-0.012543,-0.068177,-0.047705,-0.397392,-0.344192,-0.270071,-0.205470
2829,-0.060456,0.028975,-0.059895,-0.030073,-0.182231,-0.076206,-0.147177,-0.100415
2830,-0.011195,0.032035,-0.012515,0.007552,-0.362521,-0.338399,-0.250412,-0.202296
2831,-0.039555,0.028467,-0.041685,-0.019231,-0.424532,-0.378455,-0.281753,-0.212359
2832,-0.082414,0.031423,-0.061294,-0.038652,-0.474314,-0.357365,-0.322210,-0.254260
2833,-0.054247,0.037990,-0.053970,-0.036765,-0.488864,-0.404684,-0.310638,-0.255375
2834,-0.123843,-0.051644,-0.081344,-0.055843,-0.416151,-0.339997,-0.255722,-0.194191
2835,-0.026887,0.004969,-0.015522,0.009884,-0.250236,-0.204619,-0.148756,-0.111070
2836,-0.032817,0.030949,-0.021506,0.004444,-0.460498,-0.413255,-0.281370,-0.217983
2837,-0.073183,0.009976,-0.059019,-0.019403,-0.515084,-0.447772,-0.326614,-0.244348
2838,-0.003973,0.095136,-0.025990,0.005113,-0.473840,-0.378912,-0.306420,-0.231782
2839,-0.013300,-0.001308,-0.022010,-0.026966,-0.405287,-0.433050,-0.258507,-0.240852
2840,-0.080656,0.009615,-0.048246,-0.029168,-0.509408,-0.430107,-0.310249,-0.254397
2841,-0.045495,-0.004942,-0.060330,-0.051744,-0.470074,-0.464429,-0.314621,-0.269400
2842,-0.039241,0.022732,-0.053666,-0.026086,-0.476718,-0.447605,-0.319701,-0.239316
2843,-0.062685,-0.037244,-0.053535,-0.036172,-0.336775,-0.341146,-0.221619,-0.173361
2844,-0.069792,0.010080,-0.069329,-0.045184,-0.461244,-0.402638,-0.321834,-0.253307
2845,-0.045093,-0.003133,-0.045783,-0.009839,-0.373466,-0.354305,-0.242479,-0.173259
2846,0.146586,-0.029136,0.059250,0.016132,0.468080,0.285286,0.274141,0.186827
2847,-0.061255,-0.019767,-0.038206,-0.016368,-0.432859,-0.419664,-0.260386,-0.203236
2848,-0.082623,-0.003950,-0.042352,-0.026540,-0.296931,-0.210221,-0.186532,-0.152456
2849,-0.076008,-0.049633,-0.065138,-0.039533,-0.430021,-0.440190,-0.293884,-0.236444
2850,-0.077638,-0.041028,-0.032601,-0.010083,-0.376179,-0.344655,-0.215029,-0.172367
2851,-0.085139,0.001162,-0.090629,-0.072320,-0.364632,-0.269717,-0.266671,-0.223216
2852,-0.086073,-0.030340,-0.099572,-0.077480,-0.429492,-0.376976,-0.290817,-0.244686
2853,0.059797,0.023813,0.030123,0.013672,0.246431,0.231849,0.138841,0.107724
2854,-0.062150,-0.080925,-0.080524,-0.073732,-0.026882,-0.023682,-0.009439,-0.021609
2855,-0.004897,0.061325,-0.021604,-0.010284,-0.094389,-0.011798,-0.071080,-0.047954
2856,-0.018529,-0.084416,-0.033314,-0.033139,-0.392662,-0.504269,-0.259690,-0.229452
2857,-0.042794,-0.025777,-0.026874,-0.026303,-0.091009,-0.074426,-0.052545,-0.047297
2858,-0.115150,-0.074261,-0.113060,-0.069601,-0.413679,-0.389397,-0.249752,-0.190329
2859,-0.105470,-0.046437,-0.095037,-0.066505,-0.430050,-0.387492,-0.297289,-0.235926
2860,-0.070598,0.008667,-0.053380,-0.029697,-0.331174,-0.254454,-0.198139,-0.153787
2861,-0.045320,-0.169727,-0.012666,-0.030643,-0.363367,-0.546047,-0.164450,-0.178408
2862,0.065816,-0.000426,0.051417,0.044072,0.123807,0.052614,0.107803,0.077020
2863,0.110802,0.030643,0.083996,0.049926,0.204204,0.126201,0.168584,0.108772
2864,0.029308,0.018948,0.042123,0.027400,-0.031408,-0.052336,-0.003333,-0.029027
2865,0.054530,0.051643,0.046578,0.027762,0.118423,0.113653,0.049486,0.022583
2866,0.141474,0.048557,0.031634,0.017498,0.112236,0.011471,0.024385,-0.012229
2867,0.085417,0.081045,0.041810,0.040264,0.026079,0.022125,0.003029,0.001158
2868,0.031379,0.022597,0.016057,0.017198,-0.016098,-0.022649,0.011408,0.004450
2869,-0.032990,-0.091812,-0.125051,-0.088446,-0.179490,-0.242223,-0.105000,-0.091037
2870,-0.034707,-0.114578,-0.072218,-0.051500,-0.230320,-0.326955,-0.120508,-0.094219
2871,-0.047047,-0.055854,-0.012506,-0.011932,-0.113460,-0.127301,-0.046184,-0.041194
2872,0.091925,-0.020641,0.007027,0.007892,0.083665,-0.025701,0.050127,0.022294
2873,0.053031,0.024777,0.031844,0.012108,0.051496,0.011869,0.049054,0.013583
2874,0.061387,0.043918,0.049163,0.042151,-0.023257,-0.068770,-0.012548,-0.014439
2875,0.008566,-0.022591,-0.032845,-0.015642,-0.090804,-0.132574,-0.072537,-0.036968
2876,0.089518,0.041559,0.049570,0.048872,0.097894,0.044112,0.044632,0.039965
2877,0.083070,0.067291,0.073542,0.061380,0.070451,0.039775,0.048621,0.034824
2878,-0.004416,-0.004773,-0.007728,-0.013371,-0.012473,-0.024759,-0.003687,-0.014533
2879,-0.043788,-0.095896,-0.046744,-0.034221,-0.095195,-0.180203,-0.060618,-0.056279
2880,-0.233649,-0.248432,-0.228490,-0.204089,-0.148082,-0.182126,-0.086362,-0.082497
2881,0.088041,0.105422,0.065917,0.056699,-0.021122,-0.011851,-0.005790,-0.014889
2882,0.067593,0.099043,0.025413,0.031196,0.021497,0.059611,-0.020415,0.002421
2883,-0.045603,-0.040100,-0.097239,-0.078641,-0.174096,-0.158239,-0.109941,-0.102377
2884,-0.010437,0.067294,-0.048680,-0.028830,-0.021624,0.081660,-0.021228,-0.004207
2885,0.225394,0.343590,0.226128,0.233542,0.143868,0.272345,0.183077,0.136108
2886,0.219769,0.330842,0.217246,0.230241,0.175359,0.331574,0.220746,0.175802
2887,0.557777,0.563561,0.453673,0.372150,0.341700,0.339900,0.241848,0.142522
2888,0.245674,0.347022,0.228448,0.217687,0.135928,0.276996,0.193902,0.141789
2889,0.064296,0.113492,0.172759,0.152148,-0.008142,0.038163,0.116680,0.067878
2890,0.277254,0.356989,0.260033,0.257937,0.176740,0.292193,0.227380,0.158516
2891,0.178226,0.340103,0.221206,0.230933,-0.142994,0.012122,-0.046362,-0.009862
2892,0.213495,0.448181,0.259645,0.258184,-0.187182,0.057418,-0.064081,-0.027752
2893,0.141562,0.243731,0.150909,0.176986,-0.300125,-0.237142,-0.175129,-0.101113
2894,0.078266,-0.001147,0.006213,0.023759,0.163538,0.070624,0.057546,0.049831
2895,0.207582,0.379163,0.203231,0.211989,-0.289859,-0.131797,-0.175026,-0.100515
2896,0.190917,0.225092,0.187638,0.173116,-0.373830,-0.402420,-0.247787,-0.187167
2897,0.063464,0.126665,-0.015712,-0.008210,-0.221454,-0.187469,-0.247647,-0.161999
2898,0.057292,0.204870,0.051734,0.056615,-0.412961,-0.295535,-0.303503,-0.207102
2899,0.103777,0.215458,0.070224,0.083990,-0.430999,-0.364892,-0.317101,-0.216341
2900,-0.017221,0.057710,-0.081036,-0.043216,-0.477577,-0.424808,-0.402776,-0.254573
2901,0.084756,0.334492,0.056823,0.066622,-0.459357,-0.188578,-0.346512,-0.235238
2902,-0.107729,-0.024792,-0.141249,-0.094275,-0.407199,-0.317821,-0.375525,-0.229413
2903,0.085063,0.186769,0.088774,0.085709,-0.361993,-0.287438,-0.273266,-0.183872
2904,-0.009847,0.093673,-0.012480,-0.006973,-0.478766,-0.394406,-0.406744,-0.290041
2905,-0.024759,0.013766,-0.054286,-0.022077,-0.512559,-0.512178,-0.405775,-0.279500
2906,0.159518,0.115051,0.114764,0.106639,0.099306,0.043559,0.105360,0.048598
2907,0.070242,-0.010881,0.082412,0.047447,-0.859620,-0.978850,-0.570281,-0.478614
2908,0.058229,0.058612,0.024660,0.000711,-0.492105,-0.528049,-0.374518,-0.312095
2909,0.036969,0.006799,-0.014681,-0.036028,-0.006689,-0.054091,-0.072305,-0.068391
2910,0.175346,0.143019,0.051567,0.070125,-0.245916,-0.318501,-0.273586,-0.166270
2911,0.131907,0.105620,0.102919,0.087659,0.014810,-0.022876,0.029960,-0.004239
2912,-0.103347,-0.162433,-0.207716,-0.157109,-0.378979,-0.450336,-0.313582,-0.219700
2913,-0.035263,0.002352,0.001495,-0.025413,-0.188395,-0.161331,-0.149131,-0.122366
2914,0.019774,0.082012,0.040372,0.014795,-0.166946,-0.097751,-0.142562,-0.109783
2915,0.060013,0.024320,0.046592,0.027544,0.085274,0.035079,0.065974,0.036387
2916,0.063043,0.107680,0.012714,0.021062,-0.271008,-0.240944,-0.282055,-0.190442
2917,-0.011346,0.043575,-0.020364,-0.017782,-0.146681,-0.102753,-0.170227,-0.112704
2918,0.010170,0.052154,0.002643,0.010987,-0.028652,0.020919,-0.047514,-0.020191
2919,-0.080767,-0.072264,-0.060974,-0.075016,0.138800,0.152112,0.064771,0.021128
2920,-0.033788,-0.030962,-0.037387,-0.047074,-0.073311,-0.076588,-0.071113,-0.059419
2921,-0.003947,-0.060291,-0.006551,-0.032712,-0.030890,-0.110816,-0.066430,-0.068368
2922,-0.252797,-0.233897,-0.211655,-0.199227,-0.324751,-0.332776,-0.216709,-0.185295
2923,-0.434670,-0.507194,-0.457478,-0.399131,-0.618558,-0.709209,-0.518933,-0.384956
2924,0.041306,0.085567,0.036693,0.050177,0.029528,0.076895,0.026102,0.035204
2925,0.030935,0.099347,0.038674,0.048625,0.078736,0.173511,0.044939,0.044093
2926,-0.005853,-0.013611,0.019737,0.020566,-0.073614,-0.074174,-0.030184,-0.038385
2927,-0.056631,-0.139642,-0.095751,-0.100499,0.133172,0.040115,0.081783,0.026671
2928,-0.054027,-0.095394,-0.098022,-0.071597,-0.103251,-0.155704,-0.068913,-0.072002
2929,0.092698,-0.032777,0.019163,0.025074,0.264267,0.144002,0.244059,0.144880
2930,-0.273708,-0.285238,-0.110386,-0.103509,-0.154280,-0.183895,-0.066854,-0.055110
2931,-0.162574,-0.141190,-0.099514,-0.078062,-0.075555,-0.050135,-0.063292,-0.059149
2932,-0.261471,-0.264632,-0.168091,-0.135214,-0.003047,-0.025449,-0.051590,-0.022379
2933,-0.194040,-0.178866,-0.159097,-0.137794,-0.098527,-0.062975,-0.020758,-0.057284
2934,-0.163269,-0.178113,-0.122904,-0.090830,-0.289089,-0.310879,-0.158211,-0.140360
2935,-0.128089,-0.120761,-0.084739,-0.066309,-0.224992,-0.228686,-0.134271,-0.110801
2936,-0.110652,-0.104963,-0.094352,-0.060798,-0.256236,-0.252108,-0.076353,-0.099348
2937,-0.012753,0.002422,0.060513,0.005254,0.403823,0.440222,0.344316,0.177021
2938,0.630864,0.635959,0.284056,0.281754,0.563436,0.604356,0.224273,0.097818
2939,0.268965,0.269093,0.209967,0.112843,0.471614,0.510853,0.333998,0.157931
2940,0.157856,0.153487,0.129160,0.093403,0.129423,0.125998,0.108299,0.052744
2941,-0.031928,-0.078879,-0.010608,-0.028195,0.347096,0.303848,0.200945,0.155175
2942,0.199470,0.235141,0.124113,0.091209,0.149016,0.221945,0.086324,0.060196
2943,-0.012410,-0.000339,-0.039568,-0.031256,0.094279,0.147883,0.099983,0.057662
2944,0.216184,0.262211,0.122685,0.123456,0.039619,0.112498,0.046148,0.043768
2945,0.093009,0.050603,0.022944,0.024930,0.056223,0.030363,0.059739,0.037789
2946,0.232193,0.182947,0.156493,0.142284,0.507122,0.496055,0.330572,0.265505
2947,0.082091,0.122915,0.034694,0.055533,0.102177,0.178510,0.077398,0.089878
2948,0.288990,0.187558,0.142833,0.139950,0.432991,0.339840,0.235038,0.202932
2949,-0.082868,-0.174049,-0.191456,-0.161175,-0.029724,-0.121933,-0.125555,-0.051759
2950,0.481542,0.303733,0.235163,0.232275,0.548964,0.414377,0.290096,0.153009
2951,0.019249,-0.012977,0.018969,0.022106,0.005174,-0.021700,0.021736,0.009772
2952,-0.010116,-0.059533,0.012134,0.016903,-0.119338,-0.185969,-0.053812,-0.049629
2953,0.272398,0.240174,0.178128,0.071204,0.484368,0.492795,0.277380,0.113179
2954,0.142515,0.142204,0.083727,0.070712,-0.101030,-0.090816,-0.026503,-0.048569
2955,0.072416,0.061198,0.032807,0.023244,0.064064,0.071029,0.043993,0.020630
2956,0.866240,0.851292,0.440890,0.392169,0.528831,0.537807,0.138881,0.042486
2957,0.110405,0.050568,0.097729,0.085636,0.019785,-0.083506,0.006750,0.014773
2958,-0.132713,-0.156017,-0.060887,-0.046898,0.129356,0.104550,0.082471,0.087942
2959,0.152355,0.173204,0.124437,0.103693,0.231132,0.304917,0.155570,0.101510
2960,0.330633,0.449965,0.365774,0.336226,-0.197013,-0.029900,0.051960,0.014136
2961,0.102586,0.132904,0.111965,0.098810,0.085281,0.118274,0.033941,0.047214
2962,0.045680,0.088968,0.124276,0.102625,0.094323,0.176246,0.087277,0.048563
2963,-0.071749,0.026050,-0.037742,-0.046934,-0.070016,0.041993,-0.057091,-0.047808
2964,0.072720,0.134835,0.031346,0.030667,-0.054343,0.023666,0.005534,-0.002298
2965,-0.032159,-0.031915,-0.004554,-0.034058,0.163271,0.171913,0.131606,0.076740
2966,0.061937,0.074387,0.072055,0.065051,0.001461,0.009151,0.068791,0.061665
2967,0.008915,0.072139,0.044281,0.040678,0.173261,0.271336,0.131788,0.093018
2968,-0.072240,-0.024169,-0.044200,-0.020061,0.188958,0.273007,0.140164,0.117756
2969,0.102309,0.109431,0.102265,0.108157,0.819023,0.886854,0.538605,0.382522
2970,0.179969,0.333733,0.199327,0.133793,0.145383,0.344025,0.102979,0.073912
2971,0.014731,0.053440,0.009716,0.017745,-0.054931,0.009519,-0.007889,0.000301
2972,0.129328,0.208280,0.130518,0.105618,0.083429,0.183678,0.053802,0.043030
2973,0.108284,0.132818,0.105853,0.086654,0.094649,0.135654,0.083590,0.053850
2974,0.026262,0.045603,0.044826,0.046045,0.020139,0.040547,0.005308,0.024351
2975,0.177241,0.291674,0.232152,0.184956,0.015793,0.193399,0.066242,0.029444
2976,-0.011226,0.000278,0.036786,0.013124,-0.059519,-0.047976,0.039055,0.008552
2977,0.239278,0.276443,0.309604,0.235795,0.265582,0.314926,0.204128,0.143384
2978,0.141479,0.176444,0.202773,0.165102,-0.004051,0.018576,0.035590,0.019267
2979,0.298175,0.369744,0.402537,0.321834,0.237491,0.309041,0.143985,0.119168
2980,0.348124,0.363518,0.378987,0.299847,0.205045,0.186514,0.053271,0.044088
2981,0.388485,0.481242,0.454565,0.383569,0.152917,0.257335,0.085640,0.087029
2982,0.136069,0.165524,0.191469,0.137396,0.106612,0.143426,0.060371,0.035366
2983,0.508951,0.615782,0.566126,0.439017,0.217666,0.354931,0.137045,0.080098
2984,0.443952,0.501024,0.494394,0.375853,0.196184,0.247725,0.124984,0.068761
2985,0.197012,0.212811,0.219929,0.187006,0.044083,0.003372,0.005517,0.032917
2986,0.264730,0.316886,0.271530,0.213700,0.105081,0.111385,0.032394,0.045521
2987,0.024253,0.038213,0.160853,0.101979,-0.072950,-0.108206,-0.012922,-0.005815
2988,-0.010597,-0.010334,0.026728,0.009477,-0.014235,-0.072143,-0.085394,-0.033934
2989,0.107574,0.132087,0.164956,0.127712,0.048654,0.024306,0.004936,0.034790
2990,-0.170930,-0.186857,-0.263673,-0.177987,-0.484618,-0.533740,-0.298280,-0.217423
2991,0.136127,0.162567,0.176047,0.152372,0.081342,0.059642,0.026116,0.056645
2992,0.070924,0.096527,0.137102,0.117572,-0.021101,-0.035130,0.006763,0.035319
2993,-0.256849,-0.280360,-0.287212,-0.234336,-0.211234,-0.270143,-0.151990,-0.097703
2994,0.057045,0.000267,0.147042,0.047029,-0.295072,-0.392836,-0.120604,-0.175506
2995,0.074273,0.069305,0.099352,0.069268,-0.043908,-0.069960,0.020399,-0.002290
2996,-0.141313,-0.146419,-0.128371,-0.107080,-0.042449,-0.088511,-0.072360,-0.025244
2997,-0.075379,-0.050417,-0.107952,-0.061343,-0.184932,-0.199409,-0.136257,-0.061703
2998,-0.119165,-0.112908,-0.204684,-0.143562,-0.242402,-0.279877,-0.204017,-0.117910
2999,-0.214101,-0.174142,-0.232362,-0.184561,-0.367155,-0.358621,-0.242561,-0.161240
3000,-0.219860,-0.192551,-0.275703,-0.202573,-0.337792,-0.349131,-0.239905,-0.143324
3001,-0.100403,-0.130114,-0.163095,-0.131023,-0.347151,-0.417707,-0.233774,-0.172783
3002,-0.214916,-0.240747,-0.282283,-0.231227,-0.210229,-0.284698,-0.191273,-0.125567
3003,-0.190895,-0.208962,-0.245327,-0.197218,-0.321793,-0.364292,-0.211599,-0.150052
3004,0.052309,0.091207,0.039081,0.066293,-0.121441,-0.066296,-0.035062,-0.025112
3005,-0.079251,-0.059912,-0.108848,-0.055024,-0.198916,-0.180267,-0.093163,-0.057162
3006,-0.020377,-0.031057,0.082046,0.012675,0.203487,0.232398,0.108709,0.063563
3007,0.086097,0.109797,0.122060,0.092868,0.198925,0.280107,0.120430,0.078293
3008,0.020563,0.051345,0.048591,0.055602,-0.015090,0.019100,0.028553,0.036988
3009,-0.046833,-0.080237,-0.133366,-0.081914,-0.167988,-0.176720,-0.059889,-0.048253
3010,-0.037008,-0.042623,-0.001663,-0.007267,0.051273,0.060915,0.041889,0.041780
3011,0.271585,0.321056,0.445334,0.279432,0.071462,0.174576,0.114350,0.006120
3012,0.057946,0.029942,0.066411,0.011284,0.185311,0.158030,0.138724,0.105020
3013,0.022241,0.014864,0.006329,-0.006032,0.017864,-0.005885,0.019162,0.039309
3014,-0.118470,-0.144536,-0.141099,-0.130754,-0.114524,-0.158443,-0.098475,-0.037916
3015,0.044381,0.018304,0.009879,-0.006507,0.040654,-0.014713,0.001903,0.018089
3016,0.072934,0.090492,0.060633,0.054588,0.044618,0.040117,0.012618,0.043874
3017,-0.027948,-0.045068,-0.059824,-0.060810,-0.148364,-0.180550,-0.096814,-0.061176
3018,0.089952,0.127665,0.073638,0.064276,-0.183546,-0.154961,-0.103243,-0.085112
3019,0.001520,0.007429,-0.035559,-0.006011,-0.106255,-0.099620,-0.036216,0.008691
3020,-0.023194,-0.030931,-0.088422,-0.042426,-0.142936,-0.137728,-0.070061,-0.013691
3021,0.065908,0.105623,0.110241,0.090608,-0.040189,0.016095,0.008884,-0.007510
3022,-0.043902,-0.070865,0.121682,0.023643,0.242019,0.206110,0.151315,0.091939
3023,-0.231906,-0.287486,-0.214374,-0.200815,-0.189546,-0.241366,-0.085674,-0.064542
3024,0.064463,0.055475,0.094597,0.062153,0.029846,0.003576,0.035633,0.040378
3025,-0.105638,-0.214395,-0.063710,-0.069200,-0.075093,-0.193963,-0.008027,0.012365
3026,0.090481,0.051142,0.103698,0.075069,0.095572,0.057036,0.065236,0.081017
3027,0.027321,0.041514,0.171798,0.110790,0.144501,0.172457,0.110618,0.040387
3028,0.062121,0.014059,0.021811,0.008262,0.081674,0.020572,0.023955,0.035584
3029,0.069565,0.051715,0.133000,0.111169,0.051692,0.044656,0.051372,0.053947
3030,-0.142400,-0.152927,-0.150773,-0.141858,-0.276870,-0.268423,-0.173388,-0.187507
3031,-0.305753,-0.364311,-0.460868,-0.412667,-0.254127,-0.323220,-0.260016,-0.229704
3032,-0.182564,-0.190603,-0.155442,-0.124129,-0.149413,-0.134719,-0.079962,-0.079907
3033,0.055192,-0.183834,-0.051733,-0.060005,0.182628,-0.048852,-0.007762,-0.005989
3034,0.054659,0.039853,-0.023382,-0.029285,0.092798,0.057115,0.006847,0.018613
3035,-0.038395,-0.102462,-0.119263,-0.142836,-0.094745,-0.205374,-0.062367,-0.053504
3036,-0.055858,0.047819,-0.088101,-0.118486,0.029950,0.184221,-0.094658,-0.071802
3037,-0.501039,-0.475020,-0.321251,-0.269798,-0.481426,-0.462813,-0.238834,-0.154233
3038,-0.823508,-0.775664,-0.716996,-0.619544,-0.068280,-0.021499,-0.108901,-0.054136
3039,-0.263605,-0.249909,-0.296679,-0.268351,-0.402863,-0.463487,-0.347337,-0.179812
3040,-0.173190,-0.145354,-0.166298,-0.135236,-0.439888,-0.473423,-0.337234,-0.173664
3041,-0.353024,-0.311611,-0.380853,-0.310019,-0.289105,-0.311676,-0.266988,-0.107702
3042,-0.152220,-0.138413,-0.272314,-0.238229,-0.109568,-0.160617,-0.224750,-0.120852
3043,-0.500801,-0.474000,-0.476069,-0.409506,-0.305648,-0.336878,-0.257247,-0.152191
3044,-0.272554,-0.254263,-0.369925,-0.313653,-0.171031,-0.208931,-0.242640,-0.115622
3045,-0.177238,-0.147245,-0.308883,-0.198029,-0.074319,-0.100023,-0.220943,-0.025368
3046,-0.266231,-0.247195,-0.332746,-0.262446,-0.217025,-0.264103,-0.281111,-0.108075
3047,-0.266982,-0.228493,-0.344990,-0.259809,-0.309359,-0.325375,-0.321163,-0.148329
3048,-0.412291,-0.333956,-0.199399,-0.174422,-0.314913,-0.247763,-0.130003,-0.088404
3049,0.329355,0.390342,0.171398,0.087986,0.136672,0.182751,-0.046504,-0.115782
3050,-0.368175,-0.302757,-0.396933,-0.345131,-0.400836,-0.330732,-0.396021,-0.266005
3051,-0.174693,-0.161705,-0.351244,-0.248336,-0.126169,-0.141171,-0.242906,-0.106749
3052,-0.123860,-0.106370,-0.184159,-0.171762,-0.247937,-0.276703,-0.174724,-0.109057
3053,-0.104868,-0.082663,-0.241997,-0.206430,-0.074872,-0.088751,-0.137998,-0.071498
3054,0.118113,0.058904,-0.014381,-0.032118,0.314782,0.201067,0.057753,0.057868
3055,-0.203715,-0.223029,0.010662,0.008459,-0.358285,-0.348224,-0.061985,-0.068548
3056,-0.117963,-0.054905,-0.174169,-0.143524,-0.149542,-0.129880,-0.117401,-0.050992
3057,-0.145410,-0.066041,-0.272897,-0.186331,-1.000156,-0.970612,-0.851426,-0.567190
3058,-0.224730,-0.233489,-0.297336,-0.240847,-0.256687,-0.321060,-0.248199,-0.126793
3059,0.558542,0.676748,0.377557,0.269874,0.357965,0.461182,0.110517,0.029577
3060,0.049024,0.081338,-0.071702,-0.040614,0.176402,0.215773,0.003685,0.022524
3061,0.438608,-0.042944,-0.065266,-0.030699,0.770538,0.270444,0.074252,0.033336
3062,-0.325379,-0.366519,-0.159647,-0.114304,-0.126333,-0.161188,0.038110,0.041278
3063,-0.396443,-0.426952,-0.164476,-0.129626,-0.424070,-0.445324,-0.095952,-0.073836
3064,0.053432,0.024913,-0.079489,-0.046846,0.219729,0.163721,0.063843,0.085023
3065,0.232051,0.182058,0.053358,0.057620,0.222537,0.157553,0.094298,0.065403
3066,0.188237,0.176664,-0.006332,0.013587,0.325942,0.285995,0.093534,0.113507
3067,0.206004,0.139922,-0.039107,-0.011972,0.292085,0.205059,0.096811,0.089760
3068,-0.010261,0.007008,-0.006211,-0.039168,-0.023952,0.021760,-0.026731,-0.074357
3069,-0.085436,-0.070618,-0.073012,-0.075644,0.124674,0.172257,0.086313,0.075665
3070,-0.404568,-0.403610,-0.396960,-0.353525,-0.480613,-0.505760,-0.311911,-0.253604
3071,0.089121,0.103739,0.102488,0.088118,0.223563,0.228365,0.159092,0.128462
3072,-0.404120,-0.424738,-0.456017,-0.375560,-0.262767,-0.300774,-0.289931,-0.145654
3073,-0.174679,-0.137197,-0.095896,-0.061955,-0.076457,-0.011988,-0.051769,-0.045162
3074,0.458334,0.562502,0.587152,0.521945,-0.261747,-0.105459,0.108870,0.058194
3075,0.193720,0.307884,0.187769,0.244406,-0.400589,-0.236413,-0.126316,-0.113348
3076,0.062160,0.074742,0.130643,0.105618,0.132987,0.147451,0.133795,0.098785
3077,-0.094994,-0.078753,-0.074459,-0.041247,-0.007019,0.012895,0.004527,0.029472
3078,-0.020233,-0.064563,-0.018099,-0.002025,-0.096488,-0.140292,-0.028521,-0.009146
3079,-0.073237,-0.065354,-0.005800,0.009345,-0.189063,-0.162842,-0.046251,-0.029902
3080,-0.109384,-0.115923,-0.216587,-0.144698,-0.214976,-0.172294,-0.079864,-0.054803
3081,0.002675,-0.010815,0.032470,0.026917,0.008470,0.005536,0.049472,0.031041
3082,0.149248,0.108870,0.181886,0.143679,0.024958,-0.020263,0.082397,-0.012105
3083,0.160505,0.127377,0.069603,0.065646,0.021321,-0.005461,0.003189,-0.016160
3084,-0.383119,-0.412551,-0.489904,-0.435189,-0.188754,-0.221265,-0.236503,-0.190384
3085,0.022042,0.032477,0.010944,0.026621,0.067279,0.091343,0.032473,0.040981
3086,0.165468,0.159868,0.051239,0.048256,0.010170,-0.000879,-0.093849,-0.075024
3087,0.087514,0.105304,0.020160,0.058019,0.076910,0.107113,0.020405,0.040326
3088,0.003940,0.026294,0.025522,0.032505,-0.033874,-0.008928,-0.033432,-0.009318
3089,0.134740,0.140000,0.017232,0.025380,0.111668,0.146268,0.096221,0.049305
3090,0.134110,0.088311,0.131538,0.093691,-0.012827,-0.052871,-0.029503,-0.042050
3091,0.064011,0.088029,0.074492,0.087124,-0.269806,-0.231643,-0.145152,-0.105681
3092,0.066174,0.066141,0.113469,0.099360,-0.116323,-0.121846,-0.041991,-0.021056
3093,-0.025029,0.035111,-0.025246,0.008274,-0.124344,-0.069179,-0.081143,-0.018670
3094,0.034177,0.073078,0.083611,0.089217,-0.044076,0.007716,-0.009868,0.023474
3095,0.026151,0.047747,0.060954,0.072705,-0.023304,-0.004764,0.021597,0.035178
3096,0.058961,0.086413,0.062479,0.066917,-0.346439,-0.307779,-0.244851,-0.152515
3097,-0.033130,-0.006333,-0.023569,-0.022443,-0.205003,-0.180465,-0.164559,-0.106920
3098,-0.015334,0.030653,-0.032334,0.009782,-0.557914,-0.496403,-0.368781,-0.258234
3099,0.074062,0.049191,0.013186,0.031381,-0.102777,-0.126285,-0.074704,-0.053816
3100,0.100750,0.056669,0.101207,0.089678,0.090182,0.067594,0.128509,0.029917
3101,-0.091443,-0.080499,-0.008133,-0.060370,0.493393,0.538732,0.373143,0.178766
3102,-0.076621,-0.049724,-0.133736,-0.093204,-0.344355,-0.315409,-0.300748,-0.172663
3103,0.064429,0.074813,-0.073680,-0.037601,0.056908,0.090575,-0.019356,-0.040366
3104,-0.104554,-0.083507,-0.078885,-0.053020,-0.283017,-0.257119,-0.224554,-0.106893
3105,0.004853,0.000682,-0.060883,-0.042916,-0.381958,-0.386523,-0.369068,-0.220325
3106,0.120242,0.135117,0.078127,0.066981,-0.412063,-0.409476,-0.356794,-0.237130
3107,-0.003003,0.003014,-0.048824,-0.030410,-0.091443,-0.078003,-0.060958,-0.044955
3108,-0.046407,-0.055750,0.053900,0.058686,0.141058,0.168232,0.179866,0.103115
3109,-0.162150,-0.177549,0.083096,-0.016753,0.758103,0.816865,0.600126,0.265282
3110,0.043578,0.085951,0.026170,0.042747,-0.387578,-0.340972,-0.326557,-0.170693
3111,0.072302,0.098864,0.030195,0.033920,-0.382927,-0.365992,-0.377690,-0.202760
3112,0.052670,0.082252,-0.003489,0.021790,-0.149734,-0.121056,-0.195012,-0.068497
3113,0.193990,0.179471,0.064563,0.091372,-0.137760,-0.147227,-0.184739,-0.077796
3114,0.318463,0.311168,0.253681,0.223151,-0.192757,-0.186319,-0.123377,-0.064267
3115,0.194229,0.186926,0.117940,0.178763,-0.252003,-0.277545,-0.224769,-0.050736
3116,0.214743,0.217369,0.153976,0.180410,-0.169718,-0.182999,-0.137018,-0.029924
3117,0.160125,0.120066,0.015145,0.067126,-0.179817,-0.239380,-0.233396,-0.081212
3118,-0.032422,0.022197,-0.034502,0.021062,-0.376935,-0.297806,-0.256077,-0.133517
3119,0.670901,0.682994,0.344410,0.352685,-0.281601,-0.222253,-0.364695,-0.263080
3120,0.074964,0.106537,0.033180,0.058153,-0.260346,-0.231254,-0.270889,-0.110044
3121,0.216837,0.219675,0.046266,0.075271,-0.365715,-0.384264,-0.382641,-0.183427
3122,-1.076833,-1.077082,-1.050661,-0.947834,-0.425468,-0.427282,-0.570150,-0.352456
3123,-0.014742,0.006263,-0.048021,-0.003711,-0.297719,-0.277260,-0.279275,-0.129146
3124,-0.039934,-0.040799,-0.092844,-0.061951,-0.361235,-0.370078,-0.367201,-0.219676
3125,0.006491,-0.020632,-0.091071,-0.060611,-0.151551,-0.193192,-0.225707,-0.135296
3126,0.005218,-0.049961,-0.133986,-0.089943,-0.169622,-0.241892,-0.244534,-0.126764
3127,0.045883,0.051291,-0.042088,-0.003713,-0.277762,-0.284141,-0.286203,-0.157474
3128,0.129604,0.104795,-0.006652,0.000969,-0.383969,-0.441285,-0.399611,-0.260553
3129,0.228552,0.200068,0.132801,0.129650,-0.124408,-0.171890,-0.147713,-0.070128
3130,-0.190468,-0.290123,-0.198931,-0.160541,0.112494,0.007094,0.074884,0.003827
3131,-0.096579,-0.097612,-0.093030,-0.088421,-0.005649,-0.015732,-0.027327,-0.005729
3132,0.091301,0.103791,0.160393,0.125505,-0.029441,-0.018064,0.028426,0.016764
3133,-0.258453,-0.255861,-0.292080,-0.291348,-0.571154,-0.580859,-0.474806,-0.328456
3134,-0.304717,-0.431506,-0.524640,-0.373472,-0.198839,-0.378783,-0.231262,-0.130948
3135,-0.280974,-0.389602,-0.502697,-0.363015,-0.176589,-0.353288,-0.309910,-0.153351
3136,-0.279578,-0.398685,-0.471587,-0.341694,-0.185009,-0.358524,-0.196860,-0.127648
3137,-0.318138,-0.384244,-0.552190,-0.391022,-0.414726,-0.538032,-0.377618,-0.214927
3138,-0.355149,-0.428179,-0.597219,-0.457598,-0.338552,-0.469297,-0.387641,-0.231093
3139,-0.094261,-0.094425,-0.250366,-0.177304,-0.300730,-0.321432,-0.213150,-0.131916
3140,-0.095545,-0.111865,-0.224498,-0.142077,-0.322059,-0.368033,-0.233934,-0.143549
3141,-0.210343,-0.249133,-0.424867,-0.306383,-0.173265,-0.259707,-0.257351,-0.143943
3142,-0.200243,-0.244875,-0.389989,-0.271955,-0.291792,-0.369251,-0.297321,-0.151945
3143,-0.155537,-0.216130,-0.270198,-0.211132,-0.119657,-0.219504,-0.129531,-0.060285
3144,-0.272398,-0.364947,-0.432663,-0.358525,-0.193262,-0.307589,-0.324049,-0.183524
3145,-0.199726,-0.265573,-0.383021,-0.290780,-0.292777,-0.390666,-0.306773,-0.162944
3146,-0.180240,-0.211054,-0.311240,-0.221999,-0.337382,-0.391248,-0.263844,-0.154542
3147,0.039994,0.021783,-0.102315,-0.039464,-0.450531,-0.441457,-0.335494,-0.222041
3148,-0.086947,-0.115653,-0.286497,-0.190579,-0.288793,-0.311831,-0.291201,-0.150501
3149,-0.241115,-0.269541,-0.301404,-0.283329,-0.253479,-0.288157,-0.268887,-0.169751
3150,-0.089373,-0.099564,-0.186578,-0.143164,-0.208951,-0.230705,-0.201078,-0.114748
3151,-0.103493,-0.137009,-0.236295,-0.189757,-0.191010,-0.242686,-0.305627,-0.153094
3152,-0.163066,-0.198577,-0.280579,-0.235630,-0.128270,-0.172330,-0.208575,-0.109229
3153,-0.055381,-0.085052,-0.178630,-0.144320,-0.202388,-0.239042,-0.230161,-0.137085
3154,-0.139301,-0.159309,-0.211321,-0.168766,-0.278695,-0.304083,-0.266460,-0.141129
3155,-0.037596,-0.101751,-0.144377,-0.113053,-0.204315,-0.276228,-0.235011,-0.123386
3156,-0.079867,-0.101170,-0.103654,-0.081507,-0.026132,-0.044490,-0.105624,-0.018967
3157,0.016736,-0.023737,0.003085,-0.001392,0.007788,-0.014329,-0.071477,-0.014440
3158,0.086906,0.028720,-0.004001,-0.000164,-0.239758,-0.306508,-0.334712,-0.187527
3159,0.049205,0.018888,0.048391,0.011333,-0.522933,-0.532899,-0.555464,-0.353212
3160,0.105644,0.106548,0.093664,0.035260,-0.099450,-0.071524,-0.112257,-0.090372
3161,0.038051,0.073879,0.057804,0.025094,0.013114,0.085103,0.075960,0.006866
3162,0.094095,0.037647,0.022265,0.026614,-0.207233,-0.258664,-0.227638,-0.131061
3163,0.059366,-0.019107,-0.085046,-0.055817,-0.337493,-0.401900,-0.367131,-0.224489
3164,-0.056645,-0.164628,-0.048073,-0.034972,-0.560306,-0.667454,-0.480975,-0.342325
3165,-0.118982,-0.132464,-0.098917,-0.092422,-0.145172,-0.154573,-0.184211,-0.099027
3166,-0.172395,-0.162726,-0.170233,-0.167907,-0.472966,-0.455587,-0.399467,-0.305792
3167,-0.295449,-0.340707,-0.268768,-0.245981,-1.143364,-1.220245,-1.074072,-0.692350
3168,-0.239569,-0.242034,-0.229207,-0.262845,-0.833347,-0.853298,-0.841097,-0.555158
3169,-0.469260,-0.462552,-0.326878,-0.332415,-1.153803,-1.181542,-1.007379,-0.690135
3170,-0.323869,-0.290997,-0.245996,-0.232386,-0.102200,-0.092394,-0.187213,-0.074590
3171,-0.667738,-0.705465,-0.493676,-0.485380,-1.686666,-1.745469,-1.431213,-1.034687
3172,-0.288529,-0.266521,-0.220851,-0.185043,-0.262823,-0.267617,-0.299447,-0.131888
3173,-0.431286,-0.468689,-0.385485,-0.331210,-1.389349,-1.480560,-1.252056,-0.798511
3174,-0.193933,-0.248171,-0.246635,-0.248240,-1.112658,-1.212895,-1.069531,-0.699737
3175,-0.225314,-0.242591,-0.242012,-0.166018,-0.665811,-0.690201,-0.634208,-0.352509
3176,-0.300663,-0.410816,-0.394081,-0.314190,-1.251943,-1.432925,-1.267529,-0.781178
3177,-0.248158,-0.368969,-0.354558,-0.251814,-0.927586,-1.099067,-0.951324,-0.545212
3178,-0.375942,-0.439764,-0.228751,-0.247820,-1.525193,-1.625250,-1.330573,-0.971532
3179,-0.337216,-0.418111,-0.357580,-0.285996,-1.096266,-1.239678,-1.076410,-0.633414
3180,-1.070217,-1.095917,-0.973618,-0.932844,-1.235271,-1.303641,-1.218736,-0.838648
3181,-0.363456,-0.418525,-0.275075,-0.292097,-1.322143,-1.407683,-1.216067,-0.837552
3182,-0.303196,-0.383352,-0.400195,-0.347052,-1.253437,-1.398285,-1.265301,-0.814260
3183,-0.093986,-0.156331,-0.155789,-0.144523,-0.023354,-0.094809,-0.125298,-0.060356
3184,-0.356864,-0.421799,-0.389262,-0.348671,-0.973614,-1.072227,-0.998358,-0.624530
3185,-0.301057,-0.360360,-0.316447,-0.286061,-0.636386,-0.743489,-0.716351,-0.430088
3186,-0.323015,-0.408280,-0.334102,-0.295836,-0.661942,-0.791747,-0.722008,-0.431786
3187,0.002882,0.008240,-0.024984,-0.036178,-0.105573,-0.088760,-0.092005,-0.081259
3188,-0.058485,-0.053867,-0.079211,-0.081278,-0.133450,-0.117777,-0.158559,-0.105881
3189,-0.047305,-0.045317,-0.091346,-0.086675,-0.110711,-0.111135,-0.149704,-0.096620
3190,-0.137022,-0.056378,-0.135564,-0.162631,-0.176319,-0.073931,-0.114372,-0.135037
3191,-0.036275,-0.075835,-0.076071,-0.123014,-0.190768,-0.219370,-0.175789,-0.176761
3192,-0.005768,0.018585,-0.000846,-0.018331,0.024150,0.058137,-0.003035,-0.026628
3193,0.032580,0.018188,-0.017497,0.010824,-0.040546,-0.051044,-0.039306,-0.015991
3194,-0.252129,-0.261331,-0.276567,-0.261755,-0.123025,-0.134005,-0.093933,-0.105502
3195,-0.006298,-0.016726,-0.069581,-0.054846,-0.084548,-0.096306,-0.067523,-0.058446
3196,0.007611,-0.031581,-0.048872,-0.046096,0.008983,-0.024665,0.030822,-0.004277
3197,-0.040324,-0.044722,0.009140,0.017015,-0.057219,-0.061554,-0.049026,-0.022336
3198,-0.055218,-0.060905,-0.086872,-0.071558,0.007167,-0.009369,-0.064195,-0.055902
3199,-0.036535,-0.033225,-0.044722,-0.025819,-0.010185,-0.009467,-0.064626,-0.039955
3200,0.075131,0.019390,0.027044,0.031394,0.078459,0.000325,-0.012119,0.000805
3201,0.090159,0.168304,0.201603,0.061508,-0.217029,-0.095351,-0.086181,-0.105822
3202,-0.081232,-0.138479,-0.129778,-0.111848,-0.220597,-0.281107,-0.239295,-0.154655
3203,-0.018684,-0.092347,-0.082446,-0.074662,-0.233501,-0.313982,-0.223927,-0.169763
3204,0.003621,-0.033795,-0.044934,-0.045191,0.087409,0.030180,-0.025367,-0.016824
3205,-0.043956,-0.070522,-0.053751,-0.052111,0.095237,0.068375,0.019609,0.024892
3206,-0.073869,-0.110916,-0.115323,-0.097783,-0.084298,-0.125213,-0.113398,-0.079178
3207,-0.274848,-0.279783,-0.477679,-0.370135,-0.454607,-0.442364,-0.296669,-0.235532
3208,0.022382,0.007258,-0.031292,0.001832,-0.018178,-0.033556,-0.022697,0.010501
3209,-0.023237,-0.037481,-0.030089,-0.017282,-0.121272,-0.113246,-0.041717,-0.031128
3210,0.040375,0.040469,0.040658,-0.002450,-0.126906,-0.092640,-0.020518,-0.046354
3211,-0.023400,-0.051237,-0.047379,-0.046705,0.010977,-0.009086,-0.006357,-0.008713
3212,-0.021170,-0.051941,-0.072244,-0.058155,-0.005879,-0.026222,-0.006255,-0.004246
3213,-0.000966,-0.013523,-0.032492,-0.019926,-0.034937,-0.038559,-0.042883,-0.028977
3214,-0.007578,-0.056166,-0.044129,-0.049928,0.010426,-0.016521,-0.023748,-0.041937
3215,-0.285687,-0.260986,-0.301094,-0.272911,-0.275763,-0.228067,-0.143808,-0.173509
3216,-0.177647,-0.168308,-0.235026,-0.182162,-0.256328,-0.226548,-0.158880,-0.127947
3217,-0.089111,-0.106311,-0.125432,-0.113037,-0.176268,-0.170026,-0.106146,-0.105979
3218,-0.009051,-0.016818,0.002662,-0.030546,-0.085824,-0.104102,-0.099601,-0.052152
3219,-0.036244,-0.058782,-0.060962,-0.047660,-0.081674,-0.100457,-0.103445,-0.036664
3220,-0.142592,-0.162377,0.096610,0.034143,-0.178944,-0.144598,-0.019997,-0.034535
3221,-0.016739,-0.067037,-0.031976,-0.062262,0.111781,0.056101,0.006641,0.060296
3222,-0.047013,-0.144514,-0.082253,-0.099350,0.006578,-0.100791,-0.129845,-0.025722
3223,-0.202483,-0.280872,-0.131598,-0.137156,0.091813,-0.007104,0.000832,0.067641
3224,-0.191981,-0.257617,-0.123251,-0.138051,0.077926,-0.002261,-0.030180,0.028314
3225,-0.061883,-0.208618,-0.173293,-0.170321,-0.025277,-0.213263,-0.137063,-0.042570
3226,-0.084774,-0.168579,-0.099552,-0.102578,-0.368135,-0.450430,-0.326093,-0.204712
3227,0.029057,-0.011634,-0.001987,-0.009845,0.210588,0.144258,0.067055,0.066332
3228,-0.014261,-0.031720,-0.038580,-0.015370,-0.124239,-0.135077,-0.115577,-0.047415
3229,-0.077943,-0.102034,-0.068596,-0.074493,-0.088719,-0.103642,-0.069493,-0.043406
3230,-0.050241,-0.053069,-0.024303,-0.045810,0.015737,0.026696,-0.032769,-0.012970
3231,-0.067113,-0.127733,-0.074161,-0.089995,0.080376,0.020286,0.021686,0.050837
3232,-0.121709,-0.165878,-0.132898,-0.143854,-0.259157,-0.308153,-0.242422,-0.134566
3233,-0.014743,-0.106067,-0.003104,-0.038775,0.174033,0.061255,0.056192,0.086647
3234,0.036269,-0.015493,0.055044,0.030862,0.204800,0.146099,0.107903,0.124722
3235,0.133219,0.073167,0.185998,0.124963,0.193597,0.151248,0.198844,0.171453
3236,0.031485,-0.056278,0.065871,0.048711,0.133630,0.059103,0.125775,0.133107
3237,-0.805792,-0.919472,-0.912247,-0.825070,-0.420350,-0.598927,-0.434587,-0.304097
3238,0.203076,0.191039,0.185643,0.149532,0.241515,0.220578,0.157088,0.104227
3239,0.554707,0.568220,0.605374,0.470873,0.711784,0.856777,0.766302,0.448216
3240,0.134694,0.117755,0.127920,0.081009,0.248843,0.214069,0.105235,0.071319
3241,0.119487,0.145620,0.089406,0.065305,0.212783,0.244480,0.116399,0.049295
3242,0.020730,-0.010315,-0.101160,-0.099692,0.171574,0.138141,-0.142933,-0.057685
3243,-0.057112,-0.062158,-0.152297,-0.132520,0.080345,0.095629,-0.030703,-0.037227
3244,-0.086935,-0.165211,-0.296566,-0.262345,0.019603,-0.059783,-0.342919,-0.177403
3245,0.086960,0.063220,-0.034087,-0.048170,0.115225,0.097937,-0.045605,-0.045979
3246,0.134395,0.141297,0.121435,-0.017966,0.397417,0.414405,0.243938,0.125530
3247,0.047058,0.036344,-0.020323,-0.040365,0.358140,0.324929,0.082190,0.101684
3248,0.001096,0.021664,0.013890,-0.016984,0.089433,0.109870,0.081143,0.015629
3249,0.086560,0.010265,-0.059460,-0.066401,0.257082,0.144658,0.055678,0.035540
3250,0.100942,0.107153,-0.078198,-0.030927,-0.030797,0.019102,-0.030024,-0.025809
3251,0.217289,0.195397,0.157166,0.062291,-0.069426,-0.064632,-0.093401,-0.131628
3252,0.137557,0.045667,0.003171,-0.022640,0.120661,0.026067,-0.054459,-0.062872
3253,0.234648,0.170125,0.194170,0.135242,0.014645,-0.012797,0.011412,-0.039341
3254,0.042450,-0.142940,-0.172251,-0.120998,0.086454,-0.113991,-0.105090,-0.043596
3255,0.283496,0.104860,0.088995,0.106676,0.195395,-0.019461,0.001269,0.033353
3256,0.223265,0.104529,0.033730,0.032828,0.149739,0.020854,-0.057940,-0.008804
3257,0.213828,0.039866,0.098574,0.132277,0.016609,-0.168847,-0.011347,0.021115
3258,0.290854,0.090688,0.165803,0.194381,0.116742,-0.114674,0.056129,0.072678
3259,0.239291,0.059762,0.094036,0.111097,0.139192,-0.034691,0.040999,0.034691
3260,0.235118,0.213893,0.119380,0.114767,0.468775,0.440905,0.317406,0.200789
3261,0.162132,0.087864,0.075841,0.113883,-0.057098,-0.133971,-0.045041,0.003756
3262,0.187748,0.102608,0.081994,0.105741,-0.100135,-0.189152,-0.113256,-0.048877
3263,0.042661,0.061934,0.032903,0.043228,0.049638,0.051080,0.033792,0.032045
3264,0.199013,0.207579,0.071608,0.054622,-0.094986,-0.062513,-0.158700,-0.140354
3265,0.218102,0.145055,0.083407,0.082781,0.223085,0.116143,0.026359,0.040188
3266,0.131480,0.055777,-0.049344,-0.022584,0.066526,-0.033839,-0.122438,-0.043491
3267,-0.071142,-0.075431,-0.007736,-0.022125,-0.050999,-0.041198,0.052687,0.040043
3268,-0.002762,0.011055,-0.037838,-0.061029,0.290894,0.306861,0.164758,0.074429
3269,0.306026,0.315513,0.278064,0.200876,-0.041540,-0.017896,0.036409,-0.042235
3270,-0.237489,-0.215856,-0.174480,-0.280715,0.517448,0.581392,0.286047,0.122321
3271,0.051835,0.077256,-0.023441,-0.021726,-0.082292,-0.046111,-0.096433,-0.091076
3272,0.194720,0.166193,0.031303,0.021369,0.399711,0.354727,0.245652,0.145798
3273,0.111415,0.098809,0.001089,0.004429,0.116636,0.103688,-0.025985,-0.009577
3274,0.198869,0.153136,0.182886,0.164920,0.053873,0.009622,0.060725,0.028914
3275,0.557583,0.644079,0.508655,0.403563,0.520269,0.652292,0.361668,0.192012
3276,0.175801,0.186674,0.181594,0.152574,0.146493,0.163799,0.142486,0.069180
3277,0.172773,0.133558,0.254495,0.235897,-0.144393,-0.146310,0.082148,0.042720
3278,0.171594,0.146628,0.160638,0.162665,0.011526,-0.002423,0.050488,0.009838
3279,0.041704,0.018408,-0.019241,0.002069,0.146174,0.125261,0.045846,0.021612
3280,0.195120,0.228109,0.222742,0.196679,-0.076790,-0.005310,0.044998,-0.009529
3281,0.245559,0.230179,0.221746,0.177852,0.107524,0.108504,0.116137,0.026747
3282,0.375093,0.333027,0.344707,0.248480,0.101840,0.098427,0.149639,0.032228
3283,-1.138468,-1.086903,-0.883194,-0.805780,-0.042732,0.049726,0.001851,-0.063261
3284,0.115739,0.108603,0.252987,0.202122,0.364609,0.392536,0.392844,0.202232
3285,0.239408,0.200691,0.192186,0.182843,0.138151,0.095244,0.084359,0.049799
3286,-0.132067,-0.249776,-0.266110,-0.198641,-0.079674,-0.225356,-0.160116,-0.045261
3287,-0.281673,-0.330904,-0.362394,-0.292163,-0.311740,-0.383953,-0.327472,-0.159147
3288,0.081267,0.019601,0.003340,0.034244,-0.032035,-0.113789,-0.089354,-0.027203
3289,-0.279721,-0.295234,-0.271466,-0.259877,-0.421904,-0.422154,-0.266293,-0.212267
3290,0.080578,0.040866,0.016977,0.042829,0.081172,0.028138,0.053505,0.044956
3291,-0.048728,-0.063218,-0.003623,-0.010880,0.568286,0.541376,0.385702,0.277409
3292,-0.129918,-0.195070,-0.116230,-0.101647,0.363887,0.279773,0.196973,0.141454
3293,-0.025744,-0.064039,-0.027991,-0.015952,0.000460,-0.034457,-0.036001,-0.023199
3294,0.030543,-0.013225,0.028378,0.022651,0.173541,0.119203,0.105330,0.078299
3295,0.051124,0.003933,-0.013998,0.001243,-0.016429,-0.082791,-0.085705,-0.041131
3296,0.021062,-0.037129,-0.027583,-0.005509,0.089443,0.017154,0.009647,0.024818
3297,-0.025495,-0.049466,-0.066813,-0.046618,-0.012878,-0.054873,-0.057414,-0.008891
3298,0.011114,-0.033724,0.013659,-0.001959,0.092224,0.043247,0.074562,0.045539
3299,-0.750819,-0.719801,-0.682949,-0.614546,-0.064893,-0.023481,-0.146762,-0.117156
3300,0.017811,0.038352,-0.003289,0.015987,-0.197041,-0.163133,-0.092789,-0.094517
3301,-0.025256,-0.025363,-0.055990,-0.024320,-0.139252,-0.135473,-0.109952,-0.063035
3302,0.023366,0.005319,0.012610,0.030561,0.078492,0.051796,0.047399,0.055618
3303,0.116415,0.105800,0.085698,0.087440,0.311380,0.284528,0.249117,0.181361
3304,-0.116328,-0.127996,-0.143714,-0.085052,-0.213382,-0.208431,-0.137152,-0.079090
3305,-0.099150,-0.114415,-0.130748,-0.069925,-0.243278,-0.242270,-0.178961,-0.112838
3306,-0.137005,-0.147373,-0.162652,-0.108361,-0.206702,-0.213607,-0.185109,-0.111819
3307,0.040811,0.041811,0.029783,0.025545,0.041204,0.034912,0.021731,0.018969
3308,0.174407,0.173704,0.149513,0.107159,0.285180,0.280808,0.196992,0.121258
3309,-0.107196,-0.148226,-0.176075,-0.121112,-0.169750,-0.221861,-0.254771,-0.143633
3310,0.056065,0.047548,0.038970,0.023846,-0.002007,-0.014405,0.011517,0.010421
3311,0.146956,0.157114,0.131057,0.104432,-0.110054,-0.095417,-0.041066,-0.043816
3312,0.010762,-0.008105,-0.008582,-0.007858,-0.210669,-0.217391,-0.144703,-0.107715
3313,0.052455,0.046947,0.090582,0.054783,0.127512,0.125492,0.114979,0.059068
3314,0.136564,0.108782,0.135339,0.099195,0.151793,0.118561,0.098441,0.051806
3315,0.091166,0.052872,0.119537,0.086557,0.160828,0.128513,0.151102,0.082181
3316,-0.062105,-0.056289,-0.016688,-0.038537,0.077630,0.090293,0.060512,0.017690
3317,0.156630,0.158999,0.192926,0.136235,0.111004,0.132122,0.119882,0.057815
3318,0.192358,0.224918,0.237181,0.165379,0.002479,0.053978,0.084007,0.016988
3319,0.101752,0.120912,0.128581,0.109038,0.119684,0.153048,0.121794,0.079873
3320,-0.180279,-0.246387,-0.279355,-0.199324,-0.023951,-0.116921,-0.215476,-0.082488
3321,-0.032179,-0.054260,-0.047807,-0.031484,0.068957,0.043409,0.023566,0.033568
3322,-0.423572,-0.397774,-0.361727,-0.318144,-0.204281,-0.169925,-0.131548,-0.068037
3323,0.370123,0.372869,0.376301,0.282772,0.391295,0.428631,0.333729,0.194908
3324,-0.000227,-0.022359,-0.051815,-0.022782,-0.043213,-0.066941,-0.038733,-0.014171
3325,0.139659,0.116453,0.110539,0.077263,0.088941,0.077459,0.068349,0.015884
3326,0.067348,0.073576,0.099359,0.063639,0.114842,0.143038,0.136764,0.061969
3327,-0.120244,-0.117480,-0.116440,-0.110451,0.073853,0.065793,0.044883,0.018796
3328,0.137205,0.099643,0.132537,0.102570,0.105527,0.063747,0.091343,0.058855
3329,0.093302,0.067059,0.106755,0.069376,0.231609,0.208305,0.171354,0.091672
3330,0.077055,0.103741,0.139491,0.083397,0.396729,0.426210,0.297176,0.186767
3331,0.141769,0.160271,0.140692,0.114292,0.103216,0.144372,0.069192,0.021758
3332,-0.330544,-0.403590,-0.454243,-0.319824,-0.242660,-0.347219,-0.409211,-0.194931
3333,-0.121369,-0.137434,-0.116201,-0.094964,-0.097888,-0.111934,-0.131568,-0.088828
3334,-0.262678,-0.261067,-0.428925,-0.313993,-0.241728,-0.244775,-0.278953,-0.171904
3335,0.016301,0.023311,0.007843,0.026001,-0.033612,-0.021306,-0.034987,-0.014274
3336,0.028758,0.038179,0.124184,0.082424,0.047607,0.080558,0.133486,0.054109
3337,-0.029927,-0.031991,0.066787,0.018492,0.021925,0.038875,0.070637,0.003329
3338,-0.086691,-0.043436,0.028929,-0.031679,-0.080648,-0.018929,0.037253,-0.036765
3339,0.039466,0.058189,0.154560,0.054337,0.053648,0.114240,0.081244,-0.014012
3340,-0.054292,-0.058789,-0.045920,-0.030367,-0.013747,-0.007641,-0.086922,-0.048034
3341,0.029919,-0.014775,0.024477,0.012828,0.044101,0.004478,0.013699,-0.011554
3342,-0.205855,-0.140018,-0.095407,-0.126983,-0.032387,0.049702,0.013822,-0.032738
3343,0.063044,0.069843,0.096552,0.062802,0.078106,0.088910,0.072827,0.034183
3344,-0.076809,-0.054741,-0.028716,-0.035125,-0.009808,0.011632,0.006065,-0.001206
3345,-0.110105,-0.043158,-0.182570,-0.132837,-0.042772,0.070011,-0.142116,-0.040678
3346,-0.079269,-0.099275,-0.116334,-0.092275,-0.093640,-0.129843,-0.144604,-0.083488
3347,0.101445,0.112307,0.086473,0.086072,0.009304,0.029687,0.004984,0.001160
3348,-0.006912,0.009365,0.048226,0.019783,-0.005958,0.034718,0.005685,-0.013410
3349,-0.039272,-0.082694,-0.096073,-0.071752,0.024106,-0.044619,-0.103883,-0.045750
3350,-0.009991,-0.054002,-0.050560,-0.023448,0.047168,-0.014887,-0.029259,-0.004764
3351,0.025900,0.026173,0.086906,0.055336,0.102343,0.105262,0.121527,0.060031
3352,-0.044525,-0.037167,-0.016599,-0.000512,-0.000219,-0.004740,0.017748,0.019181
3353,0.021158,0.002759,0.020399,0.013101,0.017267,-0.012858,-0.012502,-0.003231
3354,0.108781,0.084991,0.142268,0.112390,0.106726,0.084624,0.118843,0.068611
3355,0.175364,0.198516,0.250800,0.154701,0.145341,0.192585,0.163344,0.073472
3356,-0.423046,-0.475202,-0.531426,-0.375244,-0.230927,-0.328446,-0.322941,-0.134347
3357,-0.421273,-0.521922,-0.574564,-0.400868,-0.270205,-0.425094,-0.418754,-0.172820
3358,-0.488876,-0.567573,-0.610429,-0.440546,-0.288687,-0.418983,-0.377012,-0.164197
3359,-0.167997,-0.210480,-0.238495,-0.131622,-0.212589,-0.289294,-0.230519,-0.094964
3360,-0.189199,-0.249124,-0.260557,-0.176172,-0.252779,-0.343234,-0.299716,-0.150846
3361,-0.150796,-0.187896,-0.187658,-0.104782,-0.121341,-0.163890,-0.123746,-0.051426
3362,-0.468240,-0.494026,-0.492781,-0.375157,-0.215178,-0.258490,-0.225382,-0.099041
3363,-0.443613,-0.546521,-0.552092,-0.403465,-0.285625,-0.433247,-0.406728,-0.184763
3364,-0.421157,-0.536731,-0.540308,-0.384153,-0.342334,-0.496397,-0.431954,-0.195612
3365,-0.032701,-0.031285,-0.076651,-0.028830,-0.053531,-0.073170,-0.090174,-0.037097
3366,-0.437205,-0.547615,-0.645753,-0.458383,-0.363323,-0.525479,-0.556724,-0.256514
3367,-0.213511,-0.298309,-0.361433,-0.211869,-0.217386,-0.336688,-0.315133,-0.128513
3368,-0.140492,-0.161341,-0.107274,-0.108304,-0.046104,-0.056661,-0.041709,-0.027261
3369,0.516886,0.559628,0.585899,0.410284,0.281847,0.362918,0.315082,0.144695
3370,-0.012043,-0.021268,-0.044087,0.002346,-0.002048,-0.028295,-0.045611,-0.006986
3371,-0.218409,-0.288455,-0.299951,-0.183739,-0.078717,-0.188823,-0.205285,-0.069802
3372,0.244029,0.258519,0.272956,0.213813,0.247960,0.267519,0.218433,0.126291
3373,-0.427597,-0.471862,-0.538947,-0.366833,-0.290695,-0.367336,-0.367360,-0.146708
3374,-0.375022,-0.425384,-0.455467,-0.320014,-0.154314,-0.238758,-0.252962,-0.093968
3375,-0.492661,-0.579511,-0.632751,-0.436166,-0.296248,-0.433104,-0.444093,-0.182075
3376,-0.366054,-0.426094,-0.493183,-0.328606,-0.171042,-0.285175,-0.284149,-0.098549
3377,-0.220491,-0.303427,-0.306883,-0.197242,0.027937,-0.105047,-0.121358,-0.011043
3378,-0.322640,-0.376908,-0.371126,-0.255623,-0.054031,-0.136827,-0.119256,-0.023119
3379,-0.242613,-0.230943,-0.249028,-0.186525,0.102103,0.106499,0.068759,0.074404
3380,0.058872,0.007302,-0.017750,0.019403,0.163208,0.096929,0.066477,0.069565
3381,-0.234568,-0.245433,-0.251084,-0.159995,0.057841,0.044029,0.028016,0.057378
3382,-0.285603,-0.286416,-0.321091,-0.228387,0.016786,0.000077,-0.018815,0.021103
3383,-0.218908,-0.247163,-0.244944,-0.186086,0.120558,0.073259,0.029366,0.047708
3384,-0.341433,-0.378517,-0.372517,-0.264229,0.014134,-0.041772,-0.050574,0.013319
3385,-0.066151,-0.043294,-0.028451,-0.020081,0.092671,0.112511,0.084490,0.048427
3386,0.133771,0.144659,0.134793,0.092249,0.211180,0.214540,0.147946,0.082331
3387,-0.032447,0.008042,-0.011809,-0.021658,-0.047853,0.042522,0.010390,0.016235
3388,0.096599,0.075076,0.147217,0.095201,0.183753,0.196102,0.188641,0.107996
3389,0.755482,0.784439,0.724770,0.531020,0.380937,0.460635,0.386735,0.208783
3390,0.454678,0.454023,0.434781,0.334051,0.313220,0.333853,0.290173,0.172415
3391,0.706193,0.695638,0.609929,0.470029,0.231126,0.262703,0.236125,0.138222
3392,0.595396,0.611777,0.578382,0.436484,0.471813,0.522257,0.429924,0.252298
3393,0.580298,0.582573,0.525119,0.414849,0.289331,0.314201,0.286130,0.168219
3394,0.403636,0.405333,0.323389,0.261757,0.051178,0.070426,0.083101,0.055398
3395,0.489791,0.478553,0.477269,0.375021,0.361871,0.379057,0.319218,0.200097
3396,0.453687,0.471014,0.459553,0.362056,0.299437,0.337721,0.300070,0.189103
3397,0.244831,0.229590,0.216155,0.186957,0.070516,0.068360,0.075094,0.051193
3398,0.224336,0.247629,0.188064,0.172079,0.008747,0.014859,0.043703,0.029004
3399,0.361832,0.358349,0.340151,0.274360,0.158349,0.163450,0.162868,0.096866
3400,0.392769,0.412378,0.383162,0.305219,0.362582,0.386525,0.309510,0.193227
3401,0.042926,0.011272,0.003401,0.015312,-0.260996,-0.282459,-0.256967,-0.138746
3402,0.127858,0.084842,0.057889,0.076322,-0.053361,-0.106924,-0.098796,-0.048413
3403,-0.094366,-0.138152,-0.038653,-0.059857,-0.343626,-0.355113,-0.230150,-0.141700
3404,0.126374,0.248681,0.148359,0.138183,0.303155,0.446075,0.398537,0.229440
3405,-0.116845,-0.059751,-0.075703,-0.060416,-0.086521,-0.031029,-0.017323,-0.005071
3406,-0.038470,-0.018822,-0.065774,-0.025498,-0.239751,-0.212496,-0.143610,-0.070577
3407,0.011820,-0.076632,0.012206,0.023508,-0.629630,-0.683961,-0.512563,-0.262237
3408,-0.322068,-0.388065,-0.272865,-0.221288,-0.622021,-0.671589,-0.544758,-0.276656
3409,-0.008546,-0.082279,0.016886,0.026180,-0.536104,-0.582857,-0.393806,-0.195631
3410,-0.412568,-0.405457,-0.364385,-0.282281,-0.564510,-0.565447,-0.499865,-0.267395
3411,-0.598163,-0.627747,-0.541717,-0.447292,-0.572827,-0.610758,-0.545229,-0.289054
3412,0.358855,0.415486,0.392855,0.267776,-0.334872,-0.236937,-0.211150,-0.118736
3413,-0.504369,-0.565140,-0.481375,-0.389616,-0.582247,-0.632374,-0.527437,-0.258241
3414,-0.173556,-0.238925,-0.173693,-0.141632,-0.535824,-0.588437,-0.502796,-0.257201
3415,-0.272321,-0.408010,-0.273567,-0.223941,-0.587986,-0.691689,-0.540851,-0.281838
3416,-0.150285,-0.235699,-0.162576,-0.142516,-0.545630,-0.610775,-0.434455,-0.229599
3417,-0.453774,-0.574627,-0.488845,-0.424731,-0.515287,-0.642528,-0.468859,-0.275524
3418,-0.184784,-0.279469,-0.236002,-0.192955,-0.653319,-0.726744,-0.574087,-0.306510
3419,0.196349,0.113364,0.142839,0.118739,-0.217498,-0.282580,-0.183230,-0.102906
3420,-0.030323,-0.082524,-0.039402,-0.028093,-0.251551,-0.262068,-0.167165,-0.091812
3421,0.005831,-0.013345,0.003186,-0.011801,0.314354,0.304216,0.216314,0.116251
3422,0.389557,0.435434,0.360574,0.286039,0.646436,0.699862,0.455158,0.258609
3423,0.288551,0.270278,0.241682,0.195070,0.214500,0.200678,0.134614,0.078265
3424,0.457059,0.497397,0.406414,0.323660,0.915617,0.991877,0.629189,0.369196
3425,-0.270780,-0.327544,-0.281572,-0.225499,-0.283039,-0.318790,-0.293831,-0.152940
3426,-0.277543,-0.296575,-0.281335,-0.202106,-0.500219,-0.514728,-0.457047,-0.233912
3427,-0.093664,-0.040248,-0.101978,-0.058434,-0.238039,-0.188041,-0.164664,-0.090001
3428,-0.046691,0.080739,-0.010322,-0.004401,-0.299635,-0.177514,-0.190162,-0.095132
3429,-0.040277,-0.021888,-0.066663,-0.046974,0.006313,0.026014,0.013559,0.005209
3430,0.401078,0.432871,0.333082,0.252022,0.889505,0.962519,0.593254,0.325279
3431,0.363695,0.367887,0.331695,0.247883,0.573890,0.590324,0.399898,0.218567
3432,0.465764,0.504976,0.399715,0.291831,0.873172,0.954250,0.588068,0.307444
3433,-0.264368,-0.248386,-0.186800,-0.150300,-0.571601,-0.525304,-0.440138,-0.231964
3434,-0.000681,-0.006518,-0.009023,0.003267,-0.345966,-0.349661,-0.248972,-0.125087
3435,-0.142528,-0.130834,-0.148740,-0.121805,-0.470602,-0.451916,-0.372562,-0.216006
3436,0.035047,0.081052,0.036754,0.034691,0.327142,0.370803,0.260965,0.147365
3437,-0.378154,-0.390305,-0.389837,-0.311152,-0.474549,-0.480668,-0.388503,-0.198429
3438,0.184256,0.180043,0.087284,0.093968,-0.276751,-0.270882,-0.246000,-0.117820
3439,-0.216603,-0.264463,-0.249061,-0.176152,-0.599656,-0.644253,-0.503913,-0.249063
3440,-0.013509,-0.101921,-0.037505,-0.008888,-0.271184,-0.340750,-0.231072,-0.104200
3441,-0.111948,-0.171895,-0.138507,-0.088334,-0.444098,-0.505913,-0.372269,-0.174920
3442,-0.209186,-0.262252,-0.232856,-0.178322,-0.611146,-0.651092,-0.545638,-0.280731
3443,-0.185451,-0.199503,-0.198597,-0.165120,-0.641628,-0.640388,-0.578432,-0.308314
3444,-0.254561,-0.257810,-0.248201,-0.189911,-0.700575,-0.693780,-0.589799,-0.300741
3445,0.293639,0.235064,0.302739,0.155401,-0.369551,-0.353527,-0.356359,-0.210193
3446,-0.131442,-0.149824,-0.146412,-0.103832,-0.591964,-0.599768,-0.528495,-0.277184
3447,-0.191304,-0.191591,-0.214925,-0.149316,-0.578443,-0.582371,-0.540792,-0.285071
3448,-0.292858,0.124883,-0.321366,-0.235190,-0.628956,-0.245143,-0.497175,-0.249933
3449,-0.112710,-0.213821,-0.070126,-0.061841,-0.632097,-0.687216,-0.510813,-0.271868
3450,-0.212513,-0.219245,-0.185121,-0.139663,-0.670359,-0.665727,-0.541373,-0.289840
3451,-0.084435,-0.187121,-0.053923,-0.042551,-0.311535,-0.368519,-0.180546,-0.125878
3452,0.026795,-0.055270,0.059299,0.045792,-0.214047,-0.250915,-0.095894,-0.070459
3453,0.139622,0.087665,0.200430,0.145391,0.073726,0.071439,0.146980,0.059638
3454,-0.085168,-0.073940,-0.045621,-0.048457,-0.351786,-0.324201,-0.240070,-0.145528
3455,-0.117310,-0.165159,-0.115452,-0.084274,-0.147671,-0.165197,-0.110977,-0.057666
3456,-0.032731,-0.116438,-0.041044,-0.043949,-0.290490,-0.356264,-0.282906,-0.165923
3457,-0.779497,-0.331037,-0.857546,-0.674717,-0.443631,-0.023895,-0.434919,-0.248481
3458,0.459590,0.495127,0.437961,0.349914,-0.054250,0.011889,0.055710,0.010039
3459,-0.768592,-0.033944,-1.013147,-0.724384,-0.200841,0.549793,-0.436771,-0.170139
3460,0.349186,0.250683,0.345327,0.279280,0.147042,0.129435,0.121470,0.056801
3461,0.322354,0.213171,0.309988,0.246599,0.093748,0.063348,0.069063,0.013825
3462,0.463666,0.360281,0.453178,0.296663,0.060730,0.071409,0.012809,-0.027523
3463,0.063307,-0.010364,0.105406,0.081211,-0.039657,-0.059318,0.004618,-0.019295
3464,0.198210,0.115130,0.221571,0.174018,0.015402,0.003083,0.031444,-0.012444
3465,0.435562,0.358618,0.426692,0.330035,0.116476,0.115578,0.107251,0.028461
3466,0.739652,0.653238,0.673256,0.522273,0.127143,0.134539,0.163832,0.039050
3467,0.182958,0.094265,0.173236,0.155814,-0.023154,-0.065358,-0.002601,-0.005548
3468,0.367343,0.316120,0.373832,0.296430,0.019721,0.023048,0.065383,0.008040
3469,0.288674,0.286470,0.259692,0.222124,-0.008797,0.004388,0.033737,-0.006550
3470,-0.028545,-0.005463,-0.026674,-0.019361,-0.038696,-0.009353,-0.035367,-0.026861
3471,-0.197143,-0.149495,-0.220759,-0.150197,-0.163857,-0.128484,-0.117056,-0.057363
3472,-0.062720,-0.053747,-0.041506,-0.031658,-0.052453,-0.038599,-0.036989,-0.011264
3473,-0.085469,-0.123474,-0.122981,-0.084317,-0.116347,-0.147162,-0.116380,-0.061095
3474,0.045238,0.072967,0.052769,0.044762,0.000607,0.030938,0.009274,0.010530
3475,0.076558,0.074464,0.058115,0.036777,0.036759,0.032345,-0.006473,-0.019221
3476,0.126792,0.129116,0.164159,0.127131,0.047554,0.063635,0.042479,0.039124
3477,-0.260882,-0.309709,-0.301920,-0.227160,-0.064550,-0.110712,-0.130094,-0.064997
3478,-0.004162,-0.018643,0.032852,-0.014462,-0.105039,-0.101316,-0.011890,-0.043918
3479,-0.329164,-0.411719,-0.367835,-0.295846,-0.096231,-0.174756,-0.103124,-0.070962
3480,-0.313516,-0.322378,-0.346284,-0.272391,-0.043746,-0.061430,-0.096460,-0.062409
3481,-0.361847,-0.383596,-0.320274,-0.266885,0.444366,0.393384,0.264832,0.187857
3482,-0.346104,-0.368877,-0.335773,-0.262517,-0.026319,-0.060707,-0.098234,-0.052839
3483,-0.288482,-0.304054,-0.284627,-0.228198,-0.064420,-0.099399,-0.126711,-0.079363
3484,-0.186430,-0.127253,-0.213109,-0.173190,-0.042165,0.009603,-0.118995,-0.086222
3485,-0.069105,-0.042483,-0.095442,-0.077045,-0.131273,-0.116522,-0.135053,-0.104197
3486,-0.286103,-0.334856,-0.289847,-0.220807,-0.109028,-0.163869,-0.136046,-0.066319
3487,-0.436674,-0.531575,-0.425367,-0.338716,-0.201964,-0.301863,-0.240934,-0.113925
3488,0.079200,0.121807,0.041637,0.029750,0.073840,0.102561,-0.005687,-0.015203
3489,0.060833,-0.007946,0.052515,0.035722,0.085971,0.038157,0.095381,0.045646
3490,-0.261544,-0.311270,-0.266329,-0.213843,0.106141,0.038613,0.060190,0.038674
3491,-0.240924,-0.264117,-0.226091,-0.179153,-0.041243,-0.071719,-0.065025,-0.026718
3492,-0.202502,-0.105620,-0.239221,-0.181240,-0.080483,-0.014372,-0.145734,-0.076930
3493,-0.306818,-0.207062,-0.350467,-0.277254,-0.052222,0.006997,-0.132252,-0.079249
3494,-0.211270,-0.291091,-0.231463,-0.172231,-0.243524,-0.305049,-0.232096,-0.123914
3495,-0.066276,-0.144506,-0.107417,-0.063781,-0.095851,-0.154539,-0.107663,-0.042921
3496,-0.297180,-0.301532,-0.297283,-0.229274,0.154570,0.123751,0.071518,0.065497
3497,-0.213493,-0.252947,-0.265161,-0.194727,0.032704,-0.032332,0.003563,0.025415
3498,-0.134788,-0.135644,-0.130170,-0.099178,0.064131,0.038589,0.056720,0.044138
3499,0.183347,0.127470,0.174963,0.106769,0.226552,0.180738,0.203784,0.112844
3500,-0.069256,-0.132019,-0.126034,-0.117085,0.030895,-0.035189,-0.035782,0.002526
3501,0.044881,0.011572,0.030122,0.026038,0.221312,0.179247,0.154891,0.104729
3502,0.046013,0.085880,0.079586,0.056231,0.170896,0.199488,0.141610,0.080581
3503,1.453757,1.450985,1.251459,0.890858,0.704996,0.837399,0.606312,0.256565
3504,0.264189,0.233323,0.222539,0.149345,0.010394,-0.004584,-0.065225,-0.014811
3505,-0.225336,-0.152450,-0.250034,-0.192955,-0.059167,-0.013146,-0.106847,-0.052604
3506,-0.215379,-0.190649,-0.220497,-0.162222,-0.030637,-0.025138,-0.062788,-0.021720
3507,-0.165184,-0.189326,-0.197526,-0.140835,-0.069144,-0.087825,-0.092271,-0.050779
3508,-0.670044,-0.469631,-0.732428,-0.570873,-0.257968,-0.096032,-0.276789,-0.161078
3509,-0.279936,-0.289507,-0.277992,-0.210675,-0.103620,-0.125684,-0.124693,-0.075709
3510,-0.615464,-0.673204,-0.591345,-0.475327,-0.135870,-0.217691,-0.144219,-0.061826
3511,-0.881146,-0.925311,-0.879735,-0.699744,-0.248513,-0.331413,-0.250400,-0.115534
3512,-0.898314,-0.856710,-0.891863,-0.700863,-0.166477,-0.180069,-0.180808,-0.065401
3513,-0.771355,-0.839094,-0.745344,-0.591744,-0.114136,-0.222005,-0.149204,-0.058533
3514,-1.081473,-0.969176,-0.972530,-0.785290,-0.162283,-0.102321,-0.089369,-0.009876
3515,-0.914565,-0.789297,-0.911952,-0.712455,-0.231771,-0.157041,-0.210877,-0.085966
3516,-0.873544,-0.838602,-0.876161,-0.687145,-0.169783,-0.193629,-0.186309,-0.067492
3517,-0.892564,-0.906092,-0.890416,-0.703155,-0.214422,-0.275574,-0.212748,-0.083729
3518,-0.880035,-0.883110,-0.891901,-0.696602,-0.265302,-0.309727,-0.253944,-0.104157
3519,-0.850411,-0.861740,-0.885677,-0.696401,-0.231366,-0.286861,-0.258381,-0.101085
3520,-0.951311,-0.956949,-0.941150,-0.739781,-0.197478,-0.255503,-0.180590,-0.055728
3521,-0.731798,-0.766517,-0.800728,-0.606584,-0.223875,-0.290207,-0.261973,-0.104019
3522,-0.996166,-0.985415,-0.958925,-0.753942,-0.137470,-0.179729,-0.126983,-0.033088
3523,0.627936,0.512132,0.391771,0.347352,-0.073233,-0.117544,-0.059043,-0.050464
3524,-0.685066,-0.825468,-0.859711,-0.635344,-0.325084,-0.491395,-0.427283,-0.180921
3525,-0.808141,-0.891755,-0.947082,-0.712767,-0.287347,-0.410917,-0.369532,-0.143023
3526,-0.220817,-0.313062,-0.377245,-0.243608,-0.156213,-0.248923,-0.240165,-0.101125
3527,-0.564524,-0.525121,-0.728033,-0.519125,-0.251178,-0.251463,-0.326623,-0.126962
3528,-0.759216,-0.750190,-0.922752,-0.679030,-0.354587,-0.393448,-0.438172,-0.183764
3529,-0.814833,-0.776028,-0.996015,-0.727111,-0.405157,-0.404420,-0.473744,-0.194700
3530,-0.433417,-0.428586,-0.597795,-0.421238,-0.263621,-0.294277,-0.312131,-0.131710
3531,-0.606980,-0.636309,-0.788090,-0.565861,-0.276494,-0.344034,-0.376202,-0.152036
3532,0.092741,0.004304,-0.104857,-0.030840,-0.144248,-0.209076,-0.196198,-0.100928
3533,0.892816,0.847179,0.652596,0.527581,0.049707,0.068730,0.069300,0.002605
3534,0.596117,0.559261,0.336860,0.306794,-0.005813,-0.005661,-0.039105,-0.035149
3535,0.376346,0.289490,0.217849,0.209497,-0.002917,-0.045683,-0.028448,-0.019798
3536,-0.010197,-0.091816,-0.182833,-0.087941,-0.133339,-0.201729,-0.188084,-0.082022
3537,-0.000518,-0.044024,-0.200836,-0.118804,-0.007838,-0.041394,-0.104558,-0.055072
3538,-0.550536,-0.514694,-0.649654,-0.518348,-0.296712,-0.254829,-0.304747,-0.172757
3539,-0.029839,0.065552,-0.215577,-0.140583,-0.115449,-0.028677,-0.163413,-0.096100
3540,0.054818,0.116419,-0.076855,-0.041663,-0.039003,0.023563,-0.096970,-0.055306
3541,0.745469,0.710557,0.513257,0.461048,-0.035432,-0.027414,0.021067,0.006350
3542,0.351419,0.317414,0.223506,0.191062,0.129361,0.093047,0.074565,0.033201
3543,-0.780340,-0.858951,-0.837657,-0.682218,-0.070122,-0.176167,-0.162716,-0.095798
3544,-0.668045,-0.773876,-0.710755,-0.588557,0.156030,0.036075,0.009700,0.006705
3545,-0.591187,-0.630470,-0.646539,-0.532085,-0.021717,-0.080825,-0.122612,-0.092294
3546,-0.494354,-0.610414,-0.507439,-0.422711,0.037561,-0.069284,-0.030730,-0.021001
3547,-0.723248,-0.812506,-0.771304,-0.631188,-0.055467,-0.148640,-0.142155,-0.083820
3548,-0.553426,-0.645056,-0.535481,-0.462659,0.217350,0.108687,0.105171,0.057603
3549,-0.749693,-0.816141,-0.680812,-0.577927,0.146551,0.053175,0.085808,0.058424
3550,-0.735821,-0.761938,-0.629359,-0.541453,0.244608,0.175970,0.175637,0.113563
3551,-0.776732,-0.885262,-0.787033,-0.637301,0.049702,-0.094845,-0.054216,-0.029859
3552,-0.755337,-0.752813,-0.647601,-0.548721,0.177387,0.138372,0.121581,0.087572
3553,0.337470,0.292344,0.362436,0.258109,0.251710,0.196146,0.277741,0.146001
3554,-0.557577,-0.539052,-0.426879,-0.385274,0.147041,0.113941,0.109611,0.064443
3555,0.060319,0.006078,0.042067,0.039823,0.073059,0.020373,0.024846,0.033621
3556,0.446783,0.410847,0.353900,0.299780,0.057396,0.008998,0.070954,0.027976
3557,0.037930,-0.011917,0.074243,0.042175,0.263112,0.201864,0.225771,0.125528
3558,-0.598115,-0.502377,-0.493466,-0.402699,-0.167336,-0.112337,-0.095138,-0.062483
3559,-0.667819,-0.697322,-0.502811,-0.404830,0.034958,-0.021353,0.083080,0.047414
3560,-0.691121,-0.654722,-0.566228,-0.444665,-0.321988,-0.312891,-0.183135,-0.119178
3561,-0.681417,-0.660666,-0.471970,-0.410965,-0.159878,-0.141526,-0.001905,-0.012501
3562,-0.508589,-0.545946,-0.368353,-0.308394,-0.053822,-0.089908,0.035182,0.004399
3563,-0.691485,-0.671005,-0.549714,-0.482777,-0.075611,-0.084189,0.026388,-0.007946
3564,-0.618619,-0.649289,-0.553379,-0.464582,0.019506,-0.025729,-0.000098,0.009029
3565,-0.555582,-0.577727,-0.470360,-0.362289,-0.183185,-0.235058,-0.088326,-0.035644
3566,-0.631410,-0.620428,-0.505352,-0.437746,0.139497,0.108254,0.122272,0.088199
3567,-0.716959,-0.647525,-0.640740,-0.519711,-0.107743,-0.072352,-0.084192,-0.040236
3568,0.105728,0.149398,0.175988,0.149097,-0.098632,-0.079159,0.007509,-0.000597
3569,0.014848,0.041412,0.074755,0.053273,-0.019688,-0.008823,0.042508,0.021064
3570,-0.322484,-0.260778,-0.225508,-0.181418,-0.126027,-0.089335,-0.052414,-0.027895
3571,-0.437347,-0.404188,-0.364526,-0.295385,-0.023829,-0.009745,-0.025153,-0.000648
3572,-0.101230,-0.125374,-0.075023,-0.063594,-0.016748,-0.040918,-0.022611,-0.005194
3573,-0.158010,-0.104406,-0.141209,-0.125765,0.191263,0.221787,0.081953,0.050004
3574,-0.280245,-0.275793,-0.198279,-0.190779,0.321860,0.296515,0.198675,0.133368
3575,-0.102329,-0.132903,-0.068371,-0.059939,-0.062177,-0.090987,-0.044513,-0.026739
3576,-0.028347,-0.080740,-0.043491,-0.037861,-0.014379,-0.060301,-0.042175,-0.019954
3577,-0.303669,-0.328379,-0.299891,-0.245528,-0.037412,-0.069133,-0.081107,-0.040817
3578,-0.109366,-0.096691,-0.129909,-0.115468,0.098926,0.107162,0.006834,-0.003722
3579,-0.357760,-0.351842,-0.323681,-0.256841,-0.128853,-0.137423,-0.121905,-0.058213
3580,-0.127120,-0.102791,-0.107145,-0.081198,-0.058257,-0.054937,-0.039767,-0.023011
3581,-0.020164,-0.067967,-0.009032,0.000602,-0.077322,-0.117903,-0.052738,-0.020769
3582,0.331624,0.251721,0.297110,0.222175,-0.094549,-0.141588,-0.090931,-0.039870
3583,-0.099178,-0.083642,-0.088696,-0.074918,-0.034842,-0.035009,-0.043432,-0.028403
3584,-0.031747,-0.063349,-0.004371,-0.013882,-0.026083,-0.046349,-0.004041,-0.011325
3585,-0.054233,-0.069389,-0.029935,-0.024908,0.023468,0.006960,0.000669,-0.002220
3586,-0.020101,-0.043234,0.027898,-0.013571,0.027644,0.000728,0.044991,0.008634
3587,-0.007831,-0.020603,0.005171,-0.002717,0.089276,0.071344,0.070234,0.043481
3588,0.084584,0.089629,0.063744,0.038764,0.020305,0.012216,-0.006305,-0.016721
3589,0.090750,0.010262,0.162230,0.098200,0.232350,0.150899,0.208743,0.106106
3590,-0.021170,-0.085894,-0.016747,-0.014914,-0.038976,-0.072318,-0.038044,-0.015157
3591,0.079300,0.001632,0.115565,0.071411,0.119758,0.043612,0.111560,0.062218
3592,0.001281,-0.066157,0.030089,0.015547,0.086614,0.033138,0.079605,0.046951
3593,-0.246909,-0.257377,-0.183474,-0.172307,0.051180,0.021775,0.050055,0.017963
3594,0.129741,0.122706,0.132281,0.105186,-0.175205,-0.129569,-0.077940,-0.048882
3595,0.009826,-0.082403,0.008472,0.027883,-0.031588,-0.085152,-0.037986,0.006310
3596,-0.220795,-0.258468,-0.246675,-0.183262,-0.093420,-0.109926,-0.116258,-0.041969
3597,0.014087,-0.022179,0.042399,0.047765,-0.194757,-0.190392,-0.118783,-0.038260
3598,0.458103,0.325102,0.329945,0.269193,-0.065526,-0.114806,-0.053269,-0.060072
3599,0.026294,-0.011380,0.011143,0.025157,-0.151178,-0.157742,-0.120332,-0.058031
3600,0.500298,0.425983,0.395893,0.327336,-0.066191,-0.069088,-0.017577,-0.039113
3601,-0.329416,-0.359591,-0.409395,-0.315735,-0.158581,-0.168871,-0.205555,-0.095735
3602,-0.050137,-0.016599,-0.134528,-0.085251,-0.192559,-0.156640,-0.218264,-0.102125
3603,-0.105533,-0.187579,-0.175277,-0.125405,-0.188917,-0.233374,-0.207941,-0.104702
3604,-0.058993,-0.051888,-0.154671,-0.093760,-0.068168,-0.054743,-0.121747,-0.033651
3605,0.027256,-0.024775,-0.040246,-0.004371,-0.109232,-0.142499,-0.128038,-0.044615
3606,-0.167594,-0.207120,-0.269173,-0.182600,-0.074727,-0.100357,-0.134482,-0.039500
3607,0.853594,0.792569,0.515042,0.484609,-0.072353,-0.103913,-0.097063,-0.028901
3608,-0.068144,-0.099146,-0.101802,-0.060786,-0.185424,-0.194049,-0.170074,-0.074524
3609,-0.443382,-0.381879,-0.417559,-0.332120,-0.145165,-0.094164,-0.126775,-0.048120
3610,0.114489,0.124677,0.062257,0.075925,-0.113786,-0.096608,-0.086288,-0.029122
3611,0.308968,0.301006,0.235867,0.197377,0.000929,0.007357,0.017440,0.008346
3612,0.109844,0.079937,0.043769,0.064154,-0.099283,-0.119463,-0.068767,-0.028279
3613,0.349896,0.354933,0.326913,0.272266,0.004656,0.006504,0.078411,0.047852
3614,0.402130,0.422523,0.369812,0.307376,0.029857,0.053040,0.089819,0.050310
3615,-0.005245,0.069699,-0.054337,-0.027784,-0.038744,0.024055,-0.045040,-0.008956
3616,0.183125,0.205536,0.140342,0.106808,-0.017241,0.009116,0.008087,-0.018305
3617,0.181427,0.229407,0.125799,0.103394,-0.020165,0.031192,-0.004400,-0.014988
3618,-0.005404,0.028870,-0.032878,-0.029226,0.071106,0.088713,0.021443,0.007694
3619,0.373517,0.365649,0.328722,0.256923,0.144865,0.135852,0.154644,0.082197
3620,0.242762,0.322193,0.184500,0.161272,0.008733,0.074345,0.010014,-0.003743
3621,0.310485,0.246277,0.268524,0.230045,0.020025,-0.022724,0.040005,0.017690
3622,0.090824,0.063423,0.046296,0.051757,0.137362,0.098603,0.064828,0.031146
3623,0.022547,0.078902,-0.014212,0.007954,0.090293,0.119630,0.029319,0.014165
3624,0.074363,0.053128,0.088672,0.064993,-0.017478,-0.017801,0.012465,-0.005707
3625,0.599597,0.554667,0.438719,0.368294,0.039995,0.010169,0.056045,-0.006761
3626,0.141796,0.082152,0.097582,0.092819,-0.019100,-0.060999,0.005189,-0.001879
3627,0.320822,0.297867,0.270996,0.220003,0.049927,0.047395,0.058326,0.008568
3628,0.133300,0.124593,0.084569,0.062158,0.095814,0.096576,0.055639,0.015912
3629,0.881725,0.777009,0.735394,0.604125,-0.120100,-0.163134,0.065818,-0.014810
3630,0.395363,0.343919,0.386838,0.325883,-0.023926,-0.053401,0.086092,0.051563
3631,0.386158,0.357381,0.372039,0.319561,-0.004082,-0.020363,0.092096,0.058504
3632,0.225916,0.246786,0.229650,0.173747,0.002479,0.031918,0.055516,0.020008
3633,0.215154,0.219131,0.185668,0.149384,-0.080173,-0.063265,-0.044406,-0.038881
3634,0.534283,0.576676,0.495747,0.412951,-0.048255,0.014221,0.057431,0.021574
3635,-0.319194,-0.361494,-0.336732,-0.280343,0.074283,0.024999,-0.039389,-0.021395
3636,0.159581,0.258418,0.145327,0.130811,0.007810,0.076378,0.018328,0.004469
3637,0.157154,0.151897,0.040298,0.039311,-0.037861,-0.041641,-0.057969,-0.054968
3638,-0.799343,-0.782733,-0.740308,-0.607666,-0.075005,-0.084456,-0.121419,-0.058275
3639,-0.775968,-0.777596,-0.740873,-0.602489,-0.090138,-0.110505,-0.134985,-0.064826
3640,-0.949501,-0.914718,-0.871783,-0.708454,-0.164714,-0.163728,-0.168496,-0.080320
3641,-0.747947,-0.825417,-0.673424,-0.551820,-0.097261,-0.181970,-0.116991,-0.047268
3642,-0.518454,-0.589725,-0.476697,-0.394304,0.042192,-0.029883,-0.036732,-0.012673
3643,-0.646487,-0.652874,-0.607018,-0.498760,0.073362,0.038606,-0.012840,0.009514
3644,-0.393043,-0.443218,-0.355173,-0.299811,0.047692,-0.014380,-0.019711,-0.029672
3645,-0.748872,-0.643143,-0.745361,-0.594563,-0.084646,-0.011791,-0.150500,-0.081546
3646,-0.025199,0.001423,-0.081218,-0.061745,0.118824,0.122843,0.012284,0.003014
3647,-0.062460,-0.074398,-0.072683,-0.064195,0.052875,0.018587,0.031702,0.008807
3648,-0.462411,-0.477414,-0.436445,-0.361538,0.020222,-0.010191,-0.041688,-0.026644
3649,-0.324827,-0.321335,-0.300764,-0.249402,-0.036945,-0.037896,-0.039704,-0.014476
3650,-0.549732,-0.523383,-0.565781,-0.448044,-0.170582,-0.151951,-0.164753,-0.085775
3651,-0.632960,-0.560283,-0.660538,-0.525753,-0.073412,-0.037653,-0.140108,-0.068096
3652,-0.554751,-0.607982,-0.543027,-0.428935,-0.002305,-0.064051,-0.054458,-0.012861
3653,-0.411656,-0.378588,-0.468254,-0.370075,-0.095705,-0.092661,-0.110397,-0.061655
3654,-0.744916,-0.629776,-0.728102,-0.575032,-0.149057,-0.073946,-0.146861,-0.061263
3655,-0.324993,-0.274697,-0.303864,-0.232714,0.114270,0.128205,0.065317,0.061600
3656,0.224851,0.240556,0.268487,0.203630,-0.016418,0.014920,0.041893,0.011628
3657,-0.222771,-0.202738,-0.164050,-0.138384,-0.049479,-0.051710,-0.015840,-0.007665
3658,0.172670,0.131072,0.175629,0.158738,-0.037165,-0.068287,0.011383,0.015073
3659,0.181526,0.262255,0.186637,0.168626,-0.059283,0.002172,0.012342,0.013413
3660,-0.224689,-0.091900,-0.255564,-0.200809,-0.015915,0.098189,-0.039030,-0.022774
3661,0.050391,0.234411,0.039444,0.048443,-0.097465,0.061627,-0.023863,-0.010891
3662,-0.135112,0.155140,-0.154210,-0.109518,-0.097830,0.157250,-0.057881,-0.025246
3663,0.002484,0.258564,-0.096478,-0.066406,-0.032187,0.184193,-0.071639,-0.042939
3664,-0.015360,0.204326,-0.061900,-0.035532,-0.100822,0.096284,-0.060604,-0.034027
3665,-0.080308,-0.000619,-0.032257,-0.024547,-0.045956,0.035423,0.021604,0.013284
3666,-0.165060,0.008987,-0.174945,-0.129940,0.017400,0.158288,-0.004279,0.001983
3667,0.045201,0.054199,0.091121,0.073924,-0.066000,-0.040497,0.024018,0.015252
3668,-0.206020,-0.224359,-0.154904,-0.128937,-0.069658,-0.072428,-0.032007,-0.016173
3669,-0.189524,-0.302914,-0.168527,-0.151272,-0.002167,-0.090782,-0.024199,-0.015936
3670,-0.095890,-0.199690,-0.109784,-0.072276,-0.022760,-0.098458,-0.032477,-0.004992
3671,0.122752,0.067980,0.175300,0.106220,0.013072,-0.018353,0.058055,0.014463
3672,-0.004146,0.088574,0.009351,0.013082,-0.021335,0.050896,0.013717,0.011977
3673,-0.121749,-0.158648,-0.179055,-0.136051,0.060781,0.017787,-0.024649,-0.003497
3674,-0.357372,-0.324023,-0.347165,-0.295655,0.034653,0.047997,-0.040857,-0.029076
3675,-0.302176,-0.251122,-0.294358,-0.231650,0.010276,0.043505,-0.040680,-0.006751
3676,-0.328051,-0.335411,-0.353356,-0.300513,0.048428,0.022290,-0.055006,-0.035491
3677,-0.173212,-0.240128,-0.187593,-0.155379,0.026282,-0.037097,-0.036933,-0.016752
3678,-0.359803,-0.466067,-0.306953,-0.280582,-0.012965,-0.120147,-0.071011,-0.044422
3679,-0.238563,-0.196147,-0.297341,-0.253269,0.043051,0.060467,-0.058228,-0.030779
3680,-0.112350,-0.175385,-0.147319,-0.107862,0.026299,-0.030121,-0.035827,-0.013326
3681,-0.307577,-0.243102,-0.322536,-0.260439,-0.025920,0.016696,-0.068125,-0.030577
3682,-0.257418,-0.166433,-0.295877,-0.238710,-0.016279,0.056634,-0.071164,-0.041334
3683,-0.132169,-0.171601,-0.130465,-0.113337,0.043821,0.009455,-0.018251,-0.010226
3684,-0.410502,-0.319679,-0.424838,-0.362082,0.039798,0.089616,-0.063850,-0.036105
3685,-0.135510,-0.234931,-0.168289,-0.122316,0.049298,-0.038942,-0.035996,-0.009486
3686,0.158428,0.226824,0.150112,0.111023,0.002698,0.056253,0.032653,0.007351
3687,-0.323230,-0.240399,-0.332058,-0.269353,0.029818,0.091214,-0.040114,-0.016525
3688,-0.303524,-0.162087,-0.337229,-0.273054,0.050440,0.162661,-0.036192,-0.012087
3689,-0.720853,-0.554724,-0.721735,-0.584801,-0.104290,0.023103,-0.137539,-0.072044
3690,-0.407330,-0.110414,-0.462163,-0.351686,0.000099,0.256908,-0.080997,-0.029759
3691,-0.420682,-0.048499,-0.562944,-0.438451,0.031713,0.347752,-0.126482,-0.058311
3692,-0.427487,-0.105961,-0.495080,-0.377292,-0.044021,0.237278,-0.111831,-0.048253
3693,-0.288265,-0.020085,-0.368131,-0.274044,0.013174,0.235580,-0.072317,-0.025402
3694,-0.300502,0.028479,-0.491178,-0.377450,0.074082,0.349170,-0.124601,-0.057363
3695,-0.316417,-0.126398,-0.377234,-0.295813,-0.017805,0.136815,-0.091360,-0.038690
3696,0.085940,0.113328,0.084141,0.068285,-0.036127,-0.006130,-0.009318,-0.012375
3697,-0.121080,-0.068637,-0.188281,-0.154109,0.050922,0.079803,-0.045479,-0.030746
3698,0.172694,0.111697,0.123825,0.118375,-0.036431,-0.077755,-0.030012,-0.011039
3699,0.279653,0.241659,0.324703,0.218259,0.005738,-0.017713,0.063391,-0.001132
3700,-0.036217,0.006575,-0.063015,-0.057089,0.033259,0.059160,-0.001910,-0.009298
3701,0.061975,0.056865,0.090896,0.073279,-0.020907,-0.023549,0.025690,0.013183
3702,-0.016381,-0.035928,0.031567,0.011052,-0.059076,-0.066228,-0.014936,-0.021981
3703,-0.142610,-0.085617,-0.115667,-0.089701,-0.050549,-0.013078,-0.033585,-0.013375
3704,0.016428,0.025800,0.034203,0.028335,-0.015888,-0.008595,0.009583,0.001365
3705,-0.182068,-0.239604,-0.119120,-0.112585,-0.002466,-0.064084,-0.022696,-0.026723
3706,-0.593991,-0.531825,-0.563325,-0.476337,-0.136465,-0.100205,-0.145884,-0.080351
3707,0.347090,0.388120,0.293760,0.234292,-0.053137,-0.027971,0.037374,-0.020194
3708,0.133684,0.086433,0.132983,0.113688,-0.014657,-0.051072,0.005916,0.000667
3709,-0.002831,-0.135968,0.028563,0.000203,-0.021773,-0.105573,-0.044564,-0.031470
3710,0.131108,-0.029563,0.111944,0.073683,-0.002946,-0.121758,-0.056691,-0.043223
3711,0.088303,-0.036686,0.095053,0.046188,-0.094894,-0.169055,-0.095039,-0.082536
3712,0.033448,-0.107361,0.047719,0.007883,-0.028723,-0.127254,-0.064604,-0.063766
3713,0.020735,-0.046507,0.032384,0.020996,-0.021721,-0.057706,-0.016928,-0.019525
3714,0.138941,0.037912,0.152263,0.114820,-0.014041,-0.071561,-0.010604,-0.017527
3715,0.000059,-0.076139,0.090236,0.031169,0.189406,0.117610,0.168759,0.067318
3716,0.078777,-0.003553,0.078054,0.048312,-0.037419,-0.086976,-0.034886,-0.037945
3717,0.046741,-0.003495,0.007150,-0.003635,0.001444,-0.042622,-0.034689,-0.030133
3718,-0.028650,0.010828,-0.013622,-0.003532,0.057096,0.089800,0.041098,0.031190
3719,0.192776,0.092671,0.148312,0.103244,-0.026608,-0.093631,-0.030259,-0.037623
3720,0.032846,-0.070314,0.014848,-0.002783,-0.030762,-0.112919,-0.044735,-0.032310
3721,-0.024163,0.052569,0.017868,0.015951,-0.008367,0.055804,0.025568,0.007998
3722,0.080662,0.030747,0.092580,0.067305,0.013823,-0.014643,0.033850,0.018212
3723,0.212215,0.035144,0.127331,0.090250,0.108585,-0.029251,0.011528,-0.000760
3724,-0.284766,-0.269090,-0.218184,-0.228342,-0.141757,-0.141345,-0.088644,-0.081497
3725,0.095574,0.051158,0.088660,0.069020,0.017159,-0.007880,0.019979,0.011508
3726,0.216323,0.054163,0.161604,0.122077,0.071404,-0.045352,0.003820,-0.001290
3727,0.106030,0.021158,0.122553,0.084477,-0.033159,-0.075657,-0.013276,-0.021622
3728,0.880279,0.049397,0.139082,0.109418,0.834304,0.044044,0.029334,0.018238
3729,0.167500,0.092906,0.132515,0.099044,0.003417,-0.053608,-0.010713,-0.011190
3730,-0.118446,-0.183094,-0.092719,-0.097207,-0.099067,-0.148151,-0.075662,-0.053995
3731,0.115407,0.034770,0.094403,0.083364,0.017153,-0.039752,0.004403,0.003918
3732,-0.084889,0.048185,-0.068375,-0.046100,-0.057717,0.052057,-0.018406,-0.018596
3733,0.601379,0.710382,0.497983,0.396936,0.009726,0.122697,0.027263,0.024822
3734,0.205954,0.102642,0.188807,0.155925,0.012157,-0.056805,0.019469,0.009671
3735,1.298988,0.063350,-0.005725,0.020860,1.438881,0.175324,0.000947,0.019277
3736,0.106851,0.152512,0.008650,0.033850,0.144016,0.156810,0.090437,0.055753
3737,0.111063,0.081356,0.077876,0.069095,0.058389,0.032769,0.031215,0.022085
3738,0.182456,0.113742,0.106819,0.100355,0.070826,0.018232,0.023847,0.008581
3739,0.335108,0.232723,0.258004,0.221014,0.064148,-0.002364,0.047145,0.027909
3740,0.489940,0.181816,0.169107,0.167073,0.341179,0.054069,0.045706,0.042452
3741,0.146422,0.112204,0.093319,0.088234,0.029090,0.005758,0.016747,0.003423
3742,-0.025173,0.069651,-0.000301,0.014250,0.037294,0.104616,0.040825,0.028683
3743,0.023357,0.049413,0.061470,0.052687,0.016730,0.033284,0.044125,0.034176
3744,0.246039,0.206771,0.125176,0.117237,0.127903,0.086298,0.022624,0.020603
3745,0.118096,0.017735,0.100076,0.065574,0.059294,-0.027321,0.023011,0.008533
3746,0.041489,-0.013314,0.014945,0.007705,0.003854,-0.036995,-0.022853,-0.025613
3747,-0.171340,-0.023598,-0.024842,-0.028115,-0.149539,-0.005108,-0.005761,-0.012388
3748,-0.021694,0.010349,0.020136,0.015133,-0.009273,0.024287,0.023290,0.018469
3749,0.083196,0.016323,0.020213,0.019290,0.029222,-0.029202,-0.029685,-0.022768
3750,-0.037486,-0.023345,-0.022608,-0.012097,-0.033293,-0.016416,-0.016088,-0.009113
3751,0.081842,0.054653,0.086315,0.072976,-0.022604,-0.036743,-0.005452,0.004986
3752,0.038587,0.037405,0.027386,0.040439,-0.025656,-0.021670,-0.014018,0.004982
3753,0.022538,0.015925,0.012689,0.017185,-0.016328,-0.021378,-0.027038,-0.007612
3754,0.078964,0.027702,0.070278,0.057130,-0.010954,-0.047691,-0.011352,-0.000159
3755,-0.179619,0.054504,-0.157290,-0.106026,-0.057590,0.137797,-0.014459,0.013981
3756,0.062674,0.047945,0.056705,0.054904,-0.006746,-0.015669,-0.005605,0.004482
3757,-0.017864,0.012904,-0.013297,-0.004526,-0.023191,0.004109,-0.018139,-0.021500
3758,0.062827,0.008315,0.047963,0.039408,0.025033,-0.013198,-0.000464,-0.001369
3759,-0.368435,-0.332849,-0.260008,-0.245518,-0.035661,0.003185,-0.025723,-0.021290
3760,-0.017782,-0.021755,0.017709,0.009907,0.033928,0.029952,0.035225,0.031716
3761,-0.055392,-0.021167,-0.033288,-0.022679,-0.028178,-0.001254,-0.012228,0.000670
3762,-0.071822,-0.025544,-0.062666,-0.047400,-0.061511,-0.024792,-0.038147,-0.018499
3763,0.005938,0.011633,0.033604,0.020209,-0.069336,-0.059527,-0.020451,-0.012964
3764,-0.066040,-0.034728,-0.057146,-0.044219,-0.060884,-0.039886,-0.040031,-0.019743
3765,-0.049901,0.011289,-0.038367,-0.022606,-0.043261,0.003423,-0.024323,-0.007941
3766,0.029892,0.025898,0.059196,0.042399,-0.019452,-0.028685,0.012537,0.011942
3767,0.002032,-0.023248,0.009831,0.009108,-0.020902,-0.046355,-0.016644,-0.003323
3768,-0.008311,0.018135,0.034238,0.031199,-0.022754,0.001049,0.002059,0.015446
3769,0.082953,0.024175,0.080113,0.068235,0.088693,0.032442,0.065277,0.044392
3770,0.064438,0.010503,0.045643,0.040954,-0.007345,-0.055225,-0.000980,-0.004593
3771,0.145597,0.063424,0.109268,0.098876,0.110366,0.047983,0.064846,0.040334
3772,0.030458,0.110620,0.084798,0.072758,0.057470,0.108918,0.087645,0.072930
3773,-0.008717,0.097087,0.025364,0.033988,0.060950,0.131846,0.083718,0.074844
3774,0.006078,0.053628,0.024192,0.029663,-0.008508,0.026417,0.015611,0.020684
3775,0.098881,0.130875,0.122771,0.091376,0.037859,0.051610,0.055908,0.051905
3776,0.013157,0.024575,0.036019,0.030882,0.011167,0.010464,0.025767,0.029829
3777,-0.075512,-0.008538,-0.031667,-0.016062,-0.082900,-0.025824,-0.037508,-0.014087
3778,0.097455,0.053229,0.044177,0.055964,0.037386,-0.003367,-0.015487,0.002768
3779,0.036172,0.023816,0.024638,0.026079,0.053842,0.034666,0.043807,0.032841
3780,0.139529,0.068275,0.076652,0.086072,0.064605,0.011378,0.006358,0.011160
3781,-0.021690,0.005968,0.010640,0.009887,-0.049417,-0.020772,-0.021767,-0.010321
3782,0.009414,0.095021,0.020920,0.023025,-0.078593,-0.007529,-0.041960,-0.019246
3783,0.009723,0.028206,0.031748,0.025928,-0.058554,-0.038598,-0.027593,-0.016609
3784,0.075926,0.084969,0.071588,0.060578,-0.046271,-0.042339,-0.026437,-0.010031
3785,0.009854,0.014001,0.029483,0.020258,-0.053945,-0.043583,-0.028337,-0.016697
3786,-0.049655,-0.011937,-0.007072,-0.008054,-0.080069,-0.041852,-0.031207,-0.018163
3787,0.017484,0.032172,0.018997,0.023335,-0.031292,-0.016873,-0.027292,-0.011034
3788,-0.053933,-0.042087,-0.023995,-0.019474,-0.053216,-0.040257,-0.023723,-0.010846
3789,0.063889,0.054492,0.035778,0.035458,-0.008448,-0.010473,-0.017963,-0.014584
3790,-0.055669,-0.070283,-0.050267,-0.043242,-0.016385,-0.035646,-0.029234,-0.022099
3791,-0.002045,-0.011141,-0.002962,0.003844,-0.032351,-0.037314,-0.031264,-0.017166
3792,0.040097,-0.013508,-0.005166,-0.003102,-0.000385,-0.039511,-0.033251,-0.028623
3793,-0.128522,-0.062546,-0.044908,-0.040155,-0.095442,-0.037151,-0.019236,-0.004009
3794,-0.019107,0.014407,0.009520,0.009297,-0.039577,-0.008859,-0.007547,-0.000225
3795,-0.019910,-0.009153,-0.013646,-0.009587,-0.044942,-0.034451,-0.033590,-0.017934
3796,-0.071104,-0.023105,-0.045604,-0.040999,-0.091593,-0.049011,-0.047093,-0.028798
3797,-0.012517,0.020287,0.012638,0.015548,-0.028262,-0.004457,0.005582,0.011308
3798,-0.026664,-0.012746,-0.026262,-0.019714,-0.047779,-0.038489,-0.024544,-0.013224
3799,-0.098844,-0.049626,-0.058327,-0.047463,-0.100341,-0.056061,-0.038485,-0.016373
3800,-0.028961,-0.013593,-0.016724,-0.011085,-0.091588,-0.074258,-0.048599,-0.025910
3801,-0.044742,-0.047069,-0.049777,-0.039137,-0.083139,-0.089253,-0.058731,-0.029957
3802,-0.056461,-0.026160,-0.031786,-0.028793,-0.058515,-0.032615,-0.022206,-0.011374
3803,-0.010723,0.014245,-0.003004,0.003595,-0.024412,-0.004784,-0.007328,0.006434
3804,-0.001039,0.002850,-0.001987,-0.004663,0.019583,0.017760,0.015984,0.011694
3805,-0.012291,0.009012,-0.011100,-0.009984,-0.024250,-0.003436,-0.018472,-0.017387
3806,0.037274,0.020687,0.015314,0.014873,0.016551,0.011480,-0.000371,-0.006749
3807,-0.033467,-0.001780,-0.004719,-0.004352,-0.015601,0.011296,0.005704,0.006865
3808,0.008959,0.001638,-0.003750,-0.004774,0.019625,0.008588,0.003554,0.003424
3809,-0.024055,0.001156,-0.010357,-0.003231,-0.005509,0.005897,0.011289,0.009190
3810,-0.037340,-0.017210,-0.029985,-0.020607,-0.023549,-0.006709,-0.015742,-0.010031
3811,-0.004294,0.019076,0.003953,0.006609,-0.033312,-0.007083,-0.010491,-0.006854
3812,0.038479,0.036469,0.015435,0.019721,-0.011206,-0.006906,-0.020179,-0.018487
3813,-0.053328,-0.019104,-0.026946,-0.023711,-0.021720,0.003967,-0.002414,-0.001040
3814,0.023702,0.040171,0.028173,0.024259,0.013389,0.020686,0.014218,0.011065
3815,0.007500,0.018600,0.008345,0.011632,0.011171,0.025513,0.001289,0.003031
3816,0.022230,0.010117,0.009872,0.005851,-0.011365,-0.013786,-0.013175,-0.010528
3817,0.045466,0.056940,0.050197,0.036965,0.042979,0.059561,0.029808,0.017785
3818,0.035288,0.082932,0.048821,0.030970,-0.011249,0.040758,0.026498,0.011111
3819,0.118588,0.128352,0.099248,0.081036,0.044523,0.050013,0.039359,0.027293
3820,0.100206,0.118188,0.074457,0.064518,0.012196,0.023391,0.007451,0.000913
3821,0.068110,0.093972,0.062428,0.050268,0.042635,0.067179,0.028621,0.015663
3822,0.103168,0.091913,0.080776,0.065715,0.071662,0.058858,0.040704,0.028091
3823,0.081022,0.140218,0.091028,0.069907,0.028366,0.074371,0.040970,0.017333
3824,0.076007,0.086898,0.055372,0.055684,0.054884,0.073094,0.019325,0.021979
3825,0.055280,0.079908,0.050430,0.035678,0.044695,0.073377,0.031145,0.017275
3826,-0.004323,-0.030125,-0.019833,-0.021657,0.035340,0.016470,0.003657,-0.001483
3827,0.009876,-0.047952,-0.040876,-0.039146,0.044986,-0.013425,-0.015190,-0.016313
3828,0.057189,0.019032,0.015580,0.014135,0.054810,0.026891,0.004782,0.004062
3829,-0.007608,-0.021113,-0.022947,-0.022232,0.020394,0.005780,-0.009402,-0.010300
3830,-0.005324,0.006993,-0.004735,-0.002207,-0.002761,0.011747,0.004897,0.000876
3831,0.003728,0.032561,0.024220,0.014589,-0.017456,0.012906,0.021626,0.005010
3832,0.023320,0.040904,0.014634,0.014093,-0.026205,-0.012302,-0.014805,-0.011754
3833,-0.034416,-0.014336,-0.022719,-0.005645,0.005074,0.018318,0.008028,0.020390
3834,-0.050968,-0.018017,-0.032405,-0.009891,-0.035633,-0.003743,-0.007646,0.007132
3835,-0.000452,0.000374,-0.003771,0.003783,-0.008637,-0.004722,-0.006454,-0.004309
3836,-0.052110,-0.011199,-0.012564,-0.007332,-0.032341,0.007985,0.012250,0.012019
3837,-0.011146,0.021246,0.005661,0.011719,-0.008317,0.019795,0.017443,0.016152
3838,-0.060777,0.025775,0.039053,0.011703,-0.092246,-0.012506,0.017234,0.002914
3839,-0.000364,0.024833,0.009243,0.010489,-0.018193,-0.004175,-0.002996,-0.001084
3840,-0.000262,0.015267,-0.011669,-0.004698,-0.005777,0.008089,-0.016925,-0.007144
3841,0.031458,0.040457,0.004715,0.002652,0.021314,0.031188,-0.008778,-0.007593
3842,0.004958,0.018955,-0.001051,0.004650,0.016511,0.021060,0.008660,0.008808
3843,0.058872,0.039327,0.024277,0.027624,0.036543,0.010610,0.008069,0.005628
3844,0.032629,0.001696,0.001360,0.027807,0.057572,0.030109,0.015962,0.029604
3845,0.039802,0.001816,-0.007946,0.002321,0.054800,0.015954,0.000907,0.007639
3846,0.021235,0.025840,-0.014190,-0.003935,0.001826,-0.000255,-0.023196,-0.011712
3847,0.082865,0.017070,0.007547,0.002697,0.089707,0.011740,0.015476,0.005690
3848,-0.015756,0.016946,-0.008296,-0.014200,0.006562,0.035973,0.005500,-0.002045
3849,0.044089,0.061459,0.045690,0.041737,-0.008255,0.009863,0.013522,0.002768
3850,0.089467,0.058152,0.045191,0.038998,0.041969,0.007473,0.008008,-0.000632
3851,0.004219,0.027476,0.019867,0.013972,0.020032,0.041304,0.025180,0.016239
3852,0.037469,0.023936,0.015296,0.012075,0.011637,0.002985,-0.010325,-0.009031
3853,0.026036,-0.004588,0.017080,0.015101,0.029060,0.001886,0.014157,0.008157
3854,-0.069750,-0.012521,-0.004179,-0.003969,-0.029944,0.029542,0.022460,0.020845
3855,-0.009018,0.005613,-0.001511,0.001929,0.010528,0.024009,0.019640,0.016852
3856,-0.045017,-0.010110,-0.008501,-0.005657,-0.015550,0.022255,0.017824,0.018127
3857,-0.030063,-0.016607,-0.012921,-0.011488,-0.005963,0.013625,0.002462,0.007211
3858,0.009146,0.000480,-0.015101,-0.008909,0.054043,0.042686,0.022409,0.021538
3859,-0.011958,0.009387,-0.000346,0.007685,0.033791,0.055212,0.031962,0.033289
3860,-0.000748,-0.011309,-0.000613,0.006267,0.057402,0.052783,0.032756,0.032548
3861,-0.009337,-0.007133,-0.005340,0.001103,0.036534,0.044454,0.027366,0.024955
3862,0.034550,-0.015976,-0.014367,0.000247,0.080365,0.031535,0.029771,0.031078
3863,-0.003012,-0.024782,-0.016217,-0.005623,0.037497,0.022514,0.022499,0.023287
3864,0.020749,0.007379,0.003609,0.008312,0.053318,0.040014,0.026567,0.020473
3865,0.029712,0.018382,0.010204,0.020861,0.059981,0.046858,0.041546,0.034636
3866,-0.032339,0.000169,0.003690,-0.008626,0.011018,0.043866,0.042189,0.018597
3867,0.062927,0.070459,0.066421,0.058388,0.056524,0.052798,0.076097,0.052843
3868,0.027915,0.021122,0.029798,0.018521,0.030677,0.020553,0.033727,0.013244
3869,-0.007556,-0.011868,0.002847,0.009766,0.020023,0.026240,0.028506,0.022748
3870,-0.021343,0.002553,0.010912,0.011070,0.022547,0.057004,0.050457,0.031371
3871,0.054434,0.025717,0.034217,0.029521,0.074364,0.051480,0.043850,0.025120
3872,-0.008232,0.027992,0.037626,0.023792,0.008520,0.043291,0.065247,0.039017
3873,0.019638,-0.015722,-0.007966,-0.008942,0.028194,-0.009583,-0.001740,-0.006423
3874,0.033310,0.009335,0.010023,0.008210,0.055440,0.021030,0.029828,0.014972
3875,0.006450,0.019886,0.010418,0.006198,-0.037434,-0.022930,-0.017045,-0.017418
3876,0.022433,0.018764,0.012334,0.007601,-0.023842,-0.021837,-0.016605,-0.017188
