row_id,enf_DNASE_HepG2_27,enf_DNASE_K562_33,enf_DNASE_K562_34,enf_DNASE_K562_35,enf_DNASE_HepG2_91,enf_DNASE_K562_121,enf_DNASE_K562_122,enf_DNASE_K562_123,enf_DNASE_HepG2_234,enf_DNASE_K562_625,enf_CAGE_K562_4828,enf_CAGE_HepG2_5109,enf_CAGE_K562_5111
0,0.002125,-0.000204,0.000210,0.000160,0.001020,-0.000150,-0.000360,-0.000253,0.001258,-0.000117,0.000533,0.002122,0.000577
1,0.001780,0.000507,0.000602,0.000596,0.001058,0.000429,0.000763,0.000641,0.000804,0.000280,0.000552,0.003943,0.000743
2,-0.000304,-0.000126,-0.000300,-0.000300,-0.000003,-0.000032,-0.000055,-0.000060,0.000181,-0.000070,-0.000280,0.002292,0.000297
3,-0.001036,-0.000336,-0.000454,-0.000459,-0.000460,-0.000343,-0.000434,-0.000306,-0.000390,-0.000371,-0.000328,-0.000919,0.000065
4,0.002730,-0.000226,-0.000436,-0.000552,0.001548,-0.000002,-0.000102,-0.000127,0.002114,0.000084,-0.001051,0.001178,-0.000378
5,0.002187,-0.000144,-0.000214,-0.000279,0.001140,-0.000110,-0.000242,-0.000171,0.001526,-0.000083,-0.000393,0.000819,0.000006
6,-0.001073,-0.000578,-0.000691,-0.000706,0.000078,-0.000233,-0.000307,-0.000200,-0.000127,-0.000024,-0.000197,0.005841,0.001341
7,0.001486,-0.000449,-0.000717,-0.000724,0.000643,-0.000224,-0.000363,-0.000292,0.000907,-0.000182,0.000202,0.003087,0.000505
8,0.003042,0.000641,0.000060,0.000107,0.001504,0.000423,0.000668,0.000628,0.001877,0.000454,-0.000031,0.002825,0.000406
9,0.004988,-0.000029,0.000423,0.000300,0.002844,-0.000009,-0.000051,0.000154,0.002698,0.000120,0.000157,-0.000006,0.000115
10,0.001644,0.000598,0.000516,0.000527,0.000389,0.000225,0.000632,0.000451,-0.000020,0.000234,0.000728,0.003151,0.000754
11,-0.002605,0.000128,-0.000391,-0.000250,-0.001449,0.000046,0.000495,0.000348,-0.001991,-0.000053,0.000905,0.001121,0.001192
12,0.001119,0.000528,0.000058,0.000095,0.000166,0.000237,0.000545,0.000356,0.000480,0.000270,0.000030,0.002742,0.000566
13,-0.000004,0.000779,0.000969,0.000950,-0.000361,0.000406,0.000689,0.000440,-0.000303,0.000243,0.000124,-0.002985,-0.000388
14,0.001655,0.000670,0.000315,0.000252,0.000389,0.000019,0.000013,0.000073,0.000475,0.000130,-0.000036,-0.002736,-0.000325
15,-0.000089,0.000179,-0.000080,-0.000107,-0.000185,-0.000090,-0.000108,-0.000054,-0.000118,-0.000090,0.000208,-0.002166,-0.000249
16,0.003470,0.002660,0.002399,0.002343,0.001524,0.001543,0.002508,0.001863,0.001792,0.001157,-0.000050,0.002653,-0.000398
17,0.001403,-0.000029,0.000081,0.000063,0.001109,0.000176,0.000313,0.000297,0.001151,0.000004,-0.000041,-0.000940,-0.000242
18,0.002667,0.000004,-0.000023,-0.000162,0.001181,-0.000136,-0.000309,-0.000221,0.001451,0.000015,-0.000813,0.000142,-0.000375
19,0.005691,0.000478,0.000614,0.000493,0.002563,0.000152,0.000125,0.000095,0.002963,0.000209,-0.000328,-0.000335,-0.000362
20,0.003570,0.000698,0.000991,0.000868,0.001935,0.000583,0.000821,0.000667,0.002254,0.000416,-0.000723,0.000064,-0.000565
21,0.006711,0.002479,0.001345,0.001313,0.002307,0.001179,0.002023,0.001484,0.003005,0.001150,0.000636,0.001020,-0.000095
22,0.004200,0.001905,0.000765,0.000806,0.001486,0.001062,0.001824,0.001426,0.001999,0.001091,-0.000116,0.000372,-0.000265
23,0.000049,0.000448,0.000403,0.000420,0.000173,0.000442,0.000645,0.000561,0.000209,0.000336,0.000381,0.000652,0.000129
24,0.005368,0.002087,0.001638,0.001641,0.001129,0.001076,0.001689,0.001260,0.001608,0.000877,0.001643,0.002083,0.000852
25,0.002361,0.000759,0.000105,0.000151,0.001003,0.000443,0.000795,0.000623,0.001387,0.000588,-0.000187,0.000727,-0.000182
26,0.005693,0.001412,0.001264,0.001240,0.001830,0.000666,0.001025,0.000709,0.002440,0.000636,0.000937,-0.001147,-0.000269
27,-0.000601,-0.000271,0.000316,0.000209,0.000094,-0.000018,-0.000124,-0.000056,0.000263,-0.000062,-0.000259,-0.000732,-0.000278
28,0.001805,0.000482,0.000182,0.000149,0.000254,0.000111,0.000188,0.000140,0.000712,0.000173,0.000062,0.000985,0.000192
29,0.001372,0.000065,0.000226,0.000246,0.001024,0.000160,0.000175,0.000183,0.001220,-0.000015,0.000158,0.001494,0.000209
30,-0.001471,0.000192,0.000048,0.000112,-0.000611,-0.000007,0.000089,0.000070,-0.000734,-0.000138,0.000461,0.001073,0.000506
31,0.001169,0.000066,0.000773,0.000755,0.000548,0.000018,-0.000103,-0.000048,0.000405,-0.000137,0.000651,0.000234,0.000040
32,0.000854,0.000193,0.000204,0.000180,0.000406,-0.000007,-0.000045,0.000020,0.000420,-0.000001,0.000011,0.000005,-0.000044
33,0.000656,-0.000009,-0.000153,-0.000117,0.000574,0.000045,0.000072,0.000058,0.000799,-0.000164,0.000154,-0.000933,-0.000062
34,0.000740,-0.000395,-0.000350,-0.000367,0.000241,-0.000284,-0.000519,-0.000348,0.000513,-0.000217,-0.000130,-0.000706,-0.000132
35,0.000615,0.000267,0.000031,0.000002,0.000212,0.000120,0.000145,0.000195,0.000573,0.000117,-0.000492,-0.000053,-0.000353
36,0.000860,-0.000125,-0.000088,-0.000155,0.000618,0.000115,0.000127,0.000087,0.001039,0.000039,-0.000360,-0.001285,-0.000485
37,0.006108,0.000856,0.000715,0.000649,0.002367,0.000282,0.000336,0.000390,0.002834,0.000476,0.000003,-0.001075,-0.000246
38,0.002683,0.001176,0.000566,0.000631,0.000973,0.000542,0.000906,0.000732,0.001345,0.000435,0.000025,-0.000887,-0.000305
39,-0.005348,-0.001423,-0.001981,-0.001845,-0.001896,-0.000798,-0.001024,-0.000841,-0.002498,-0.000746,-0.000397,0.000938,0.000446
40,-0.000463,-0.000493,-0.000808,-0.000799,-0.000040,-0.000424,-0.000615,-0.000505,-0.000267,-0.000266,-0.000449,0.002272,0.000145
41,0.001471,0.000016,0.000533,0.000398,0.000602,0.000096,0.000013,0.000015,0.001036,0.000165,-0.000640,-0.004409,-0.001238
42,-0.000104,-0.000083,-0.000130,-0.000125,0.000182,-0.000044,-0.000107,-0.000036,0.000048,-0.000097,0.000177,-0.000317,0.000321
43,0.004410,0.001415,0.001509,0.001399,0.001583,0.000721,0.001128,0.000869,0.002190,0.000379,0.000277,-0.002609,-0.000741
44,0.001889,0.000924,0.001414,0.001328,0.000555,0.000403,0.000536,0.000395,0.000972,0.000298,0.000213,-0.000647,-0.000505
45,-0.003571,-0.000411,-0.001706,-0.001540,-0.001280,-0.000368,-0.000316,-0.000251,-0.001488,-0.000323,-0.000327,0.001952,0.001085
46,0.000269,0.000117,-0.000552,-0.000480,0.000005,-0.000023,0.000071,0.000079,0.000120,0.000043,-0.000217,-0.002243,-0.000315
47,0.001330,0.000274,0.000131,0.000145,0.000653,0.000168,0.000242,0.000191,0.000739,0.000159,-0.000227,-0.001062,-0.000324
48,-0.002295,-0.000868,-0.001527,-0.001480,-0.001129,-0.000567,-0.000793,-0.000519,-0.001195,-0.000282,-0.000273,0.005160,0.001163
49,-0.000906,-0.000190,-0.000542,-0.000521,-0.001172,-0.000053,-0.000025,-0.000016,-0.001002,-0.000081,0.000940,-0.005751,0.000074
50,-0.002405,-0.000354,-0.000501,-0.000485,-0.001181,-0.000317,-0.000440,-0.000352,-0.001214,-0.000334,-0.000106,-0.001146,-0.000246
51,-0.003569,-0.000124,-0.000930,-0.000856,-0.001804,-0.000232,-0.000304,-0.000139,-0.002100,-0.000062,0.000072,0.001990,0.000946
52,-0.003456,-0.000943,-0.000649,-0.000686,-0.001137,-0.000460,-0.000824,-0.000518,-0.001324,-0.000482,0.000133,0.000125,0.000306
53,-0.000303,-0.000501,-0.000356,-0.000411,0.000665,-0.000307,-0.000461,-0.000166,0.000862,-0.000317,-0.000109,-0.001586,-0.000299
54,-0.002402,-0.000520,-0.000983,-0.001035,-0.002118,-0.000339,-0.000621,-0.000444,-0.002072,-0.000078,0.000664,0.000767,0.001452
55,-0.001269,-0.000430,-0.000100,-0.000135,-0.000674,-0.000195,-0.000320,-0.000047,-0.000499,-0.000234,0.000694,-0.002555,0.000061
56,-0.002428,0.000800,-0.000295,-0.000179,-0.001554,0.000346,0.000584,0.000537,-0.001602,0.000254,0.000681,-0.004158,0.000357
57,-0.001665,-0.000693,-0.000555,-0.000667,-0.000582,-0.000105,-0.000281,-0.000090,-0.000039,-0.000126,-0.000307,-0.006835,-0.001035
58,0.000505,-0.000895,-0.000723,-0.000818,-0.000050,-0.000452,-0.000810,-0.000557,0.000274,-0.000272,0.000285,-0.001594,-0.000079
59,-0.000588,-0.001002,-0.000848,-0.000842,0.000568,-0.000441,-0.000590,-0.000327,0.000690,-0.000505,0.000035,-0.001370,-0.000103
60,-0.001830,0.000488,0.000594,0.000672,-0.000735,0.000153,0.000403,0.000564,-0.000699,0.000254,0.000781,-0.007139,-0.000049
61,-0.008036,-0.000404,-0.001595,-0.001439,-0.003431,-0.000091,0.000198,0.000169,-0.004236,0.000004,0.000467,-0.003062,0.000888
62,-0.007776,-0.002314,-0.002068,-0.002219,-0.003439,-0.001401,-0.002370,-0.001474,-0.003835,-0.000998,-0.000155,0.002343,0.001080
63,-0.003089,-0.000205,-0.000120,-0.000145,-0.001842,-0.000183,-0.000406,-0.000195,-0.001871,-0.000065,0.000411,-0.005694,-0.000374
64,-0.010711,-0.002626,-0.002385,-0.002185,-0.005113,-0.001526,-0.002278,-0.001931,-0.005709,-0.001276,0.000610,-0.000329,0.000803
65,0.003433,0.000299,0.000596,0.000483,0.001549,0.000322,0.000448,0.000567,0.002045,0.000323,0.000846,-0.011063,-0.000601
66,0.007023,0.000573,0.001471,0.001169,0.003012,0.000841,0.000512,0.000409,0.003766,0.000850,-0.000250,0.002077,0.001186
67,-0.002332,-0.000913,-0.000434,-0.000460,-0.000861,-0.000452,-0.000534,-0.000463,-0.001088,-0.000681,0.001408,0.001136,0.001169
68,0.002529,0.001801,0.001928,0.002047,0.000431,0.000862,0.001441,0.001253,0.001133,0.000704,0.002066,-0.004106,0.001534
69,-0.003906,-0.000441,-0.000701,-0.000668,-0.001739,-0.000236,-0.000194,-0.000149,-0.001936,-0.000139,0.000207,-0.001446,0.000025
70,-0.000459,0.000212,-0.000636,-0.000595,0.000036,0.000347,0.000366,0.000203,-0.000189,0.000380,0.001278,0.003402,0.001634
71,-0.003331,-0.000563,-0.000955,-0.000887,-0.000972,-0.000205,-0.000440,-0.000192,-0.001066,-0.000281,-0.000599,0.005454,0.000724
72,-0.000345,0.000364,-0.000180,-0.000085,-0.000209,0.000161,0.000276,0.000237,-0.000510,0.000330,-0.000001,-0.000769,-0.000492
73,-0.004338,-0.000098,-0.000549,-0.000406,-0.001629,0.000089,0.000333,0.000406,-0.001506,-0.000124,0.000703,0.004876,0.000630
74,0.005668,0.001652,0.000501,0.000717,0.003208,0.001005,0.001845,0.001496,0.003471,0.001074,0.001475,0.007281,0.001197
75,0.002902,0.000837,0.000588,0.000690,0.001445,0.000770,0.001415,0.001396,0.002024,0.000291,0.000607,0.000211,-0.000719
76,-0.004874,-0.000149,-0.000139,-0.000201,-0.003152,-0.000386,-0.000623,-0.000443,-0.003420,-0.000162,-0.000114,-0.006758,-0.001205
77,0.001157,0.000376,0.000253,0.000263,0.000470,0.000043,0.000054,0.000068,0.000708,-0.000003,0.000378,0.000299,-0.000042
78,-0.001503,0.000213,0.001145,0.000977,-0.001184,0.000200,-0.000704,0.000118,-0.000989,0.000235,0.001021,-0.009440,-0.000152
79,-0.002854,0.000610,0.001633,0.001589,-0.002825,0.000094,0.000004,0.000187,-0.003150,0.000212,0.000716,-0.012299,-0.001373
80,0.006859,0.002559,0.001893,0.001910,0.002307,0.001144,0.001544,0.001259,0.003859,0.000965,0.001550,-0.003055,-0.000366
81,-0.003004,-0.002535,-0.002645,-0.002624,-0.000177,-0.000655,-0.001045,-0.000163,-0.000680,-0.000653,0.000101,-0.000785,0.000511
82,-0.002191,0.001797,0.003105,0.002911,-0.003150,0.000989,0.001186,0.001483,-0.002018,0.000240,0.001140,-0.007501,-0.000858
83,-0.001613,-0.001494,-0.002172,-0.002051,0.000739,-0.000771,-0.000620,-0.000425,0.000392,-0.000387,-0.000525,-0.001466,0.000218
84,-0.007260,-0.001179,-0.001334,-0.001194,-0.002714,-0.000234,-0.000031,0.000127,-0.003068,-0.000394,-0.001414,-0.005092,-0.000778
85,-0.002023,0.000613,0.000173,0.000259,-0.000632,0.000508,0.001116,0.001220,-0.001086,0.000045,0.000871,-0.009698,-0.001067
86,0.006936,0.001462,0.001060,0.001253,0.004198,0.000793,0.001012,0.000714,0.003861,0.001405,0.000946,-0.002160,0.000542
87,0.007231,0.001045,0.000561,0.000669,0.004463,0.001379,0.001709,0.001601,0.005263,0.001410,0.002214,0.004715,0.001542
88,-0.003254,0.000768,0.001866,0.001652,-0.003239,0.000095,0.000142,0.000319,-0.003702,-0.000189,0.000299,-0.010394,-0.001814
89,0.000430,0.001754,0.002928,0.002924,-0.002608,0.000568,0.000502,0.000792,-0.001783,-0.000137,0.002170,-0.008198,-0.000827
90,-0.003896,0.001200,0.003530,0.003426,-0.003524,0.001134,0.001572,0.001936,-0.003000,-0.000173,0.000350,-0.009473,-0.000749
91,0.000686,0.001761,0.003012,0.002744,0.001160,0.000872,0.000562,0.000707,0.001805,0.001215,0.000147,0.000687,0.000177
92,0.007364,0.002456,0.000395,0.000585,0.007649,0.002214,0.003391,0.002843,0.007371,0.001532,0.000665,0.000819,-0.000698
93,0.000076,0.001731,0.001397,0.001458,0.000794,0.001242,0.001792,0.001556,0.001132,0.000586,0.002070,-0.004710,-0.001299
94,0.001548,0.002145,0.003240,0.003055,-0.000352,0.000262,0.000311,0.000526,-0.000707,-0.000206,0.001287,0.001698,-0.000333
95,-0.000406,0.000892,0.000573,0.000478,0.000946,0.000096,0.000429,0.000457,0.000795,-0.000128,0.000238,0.003088,-0.000126
96,0.004306,-0.000030,-0.000375,-0.000342,0.004335,-0.000196,0.000008,0.000099,0.003790,0.000106,-0.000919,0.004107,0.000811
97,0.029831,0.011752,0.009047,0.009568,0.013873,0.006771,0.010505,0.008591,0.014678,0.004715,0.002292,-0.014573,-0.003257
98,0.017419,0.004534,0.002776,0.003116,0.009720,0.002458,0.003763,0.002747,0.008328,0.002001,0.000112,-0.004141,-0.001008
99,0.019274,0.005099,0.005978,0.005697,0.007001,0.002008,0.002728,0.002096,0.010183,0.001244,0.003883,-0.000641,-0.001715
100,-0.000661,0.000883,0.000243,0.000320,0.000258,0.000603,0.001282,0.001153,-0.000169,0.000673,0.001011,-0.004535,-0.000332
101,0.000775,0.002287,0.002634,0.002594,-0.001735,0.000693,0.001125,0.001026,-0.001469,0.000056,0.001878,-0.004858,-0.000378
102,0.004238,0.001565,0.001942,0.002005,0.000269,0.001159,0.001507,0.001410,0.002601,0.000516,0.002044,0.000672,0.000746
103,0.009785,0.004678,0.004440,0.004459,0.007256,0.001538,0.001872,0.001881,0.002765,0.001859,0.001358,-0.004540,-0.001793
104,-0.005526,-0.000586,-0.000749,-0.000796,-0.003172,-0.000096,-0.000057,0.000293,-0.002880,-0.000289,0.001172,0.004842,0.001416
105,-0.041990,-0.020630,-0.019283,-0.019785,-0.015656,-0.010768,-0.015224,-0.010319,-0.019805,-0.007604,-0.001865,-0.010179,0.001832
106,-0.010942,-0.006482,-0.004676,-0.005398,-0.004473,-0.004936,-0.007078,-0.005040,-0.007612,-0.003101,-0.002668,-0.011082,-0.000073
107,0.012453,0.016996,0.016361,0.017317,0.005934,0.012505,0.016513,0.012539,0.003816,0.007682,0.003037,0.003052,-0.001479
108,0.020570,0.018661,0.015314,0.016889,0.002528,0.015163,0.019768,0.015397,0.011678,0.011850,0.000648,0.019772,0.001599
109,0.004600,0.003095,0.003191,0.003157,0.005076,0.001122,0.002096,0.001078,0.001027,0.000548,-0.000949,0.000132,-0.000077
110,-0.003228,-0.000693,-0.001774,-0.002085,0.003246,-0.002837,-0.001852,-0.002228,-0.003148,-0.000784,-0.001007,-0.003180,0.000212
111,-0.027216,-0.001224,-0.001130,-0.001366,-0.003641,-0.000093,0.002488,0.002322,-0.013703,0.000082,0.001586,-0.002813,0.000063
112,-0.028286,-0.007217,-0.009334,-0.009928,-0.012469,-0.004176,-0.002549,-0.001964,-0.012256,-0.003164,0.002978,-0.019071,-0.000588
113,-0.014391,-0.002197,-0.003141,-0.003482,-0.008128,-0.002544,-0.000928,-0.000014,-0.007267,-0.001265,0.002324,-0.008422,0.001694
114,-0.005750,-0.003013,-0.002661,-0.003556,-0.003192,-0.003204,-0.002255,-0.001288,0.002081,-0.002051,0.003200,-0.005662,-0.001072
115,-0.013283,-0.001134,-0.001850,-0.002229,0.000422,-0.002232,-0.001376,-0.001241,-0.008469,-0.000830,-0.000040,0.000038,0.000978
116,-0.000967,-0.001038,-0.000633,-0.000820,-0.001619,-0.001365,-0.001869,-0.001839,-0.001959,-0.000402,0.000303,0.002151,0.001775
117,-0.008477,-0.002939,-0.004600,-0.004900,-0.002494,-0.001615,-0.000074,0.000445,-0.000135,-0.001022,0.001649,-0.008384,-0.001056
118,-0.016644,-0.002616,-0.002921,-0.003092,-0.008100,-0.000895,0.000361,0.000665,-0.006282,-0.000677,0.002405,-0.002157,-0.000148
119,0.008347,0.005382,0.005254,0.004903,0.011042,0.001991,0.004807,0.003345,0.005661,0.001290,0.001952,-0.003169,-0.000717
120,-0.009580,0.004966,0.006108,0.006254,0.002427,0.003181,0.004093,0.003731,-0.007290,0.001926,0.000658,-0.012189,-0.002788
121,-0.054722,-0.032088,-0.028861,-0.030780,-0.017214,-0.020036,-0.025400,-0.019415,-0.030067,-0.012894,-0.000172,-0.040587,-0.001954
122,-0.019885,0.001337,0.001322,0.001501,-0.012929,0.001605,0.002155,0.002185,-0.011672,0.000555,0.004794,-0.004580,0.000909
123,0.041003,0.026008,0.020664,0.021527,0.017493,0.016717,0.026506,0.019497,0.018751,0.012483,0.002113,-0.010125,-0.004362
124,-0.026770,-0.008940,-0.010418,-0.011095,-0.012958,-0.004997,-0.004615,-0.003594,-0.009537,-0.003745,0.000969,0.006127,0.002573
125,0.002081,0.016672,0.012474,0.013021,0.000058,0.010779,0.019253,0.015940,0.005524,0.006582,0.006702,-0.014851,-0.004479
126,-0.004378,-0.004227,-0.006171,-0.006936,0.006037,-0.003767,-0.002489,-0.002161,-0.002340,-0.000733,-0.000101,-0.009427,-0.000204
127,0.004355,0.005426,0.005621,0.005712,0.005398,0.004316,0.006067,0.003454,-0.000896,0.005823,-0.000506,-0.000961,-0.000586
128,-0.003692,0.002674,0.003804,0.003763,0.001737,0.001529,0.000896,0.000905,-0.006408,0.001896,0.001595,-0.011460,-0.001277
129,-0.028978,-0.008007,0.001527,0.000771,-0.019998,0.000834,0.009079,0.006859,-0.012488,-0.000891,0.009158,-0.028975,-0.007177
130,-0.012241,0.009596,0.017056,0.017006,-0.017327,0.012719,0.026624,0.019979,-0.002602,0.006195,0.010908,-0.020650,-0.006731
131,-0.020495,0.040393,0.038577,0.040063,-0.025833,0.023446,0.043745,0.029261,-0.012370,0.016213,0.005483,-0.055904,-0.015446
132,-0.037070,0.004238,-0.000602,-0.000678,-0.018365,0.001566,0.012412,0.003860,-0.024089,0.003456,0.003110,-0.050090,-0.012241
133,-0.021809,-0.027009,-0.023206,-0.026084,-0.000529,-0.018034,-0.021377,-0.017394,-0.011538,-0.009839,-0.004661,-0.034015,-0.001954
134,0.046238,0.041780,0.050780,0.051935,0.015106,0.032139,0.042210,0.036480,0.019083,0.020538,0.008549,0.016938,0.001268
135,-0.018683,-0.000997,-0.003005,-0.003350,-0.016898,-0.001473,0.008339,-0.000519,-0.007847,0.001870,0.006510,-0.048653,-0.011155
136,0.034611,0.017037,0.015178,0.014908,0.006694,0.010052,0.022882,0.008443,0.015172,0.011476,0.007546,-0.035783,-0.010373
137,-0.029839,-0.012216,-0.015838,-0.016623,-0.018395,-0.009825,-0.002567,-0.007721,-0.012920,-0.003998,0.004946,-0.045940,-0.009994
138,0.018711,-0.007120,-0.003183,-0.005144,0.016742,-0.009194,-0.010577,-0.009948,0.007589,-0.005272,-0.004028,-0.044537,-0.003620
139,-0.005362,0.005733,0.001811,0.002258,-0.000067,-0.002598,-0.003960,-0.002642,0.002156,-0.002427,0.000840,0.019571,0.003545
140,-0.022394,0.007125,0.002576,0.000331,-0.008181,-0.017902,-0.026245,-0.018090,-0.020118,-0.019470,0.012574,0.161047,0.032664
141,0.006102,-0.002385,-0.006162,-0.005862,0.003592,-0.002537,-0.000488,-0.002128,0.015523,-0.003498,-0.000233,0.019880,-0.001239
142,0.024009,0.086828,0.081309,0.084308,-0.004469,0.048527,0.067112,0.050448,0.008905,0.037578,-0.002346,0.006427,-0.008879
143,-0.029308,0.021452,0.008611,0.010779,-0.027421,0.012325,0.032662,0.017948,-0.015088,0.007270,0.004329,-0.062854,-0.017322
144,-0.021659,0.017832,0.004338,0.005368,-0.018353,0.009325,0.026259,0.012326,-0.016170,0.007690,0.006419,-0.054615,-0.014410
145,-0.014908,0.049025,0.037172,0.040157,-0.027937,0.031446,0.060831,0.042627,-0.008890,0.018360,0.006630,-0.052714,-0.015759
146,0.000832,0.083543,0.088687,0.092133,-0.022522,0.060223,0.097269,0.082972,0.001132,0.031790,0.004249,-0.049612,-0.017432
147,-0.017918,0.017209,0.010656,0.011476,-0.017248,0.010266,0.024060,0.012794,-0.015223,0.008542,0.003308,-0.039063,-0.011358
148,-0.007036,0.028339,0.014822,0.017061,-0.021758,0.018472,0.042024,0.025275,-0.004358,0.011618,0.007743,-0.057068,-0.015214
149,-0.021831,-0.000326,-0.006192,-0.006201,-0.015350,0.000107,0.011094,0.002973,-0.013453,0.001635,0.003670,-0.029837,-0.007443
150,-0.021621,-0.020184,-0.014967,-0.017799,-0.000992,-0.015293,-0.020656,-0.015348,-0.014693,-0.009043,-0.002954,-0.013773,0.003881
151,0.048490,0.047483,0.051338,0.052656,0.015264,0.034396,0.046151,0.039276,0.019495,0.023310,0.003941,0.035157,0.003113
152,0.002584,0.010130,0.008536,0.008612,-0.006190,0.009350,0.024911,0.015962,-0.000493,0.006914,0.008818,-0.022139,-0.007599
153,-0.031943,0.002485,0.000331,0.000748,-0.022468,0.004585,0.019069,0.011392,-0.012861,0.001840,0.009043,-0.023213,-0.006768
154,0.001352,0.006429,0.023009,0.022424,-0.010171,0.016006,0.029632,0.026129,0.006094,0.006574,0.010198,-0.004437,-0.003428
155,0.026922,0.016171,0.025207,0.024926,0.006526,0.019939,0.035868,0.029443,0.012297,0.011963,0.007706,-0.016399,-0.007004
156,-0.002839,0.010471,0.013725,0.013846,-0.011037,0.014379,0.032316,0.024498,0.003141,0.006724,0.010298,-0.009574,-0.006464
157,-0.028777,-0.015456,-0.010577,-0.011716,-0.016773,-0.006170,-0.002558,-0.003597,-0.010821,-0.004016,0.002521,-0.027206,-0.004620
158,0.007674,0.002495,0.005623,0.005488,-0.000982,0.007354,0.018208,0.013092,0.003558,0.005218,0.005041,-0.045137,-0.008857
159,-0.020115,-0.031398,-0.027093,-0.028170,-0.004852,-0.016606,-0.024655,-0.018104,-0.012555,-0.009066,-0.001722,-0.005794,0.007234
160,-0.024491,-0.032062,-0.027566,-0.028879,-0.004271,-0.018504,-0.026623,-0.019493,-0.015810,-0.010263,-0.000948,-0.018256,0.005669
161,0.057517,0.114211,0.079810,0.086255,0.025273,0.070083,0.120157,0.103080,0.040840,0.034341,0.010708,0.013094,-0.008103
162,0.011010,-0.015797,-0.014789,-0.015317,0.009654,-0.009465,-0.015382,-0.011421,0.010247,-0.004956,-0.000751,0.003031,0.004529
163,0.025730,-0.006019,-0.002937,-0.003118,0.011864,-0.001483,-0.005013,-0.003312,0.011112,0.000275,-0.000802,-0.007488,-0.001646
164,-0.030912,-0.027178,-0.022934,-0.024155,-0.011872,-0.015701,-0.023028,-0.016473,-0.012653,-0.011168,-0.001156,-0.003189,0.007878
165,-0.010801,-0.019022,-0.017286,-0.017821,0.002656,-0.009688,-0.013989,-0.010080,0.003259,-0.007076,-0.000656,0.013193,0.005557
166,-0.036241,-0.015101,-0.012802,-0.013084,-0.012133,-0.007077,-0.010741,-0.007077,-0.013359,-0.005877,-0.000167,-0.011056,0.002041
167,0.015044,0.032886,0.027745,0.029104,0.003323,0.022361,0.034036,0.027888,0.000231,0.015623,0.005086,-0.000864,-0.002926
168,0.006973,0.006443,0.005162,0.004928,-0.001771,0.001480,0.002727,0.000949,-0.002939,0.005784,-0.001765,0.015415,-0.000771
169,-0.005595,0.018070,0.014201,0.015209,-0.007260,0.011105,0.017683,0.014036,-0.006644,0.007015,0.000997,-0.011740,-0.004270
170,-0.039269,-0.004633,-0.005220,-0.005307,-0.016093,-0.003736,-0.003036,-0.001968,-0.017287,-0.004112,-0.000049,0.008414,0.003989
171,-0.032023,-0.012929,-0.013725,-0.014212,-0.013592,-0.009442,-0.013085,-0.009298,-0.018909,-0.005088,0.000193,0.008602,0.007810
172,0.051103,-0.005800,-0.007095,-0.006920,0.024698,-0.001367,0.001950,0.001065,0.030145,-0.002520,0.006082,0.029484,0.005131
173,-0.014478,-0.013323,-0.012711,-0.013047,-0.008493,-0.008284,-0.009220,-0.006556,-0.003637,-0.005539,0.004971,0.023010,0.010339
174,0.012514,0.008868,0.016472,0.015992,0.005573,0.000945,-0.003579,-0.001149,0.001888,0.004297,-0.000726,0.005379,0.002429
175,-0.016328,-0.012445,-0.013412,-0.013548,0.000173,-0.005317,-0.006054,-0.003977,-0.003037,-0.002519,0.007647,0.005581,0.002807
176,-0.001866,-0.015660,-0.010233,-0.011403,-0.002416,-0.011063,-0.016397,-0.012196,-0.002084,-0.005777,-0.001409,0.011239,0.009919
177,0.095941,0.024691,0.019652,0.021113,0.058129,0.026040,0.042496,0.034855,0.089573,0.012636,0.005992,0.019045,-0.005404
178,0.016234,-0.018305,-0.019492,-0.019618,0.017650,-0.007341,-0.009531,-0.006670,0.019170,-0.005866,0.004485,0.053011,0.013039
179,-0.025027,-0.003614,-0.003268,-0.003202,-0.008185,-0.003551,-0.004253,-0.003720,-0.015704,-0.001115,0.000490,0.009772,0.003202
180,0.011201,-0.000425,-0.000490,-0.000902,0.004286,-0.004183,-0.004811,-0.004550,-0.000974,0.002045,0.002694,0.008037,0.004131
181,-0.011491,-0.027699,-0.026086,-0.027349,0.005650,-0.017467,-0.024534,-0.017166,-0.001362,-0.010451,-0.002069,-0.038054,0.003197
182,0.022136,0.062722,0.041005,0.046306,0.005102,0.041840,0.066750,0.051400,0.004993,0.025829,0.005778,-0.011911,-0.006686
183,0.014837,0.002514,0.000345,0.000592,0.005037,0.001642,0.002347,-0.000037,0.006086,0.005795,0.005002,0.031366,0.007930
184,-0.018052,0.014721,0.007845,0.009518,-0.005045,0.010718,0.019976,0.014856,-0.005550,0.005720,0.007030,0.030859,0.004489
185,0.070465,-0.006872,-0.000103,-0.002030,0.027301,-0.003398,-0.007822,-0.007566,0.040320,0.002953,-0.001800,0.025942,0.005220
186,-0.016664,-0.013377,-0.011836,-0.012256,-0.003628,-0.008163,-0.010854,-0.007465,-0.005987,-0.005617,0.001765,0.021493,0.007510
187,-0.027881,0.001177,0.002195,0.002590,-0.011551,0.001272,0.004516,0.005313,-0.010630,-0.002744,0.004060,-0.012015,-0.003808
188,0.006562,0.002552,0.003154,0.002607,-0.001066,0.000756,0.000187,-0.001424,-0.000899,0.006484,0.000606,0.004041,-0.000679
189,-0.027395,-0.010633,-0.008695,-0.009549,-0.005978,-0.007153,-0.009592,-0.006729,-0.009930,-0.005710,-0.001464,0.013659,0.004691
190,-0.034350,-0.033405,-0.023998,-0.025913,-0.016617,-0.017760,-0.028544,-0.020092,-0.019802,-0.011338,-0.002139,-0.023842,0.012652
191,-0.005873,-0.026198,-0.020008,-0.020560,-0.015458,-0.014316,-0.022751,-0.017465,-0.013393,-0.004673,-0.003478,-0.032645,0.002921
192,-0.021067,-0.023620,-0.018827,-0.019641,-0.017197,-0.013172,-0.020527,-0.016754,-0.017303,-0.004502,-0.001135,-0.044113,0.002798
193,0.038455,0.074093,0.052089,0.056608,0.004759,0.044239,0.075127,0.058102,0.019515,0.026201,0.005536,-0.001171,-0.005952
194,-0.001432,0.010518,0.007268,0.007807,-0.012890,0.006834,0.010300,0.005218,-0.007423,0.008365,-0.005579,-0.048642,-0.006980
195,-0.033059,-0.006530,-0.005177,-0.005386,-0.017361,-0.003714,-0.006193,-0.004671,-0.021438,-0.001783,-0.000215,-0.030681,0.000679
196,0.002434,-0.006773,-0.004708,-0.005615,-0.000359,-0.005621,-0.009414,-0.007058,0.000535,-0.001703,0.012943,0.103021,0.021881
197,-0.013171,0.006425,0.008133,0.008929,-0.007311,0.004659,0.007103,0.005583,-0.005545,0.003174,-0.004168,-0.027505,-0.002973
198,-0.016145,-0.016032,-0.014427,-0.014807,0.000955,-0.009120,-0.012647,-0.008710,-0.002958,-0.007016,-0.004321,-0.008143,0.003926
199,-0.021876,-0.007685,-0.005736,-0.005856,-0.011830,-0.004395,-0.006253,-0.004451,-0.016591,-0.002570,-0.000918,-0.022587,-0.000727
200,-0.038113,-0.020542,-0.016040,-0.017845,-0.010073,-0.012784,-0.018679,-0.013295,-0.016891,-0.008312,-0.000099,0.011121,0.009593
201,-0.036477,-0.020798,-0.020868,-0.021835,-0.014763,-0.013220,-0.017228,-0.011659,-0.018146,-0.009456,-0.033479,-0.220427,-0.033924
202,-0.030022,0.000427,-0.001143,-0.000668,-0.013959,0.000419,0.002204,0.001208,-0.018758,-0.000844,-0.021927,-0.148306,-0.023600
203,-0.022494,-0.010368,-0.005422,-0.007005,-0.027056,-0.008073,-0.012701,-0.010247,-0.026096,-0.003611,-0.023380,-0.140945,-0.021811
204,0.025134,0.011491,0.010406,0.011123,-0.006216,0.009309,0.012780,0.007525,0.007000,0.011340,-0.010303,-0.075459,-0.011702
205,-0.009958,0.002300,0.001313,0.001349,-0.004739,0.001185,0.001993,0.002397,-0.004241,0.000003,0.019021,0.128340,0.019368
206,-0.018785,0.000911,0.000151,0.000662,-0.010636,0.001126,0.002268,0.002425,-0.014200,0.000300,-0.003270,-0.001308,0.001882
207,0.004970,-0.008972,-0.011370,-0.011595,0.007101,-0.003465,-0.000496,0.001154,0.011886,-0.004881,-0.039017,-0.258894,-0.043510
208,0.071735,-0.001697,-0.003858,-0.004039,0.021159,0.001654,0.002701,0.000340,0.041128,0.005486,-0.041351,-0.257064,-0.044290
209,-0.046757,-0.006999,-0.008070,-0.008478,-0.019660,-0.002885,-0.001116,0.000417,-0.028197,-0.004262,-0.032331,-0.215516,-0.033908
210,0.123348,0.016759,0.012870,0.014233,0.054069,0.011096,0.015402,0.008810,0.082454,0.012097,0.003123,0.042288,0.000926
211,-0.062152,0.014786,0.009395,0.011658,-0.033905,0.011227,0.017496,0.013088,-0.039442,0.007475,0.011492,0.010241,0.005931
212,-0.052272,0.011693,0.007578,0.008732,-0.028271,0.007595,0.011609,0.009988,-0.035325,0.003791,0.009263,-0.015086,0.003134
213,-0.050423,0.004859,0.001973,0.004051,-0.027701,0.006972,0.009423,0.007306,-0.026954,0.004860,0.011014,0.019666,0.006063
214,-0.078204,-0.004731,-0.004982,-0.004712,-0.029386,-0.003236,-0.003714,-0.002109,-0.039874,-0.001987,0.004324,0.015031,0.006742
215,-0.031108,-0.002335,-0.003378,-0.003706,-0.007573,-0.001913,-0.001936,-0.000176,-0.014985,-0.002649,0.006183,0.054444,0.010299
216,-0.006426,0.000293,-0.001455,-0.001396,-0.000454,-0.000071,0.000677,0.001660,-0.002408,-0.000012,0.004714,0.030502,0.005757
217,-0.003856,-0.001098,-0.001132,-0.001523,-0.007085,-0.001810,-0.001796,-0.001776,-0.009062,-0.001396,0.002677,0.011231,0.003001
218,0.000340,0.006131,0.006318,0.006084,-0.000746,0.003981,0.005075,0.004702,0.002071,0.002386,0.004514,0.028335,0.005245
219,-0.046378,0.002501,0.002810,0.002615,-0.025880,-0.000742,-0.000798,-0.000758,-0.030738,-0.000907,0.004287,0.006973,0.004375
220,0.055368,0.005929,0.005291,0.005059,0.029278,0.002223,0.003282,0.001887,0.035116,0.001580,0.000773,0.021772,0.000364
221,0.172020,0.022763,0.025557,0.024482,0.103118,0.011653,0.019386,0.013516,0.144596,0.007067,-0.001748,0.023608,-0.000925
222,0.014529,-0.000363,-0.000092,-0.000334,0.003570,-0.001271,-0.001072,-0.001574,0.009957,-0.000200,-0.000373,0.010384,0.000513
223,0.034876,0.017225,0.014483,0.014471,0.022342,0.009900,0.016006,0.014272,0.035579,0.006685,0.000425,0.040406,0.004430
224,-0.062041,0.002026,0.000720,-0.000245,-0.028217,0.000372,0.000449,0.000774,-0.035553,0.001083,0.002118,0.016919,0.005672
225,0.041637,0.011891,0.012602,0.012319,0.027433,0.007133,0.010280,0.010450,0.033665,0.004984,0.001478,0.067933,0.009347
226,0.066638,-0.000832,0.000208,0.000032,0.023836,-0.001738,-0.002927,-0.002759,0.030742,0.000718,0.002115,0.040954,0.004073
227,-0.020584,-0.005037,-0.005879,-0.005624,-0.008906,-0.001752,-0.003478,-0.002115,-0.013586,-0.000949,0.005376,-0.001252,-0.002655
228,0.008266,0.000690,-0.000876,-0.000161,-0.003148,0.002035,0.002775,0.000528,0.005543,0.006179,0.005075,-0.013953,-0.003012
229,0.029818,0.001301,-0.000149,0.000496,0.012661,0.000648,0.001618,-0.000108,0.020411,0.002398,0.001396,0.026524,0.002270
230,0.017466,0.001851,0.001257,0.001738,0.006409,0.000523,0.001256,-0.000237,0.011278,0.001944,0.000178,0.021113,0.002253
231,-0.061265,0.000537,-0.001132,-0.000833,-0.023195,0.001142,0.001374,0.002200,-0.024824,0.001685,-0.000281,0.002271,0.002621
232,-0.047151,-0.001022,-0.000597,-0.001126,-0.020373,-0.000814,-0.001254,-0.000887,-0.023152,-0.000117,-0.001053,0.013962,0.004459
233,-0.005626,0.003535,0.001838,0.001977,-0.000331,0.002889,0.003931,0.003554,-0.000093,0.002839,-0.002692,0.029866,0.005986
234,0.030007,-0.000791,0.000626,0.000922,0.008561,-0.000146,-0.001422,-0.001190,0.012049,0.001275,0.001062,0.009142,0.002241
235,0.125638,0.027257,0.018210,0.020422,0.057203,0.018866,0.032353,0.021041,0.079178,0.014318,0.000162,0.046981,-0.005992
236,0.467059,0.028517,0.022103,0.024552,0.305654,0.023897,0.035410,0.028236,0.376734,0.016762,0.006250,0.226961,0.000565
237,0.067436,0.025074,0.019287,0.019533,0.035173,0.016821,0.026987,0.019563,0.045148,0.010751,0.003018,0.054265,-0.002976
238,0.105304,0.046787,0.036601,0.038346,0.049862,0.029802,0.054193,0.040083,0.067792,0.017334,0.002308,0.067300,-0.002295
239,0.018044,0.014289,0.008604,0.009231,0.020129,0.011113,0.019302,0.013879,0.021812,0.005241,0.004455,0.036523,-0.004382
240,0.029911,0.019226,0.013653,0.014382,0.015416,0.014599,0.023456,0.016771,0.021272,0.008102,0.002545,0.049114,-0.002027
241,0.160323,0.028991,0.020858,0.022363,0.074659,0.020466,0.035871,0.024622,0.100692,0.014401,0.000980,0.052212,-0.005100
242,0.062853,0.014287,0.009488,0.010018,0.027471,0.009288,0.016664,0.012587,0.030117,0.003637,-0.000280,0.024896,-0.001147
243,0.054378,0.003308,0.003896,0.004266,0.018688,0.002087,0.003184,0.002430,0.020118,0.002865,-0.001706,0.009948,0.001253
244,0.053203,0.007135,0.005111,0.005915,0.018618,0.005419,0.007999,0.005100,0.021918,0.006148,-0.000356,0.009265,0.000514
245,-0.103671,-0.000431,-0.002369,-0.001626,-0.042009,0.000139,0.002848,0.002911,-0.052295,-0.002031,0.004628,-0.017525,-0.001124
246,-0.134360,-0.003163,-0.001510,-0.001238,-0.053934,-0.002915,-0.001836,-0.001085,-0.061994,-0.002546,0.005757,0.000038,-0.001533
247,-0.171042,0.003042,0.007259,0.009336,-0.067382,-0.000863,0.004557,0.006545,-0.077288,0.001271,0.022031,0.007156,-0.003307
248,-0.114549,-0.002820,-0.005623,-0.004188,-0.048027,-0.000382,0.001677,0.001270,-0.053947,0.001686,0.006350,-0.023548,-0.001999
249,-0.010566,0.003621,0.003752,0.003556,-0.004540,0.002080,0.002444,0.002538,-0.005464,-0.000164,0.000299,0.015812,0.004456
250,-0.151711,-0.000547,-0.001134,0.000607,-0.055815,-0.001633,0.002011,0.003121,-0.065450,-0.000233,0.013441,-0.015171,-0.003405
251,-0.147761,-0.002602,-0.002390,-0.000986,-0.056248,-0.002600,0.000186,0.001488,-0.064835,-0.001249,0.011184,-0.012179,-0.003103
252,-0.040231,0.001979,0.002526,0.002161,-0.016024,0.000133,0.000182,0.000215,-0.017728,-0.001009,0.002195,0.016639,0.003495
253,0.202595,0.002605,0.006611,0.005719,0.127323,-0.000374,-0.002520,-0.000680,0.163744,0.002715,0.001423,0.048064,0.000980
254,-0.027503,0.000510,0.001300,0.001507,-0.015152,0.000804,0.001127,0.001386,-0.014741,0.001705,0.005338,-0.004949,-0.001602
255,-0.009394,0.005116,0.003626,0.003947,-0.003710,0.003991,0.006635,0.005240,-0.004362,0.002870,0.002415,0.004284,-0.000373
256,0.003426,0.005976,0.003333,0.003788,0.000801,0.003762,0.006452,0.004750,0.000053,0.004386,0.001155,0.012017,0.001543
257,0.075545,0.001207,0.000867,0.000476,0.038376,0.000267,0.000606,0.000328,0.042711,0.001025,0.000603,0.023280,0.000559
258,-0.006797,0.006103,0.008048,0.007330,-0.009721,0.001183,0.001022,0.001582,-0.007680,0.000892,0.001538,0.016184,0.003255
259,-0.049291,-0.006712,-0.004002,-0.004274,-0.023942,-0.005235,-0.008533,-0.005218,-0.028966,-0.001048,0.000060,-0.029242,0.001380
260,0.036738,0.015995,0.011371,0.011627,0.017069,0.009140,0.015179,0.011118,0.026944,0.005661,0.004092,0.047560,0.001533
261,0.083794,0.026887,0.019762,0.019782,0.037790,0.015861,0.027180,0.020750,0.047089,0.012043,0.007847,0.057617,-0.002421
262,-0.032371,0.004372,0.002378,0.003314,-0.016098,0.003125,0.005431,0.003739,-0.013232,0.002484,0.003072,0.009675,0.004084
263,0.040767,0.018252,0.017473,0.018427,0.034884,0.016217,0.016229,0.015221,0.038967,0.011396,-0.004028,-0.004957,-0.004430
264,-0.016610,-0.000213,-0.001810,-0.000879,-0.006520,0.000932,0.003281,0.001875,0.000494,0.000298,0.004414,0.015228,-0.000574
265,-0.005783,-0.000566,-0.001073,-0.000967,-0.002754,-0.000457,-0.000240,0.000269,-0.003777,0.000166,0.002318,-0.003205,0.001011
266,-0.047153,0.000385,0.000258,0.001610,-0.022373,0.000849,0.002671,0.001715,-0.017988,0.000405,0.004617,0.026275,0.002270
267,-0.014052,0.000051,0.000561,0.000478,-0.004263,0.000556,0.000670,0.000767,-0.006582,0.000078,0.002138,-0.006138,0.000658
268,-0.021185,0.001559,0.000365,0.001450,-0.012604,0.001838,0.004006,0.002144,-0.008171,0.000549,0.002002,0.014373,0.003209
269,-0.025267,-0.001569,-0.004052,-0.003491,-0.007899,-0.000889,-0.001102,-0.000875,-0.011151,0.000881,0.004756,0.006856,0.000576
270,0.037405,0.006783,0.001838,0.001841,0.018605,0.002285,0.004514,0.002854,0.017713,0.000758,-0.001092,-0.010429,-0.003169
271,-0.018513,-0.001801,0.001844,0.001387,-0.005576,-0.000772,-0.001692,-0.000953,-0.007790,-0.002490,-0.000393,-0.000049,0.001485
272,0.047584,0.009030,0.010067,0.009901,0.034285,0.006103,0.006965,0.006915,0.033784,0.007600,0.000054,0.008936,0.000071
273,0.009011,0.005133,0.004185,0.004156,0.006182,0.002899,0.003634,0.003280,0.006731,0.003948,0.002112,0.005054,0.001793
274,-0.013617,0.004485,0.002391,0.002809,-0.007203,0.002395,0.004805,0.003457,-0.007531,0.002115,0.001599,-0.014166,-0.002460
275,0.011090,-0.003408,0.004904,0.003689,0.006435,-0.002762,-0.005076,-0.002844,0.013203,0.001958,-0.002574,-0.010161,0.000702
276,-0.038691,-0.001216,-0.002482,-0.002207,-0.015420,-0.000008,0.001063,0.001185,-0.015606,0.000422,0.001519,-0.003659,0.000983
277,0.012526,-0.000180,0.002117,0.002037,0.004198,-0.000800,-0.001668,-0.001082,0.005360,0.000195,-0.001626,-0.008204,0.001238
278,0.041205,0.021369,0.012116,0.012845,0.021254,0.012615,0.020093,0.015082,0.023873,0.009714,0.001020,0.015539,0.000570
279,0.034082,0.010992,0.005206,0.005283,0.018098,0.006932,0.011249,0.007785,0.018403,0.005097,-0.000108,0.001423,-0.000674
280,-0.036939,-0.000987,-0.000660,-0.000510,-0.015471,0.000548,0.001075,0.001200,-0.016100,-0.000868,0.000891,-0.009820,-0.001144
281,0.003294,0.000645,0.000930,0.000645,0.002121,-0.000284,-0.000655,0.000110,0.002560,0.001717,0.000259,0.008806,0.001722
282,-0.003276,0.000925,-0.000342,-0.000123,0.000770,0.000503,0.000385,0.001261,0.000450,0.001357,-0.001079,-0.001543,-0.000362
283,0.003956,0.002712,0.001377,0.001685,-0.000451,0.001794,0.002432,0.001053,0.003275,0.003263,0.002002,0.013823,0.001118
284,-0.012337,-0.002881,-0.003232,-0.002900,-0.003464,-0.001527,-0.004452,-0.003518,-0.002270,0.001719,0.000545,0.026226,0.006758
285,0.010069,-0.001857,-0.002217,-0.002290,0.010558,-0.001206,-0.002555,-0.001390,0.009182,-0.001694,0.001237,-0.004570,-0.001030
286,0.007148,-0.003386,-0.001287,-0.001313,0.003532,-0.002234,-0.003726,-0.002644,0.004500,-0.002277,0.000797,0.007448,0.001472
287,0.012518,0.002793,0.001069,0.001034,0.007167,0.001557,0.002716,0.001917,0.008889,0.001197,0.000471,0.007238,0.000235
288,0.012499,-0.000044,0.000194,0.000404,0.003091,0.000291,-0.000142,-0.000953,0.007858,0.000799,0.000439,0.016110,0.001437
289,0.000336,-0.000704,0.000153,0.000514,0.001270,0.000298,-0.000365,-0.000082,-0.000229,0.000372,0.000016,-0.005499,-0.000786
290,0.008714,0.002077,0.001475,0.001431,0.004012,0.000448,0.000778,0.000387,0.004680,0.001065,-0.000635,-0.000823,-0.001159
291,0.005124,0.001156,0.001593,0.001519,0.001622,0.000260,0.000786,0.000511,0.002336,0.000462,0.000630,0.002290,0.000365
292,0.011411,0.010992,0.011892,0.012506,0.009455,0.009082,0.013738,0.015292,0.010879,0.006852,0.001787,0.011861,0.002342
293,-0.005197,0.000389,-0.000197,0.000018,-0.002875,0.000703,0.001265,0.001538,-0.002130,-0.000163,0.001211,-0.006052,-0.000863
294,-0.001621,-0.004610,-0.003016,-0.003184,-0.001123,-0.002707,-0.004180,-0.002837,0.000025,-0.002122,-0.000587,-0.002614,-0.000304
295,-0.014363,0.002366,0.002080,0.002191,-0.005683,0.000783,-0.000044,0.000032,-0.008058,0.001348,-0.000958,-0.006464,0.000680
296,0.014954,0.005275,0.004539,0.004256,0.011011,0.002817,0.003543,0.003067,0.012461,0.002715,0.001632,0.010673,0.000736
297,0.006307,0.000773,0.000726,0.000896,0.004061,0.000780,0.001315,0.001122,0.004087,0.000701,0.000950,0.010255,0.001307
298,0.000823,0.001772,-0.000045,0.000319,0.001863,0.000908,0.001836,0.001384,0.002439,0.000240,0.000768,0.001666,-0.000058
299,0.004958,-0.000235,-0.000073,-0.000179,0.002180,-0.000487,-0.000516,-0.000407,0.003649,-0.000537,-0.000580,-0.007344,-0.001297
300,-0.015689,-0.004257,-0.002701,-0.002532,-0.006881,-0.001982,-0.002999,-0.001813,-0.006484,-0.002634,0.001200,0.009569,0.002526
301,-0.019364,-0.004367,-0.003467,-0.003296,-0.007406,-0.002714,-0.004396,-0.003121,-0.008169,-0.002473,0.000249,0.008197,0.003100
302,-0.020487,-0.003484,-0.002347,-0.002147,-0.009278,-0.001618,-0.002394,-0.001138,-0.010842,-0.002459,0.001411,-0.012336,0.000125
303,-0.017911,-0.002998,-0.002821,-0.002361,-0.007724,-0.000500,-0.001141,0.000274,-0.007452,-0.001315,0.000952,-0.016365,-0.001205
304,-0.007821,0.000256,-0.000038,0.000158,-0.002900,0.000543,0.001129,0.001594,-0.002507,-0.000652,0.001319,-0.015580,-0.001036
305,-0.016718,-0.002309,-0.002126,-0.002223,-0.006235,-0.001341,-0.001673,-0.001223,-0.006674,-0.001899,0.000672,0.015022,0.002686
306,-0.002845,-0.000341,-0.000789,-0.000711,0.000489,0.000070,0.000460,0.000577,-0.000035,-0.000474,0.001406,-0.008336,-0.000682
307,0.008768,-0.000174,0.000709,0.000639,0.004721,-0.000534,-0.001037,-0.000637,0.006223,-0.000969,-0.000009,0.000896,-0.000764
308,0.013826,-0.000345,-0.000422,-0.000330,0.008475,0.000148,-0.000238,0.000094,0.009061,-0.000285,0.000710,0.003088,0.000009
309,0.016500,-0.000798,0.000238,0.000271,0.008639,-0.000605,-0.001558,-0.001092,0.008978,-0.000553,0.000347,-0.002393,-0.001004
310,0.023695,0.001295,0.001259,0.001464,0.011814,0.000997,0.000093,-0.000334,0.016760,0.002224,-0.000222,0.018717,0.001608
311,0.027574,0.003080,0.002556,0.002720,0.012891,0.002139,0.001765,0.000943,0.018014,0.003620,-0.000353,0.013064,0.000956
312,0.013257,0.000066,0.000620,0.000726,0.008280,0.000074,-0.000793,0.000129,0.007855,-0.000264,0.001462,-0.000771,-0.000476
313,0.030330,0.003098,0.001900,0.002122,0.014712,0.002306,0.002358,0.001543,0.019725,0.003426,-0.000160,0.014153,0.000551
314,0.027673,0.003088,0.002518,0.002812,0.012474,0.002373,0.002296,0.001458,0.016949,0.003504,0.000805,0.024835,0.003122
315,-0.002283,0.002358,-0.000058,0.000152,0.000270,0.001631,0.003031,0.002401,0.001347,0.001136,0.000097,0.003119,0.000338
316,-0.002679,0.002195,0.000816,0.000952,-0.000992,0.001559,0.003016,0.001996,-0.000728,0.000792,0.000310,0.003322,0.000126
317,-0.003196,0.005691,0.003373,0.003798,-0.000603,0.003898,0.006822,0.005265,-0.000195,0.002367,0.000160,-0.002140,-0.001740
318,0.004268,0.002294,0.001757,0.001687,0.001414,0.001100,0.001534,0.001555,0.001887,0.000177,0.000236,-0.003001,-0.001184
319,-0.012316,-0.006367,-0.005269,-0.005028,-0.002687,-0.002669,-0.004843,-0.003090,-0.003704,-0.002090,0.001728,0.001876,0.002361
320,0.009886,0.009326,0.006412,0.007074,0.005215,0.006334,0.010316,0.008086,0.005809,0.003973,0.000378,-0.002083,-0.002069
321,-0.008531,-0.002788,-0.002193,-0.002215,-0.003699,-0.001294,-0.001869,-0.001353,-0.004836,-0.001467,-0.000455,-0.004901,0.000337
322,0.002308,0.000284,0.000173,0.000141,0.000806,0.000241,0.000699,0.000274,0.000286,0.000368,0.000231,-0.001452,-0.000056
323,-0.010174,-0.002300,-0.001540,-0.001685,-0.005432,-0.001354,-0.001874,-0.001529,-0.006005,-0.001533,-0.000405,-0.004540,0.000059
324,0.010582,-0.002619,-0.001744,-0.001722,0.005928,-0.001592,-0.002770,-0.001883,0.006963,-0.001120,0.000454,0.000591,0.000297
325,0.009312,0.002927,0.001034,0.001063,0.004773,0.001616,0.002688,0.001914,0.006872,0.001964,0.000491,0.003081,0.000276
326,0.011841,0.000586,0.000346,0.000287,0.005225,0.000156,0.000267,0.000135,0.006662,0.000532,0.000612,0.004761,0.000683
327,-0.003053,-0.002639,-0.002193,-0.002065,-0.000809,-0.000412,-0.000810,-0.000555,-0.001381,-0.000503,-0.000073,0.008744,0.001336
328,0.011998,0.008662,0.005777,0.006435,0.005395,0.005551,0.008597,0.006761,0.005685,0.004068,0.000846,-0.005637,-0.002294
329,0.006049,0.005171,0.002972,0.003286,0.001883,0.003212,0.004861,0.003996,0.002624,0.003334,0.001045,-0.001217,-0.001313
330,0.010400,0.000678,0.000668,0.000635,0.006400,0.001079,0.001519,0.001462,0.008312,0.000949,-0.000003,0.006894,0.000856
331,0.008770,0.001324,0.001215,0.001493,0.003145,0.000700,0.000895,0.000922,0.004806,0.000280,0.000570,-0.003584,-0.001899
332,0.019910,0.004189,0.003654,0.003655,0.010949,0.002524,0.004218,0.003264,0.014074,0.002486,-0.000666,0.008294,0.000585
333,0.013128,0.006641,0.005546,0.005729,0.006931,0.004499,0.007322,0.005919,0.009021,0.003165,0.000325,0.008932,0.000194
334,0.010775,0.004649,0.003471,0.003559,0.004932,0.003059,0.004446,0.003681,0.006957,0.002767,-0.000145,0.000519,-0.000237
335,0.003940,0.002563,0.000447,0.000706,0.002236,0.001706,0.003074,0.002232,0.003215,0.001555,0.000156,-0.002726,-0.000944
336,-0.004385,-0.000254,-0.000514,-0.000390,-0.001815,-0.000066,0.000055,0.000218,-0.001947,-0.000404,0.000353,-0.004877,-0.000954
337,0.004879,0.001225,0.000786,0.000891,0.002265,0.000853,0.001252,0.000862,0.003621,0.000694,-0.000115,0.004975,0.000868
338,0.006582,0.002804,0.001588,0.001510,0.002549,0.001216,0.001798,0.001419,0.003172,0.001321,0.000700,0.002792,0.000101
339,0.008693,0.003447,0.002294,0.002507,0.004985,0.002543,0.004363,0.003243,0.006085,0.001971,0.000395,0.007706,0.000605
340,0.005066,0.001701,0.000044,0.000193,0.002962,0.001590,0.002745,0.002042,0.003640,0.001502,0.001075,0.003947,0.000530
341,0.000167,0.002627,0.001705,0.002007,-0.000033,0.002027,0.003597,0.002579,0.001025,0.001046,0.000223,0.006537,0.000061
342,0.004229,0.002661,0.000630,0.001005,0.003539,0.002523,0.004474,0.005118,0.009114,0.002189,0.000746,0.009716,0.001150
343,0.023017,0.005090,0.002026,0.002554,0.021339,0.005920,0.009578,0.010713,0.046910,0.004687,0.002148,-0.006459,0.004078
344,0.064453,0.008115,0.004137,0.004154,0.048611,0.009405,0.011322,0.015090,0.103321,0.008354,0.001933,0.075926,0.003624
345,0.042632,0.007174,0.003141,0.003578,0.031112,0.007486,0.010710,0.013042,0.062622,0.006257,0.002283,-0.020526,0.004604
346,0.013483,0.003541,0.001956,0.002368,0.010382,0.003751,0.004565,0.006856,0.019349,0.003573,0.000772,0.014861,0.001327
347,-0.008503,0.002540,0.001292,0.001657,-0.003760,0.002340,0.003311,0.004126,-0.008480,0.001649,0.000503,-0.000165,0.000729
348,0.008171,0.006507,0.002278,0.002590,0.003797,0.006041,0.007581,0.009426,0.012854,0.006488,0.001550,0.003318,0.002578
349,0.031472,0.006995,0.003439,0.003801,0.021997,0.006939,0.009117,0.011659,0.047911,0.006415,0.001231,-0.000958,0.002374
350,0.003840,-0.001887,-0.000054,0.000053,0.006694,-0.001964,-0.001516,-0.003435,0.013080,-0.002557,-0.000459,-0.008922,-0.001025
351,-0.009188,0.001010,0.000651,0.000640,-0.008421,0.000955,0.000060,0.000175,-0.015179,0.001468,0.000337,0.036531,0.000942
352,0.003306,0.002326,0.001673,0.001955,0.001136,0.002355,0.002357,0.003790,0.001193,0.002236,0.000509,-0.005160,0.001180
353,0.031487,0.007094,0.002392,0.002407,0.020143,0.006353,0.007092,0.011106,0.046523,0.007032,0.001303,0.036860,0.002522
354,-0.012876,0.006550,0.003394,0.003600,-0.010244,0.006800,0.007641,0.010488,-0.016231,0.007005,0.001433,0.005826,0.002105
355,-0.009022,0.039511,0.017417,0.020993,-0.005916,0.050121,0.060530,0.088991,-0.000656,0.035934,0.006090,0.163274,0.009060
356,-0.004989,0.000681,0.000580,0.000656,-0.004898,0.000434,0.000472,0.000671,-0.008974,0.000105,-0.000052,0.044736,0.000179
357,-0.034908,-0.000348,0.000600,0.000588,-0.023672,-0.000457,-0.001355,-0.002255,-0.045824,-0.000209,0.000014,0.074655,0.000139
358,-0.043349,-0.005714,0.000177,0.000099,-0.025104,-0.005798,-0.007096,-0.009454,-0.051852,-0.006366,-0.001057,-0.032835,-0.001937
359,-0.043458,0.002560,0.001950,0.002329,-0.027271,0.003174,0.003301,0.002890,-0.055208,0.003079,0.000906,-0.004700,0.000967
360,0.026145,0.007782,0.004189,0.004953,0.018013,0.008678,0.012141,0.014899,0.045860,0.006048,0.001030,-0.029699,0.001761
361,-0.026469,0.006657,0.002974,0.003761,-0.018030,0.006781,0.008510,0.009779,-0.037437,0.005939,0.000670,0.032495,0.000627
362,-0.008078,0.003358,0.002233,0.002860,-0.003794,0.004437,0.005427,0.007507,-0.007682,0.002725,0.000697,0.060371,0.001169
363,-0.014093,0.009166,0.003230,0.004026,-0.011287,0.009573,0.011643,0.014139,-0.022046,0.009103,0.001625,0.061933,0.002572
364,0.010795,0.003637,0.003133,0.003399,0.023165,0.003594,0.003589,0.006237,0.044441,0.002535,0.000417,0.007230,0.000955
365,0.006199,0.001453,0.000997,0.001071,0.005562,0.000415,0.000435,0.001151,0.009828,0.000647,0.000258,-0.039872,0.000706
366,-0.030896,-0.001509,0.002246,0.002656,-0.018711,-0.001686,-0.002110,-0.003547,-0.040647,-0.002726,-0.000660,-0.089720,-0.001568
367,-0.001108,0.000499,0.000657,0.000713,-0.003006,0.000038,0.000007,-0.000296,-0.005668,-0.000163,-0.000001,0.065572,0.000156
368,0.015291,0.007873,0.006564,0.006461,0.008548,0.009361,0.012997,0.016735,0.041256,0.009507,0.005759,0.221689,0.013070
369,0.018379,-0.001399,-0.001226,-0.001460,0.015920,-0.001749,-0.001495,-0.002612,0.034301,-0.001332,-0.000299,0.004246,-0.000194
370,0.002655,0.002033,0.000774,0.000949,0.004094,0.002379,0.003079,0.003794,0.011998,0.001416,0.000183,-0.004113,0.000451
371,-0.014626,-0.000362,0.000229,0.000198,-0.009396,-0.000628,-0.000481,-0.001193,-0.015994,-0.001330,-0.000379,0.075056,-0.000883
372,0.002289,-0.000299,-0.000315,-0.000220,0.002751,-0.000065,-0.000605,-0.000509,0.004501,-0.000218,-0.000088,0.088419,0.000182
373,-0.013696,0.005992,0.003364,0.003523,-0.007077,0.005968,0.006534,0.009054,-0.012851,0.005804,0.000993,0.030852,0.001303
374,0.055190,0.007034,0.002609,0.002486,0.052002,0.004809,0.006538,0.009523,0.104876,0.004636,0.002828,0.505724,0.005894
375,-0.009274,0.004869,0.002387,0.002580,-0.003440,0.003683,0.004365,0.007069,-0.008534,0.003693,0.002723,0.070092,0.004900
376,0.007822,0.000537,0.000540,0.000801,0.009028,0.001334,0.001786,0.001491,0.018392,0.000108,-0.000295,-0.039294,-0.000393
377,0.008876,0.002899,0.002792,0.003077,0.010036,0.003172,0.004778,0.005291,0.019538,0.002062,0.000499,-0.010077,0.000948
378,0.006793,0.003855,0.003222,0.003454,0.005907,0.003042,0.003400,0.006003,0.010858,0.003110,0.000573,0.072538,0.002416
379,-0.008422,-0.000451,0.001438,0.001711,-0.004600,-0.000169,-0.000894,-0.000377,-0.009502,-0.001122,0.000006,0.017127,0.000249
380,-0.016879,0.008867,0.004176,0.004834,-0.011083,0.008911,0.010967,0.013245,-0.021559,0.008827,0.001679,0.052628,0.002450
381,-0.004957,0.000998,0.001079,0.001209,0.000232,0.000917,0.000315,0.000651,-0.003859,0.000905,0.000053,0.010642,0.000322
382,0.008613,0.001033,0.000611,0.000695,0.004985,0.001192,0.001251,0.002098,0.008715,0.001414,0.000003,0.013182,0.000574
383,0.009063,0.000091,0.002007,0.002184,0.011115,-0.000293,0.000318,-0.001155,0.016934,-0.000665,0.000110,-0.078486,0.000284
384,-0.015178,-0.000081,0.001977,0.002069,-0.009250,-0.000163,-0.000237,-0.001572,-0.016188,-0.000342,-0.000233,-0.036388,-0.000579
385,0.021427,-0.000120,-0.000830,-0.000893,0.016145,-0.000830,-0.001787,-0.001748,0.031867,0.000042,-0.000080,0.007268,0.000491
386,-0.021111,0.002494,0.001926,0.002064,-0.013842,0.002407,0.002481,0.002758,-0.025248,0.002848,0.001209,-0.029419,0.001770
387,-0.014563,-0.002608,0.001567,0.001318,-0.006944,0.000703,0.000180,0.001044,-0.014973,-0.000255,-0.001319,-0.020456,-0.002873
388,-0.005691,-0.004215,0.001319,0.001569,-0.005320,-0.004476,-0.008100,-0.010237,-0.016103,-0.005507,-0.000869,0.018584,-0.001153
389,-0.005926,-0.003200,-0.000271,-0.000397,-0.004199,-0.002632,-0.003858,-0.005551,-0.005468,-0.002345,0.000604,-0.046197,0.001673
390,-0.003161,0.000448,0.000904,0.001096,-0.004688,0.000554,0.001446,0.000010,-0.008739,0.000013,-0.000221,-0.054181,-0.000813
391,0.023780,0.005207,0.003122,0.003219,0.018111,0.005200,0.006258,0.006702,0.042675,0.004519,0.002049,-0.044564,0.003934
392,-0.024351,-0.003850,-0.001597,-0.001718,-0.017033,-0.002827,-0.005000,-0.006657,-0.030587,-0.001939,0.000793,-0.074366,0.001427
393,0.030311,0.032874,0.014909,0.017758,0.022430,0.046423,0.056950,0.084035,0.056161,0.032865,0.007386,0.170428,0.013615
394,0.013476,-0.009293,-0.003325,-0.003922,0.006753,-0.008869,-0.013676,-0.015586,0.012512,-0.007449,-0.000528,0.030941,0.000399
395,-0.014251,-0.010525,-0.003629,-0.004333,-0.009263,-0.010357,-0.015429,-0.017893,-0.021103,-0.008736,-0.001019,-0.060152,-0.001053
396,0.018269,-0.001872,-0.001750,-0.001818,0.003505,-0.001852,-0.004685,-0.006621,0.003739,0.000147,0.002046,-0.035817,0.004131
397,0.032971,-0.004382,-0.002422,-0.002811,0.017546,-0.004944,-0.008793,-0.009625,0.033887,-0.002065,0.000103,-0.135566,0.001415
398,0.013442,-0.007244,-0.003663,-0.003775,0.007071,-0.006769,-0.011185,-0.012632,0.007738,-0.004876,-0.000222,-0.078404,0.001014
399,-0.020489,-0.006154,0.000303,0.000009,-0.012388,-0.006544,-0.011004,-0.013446,-0.028390,-0.005497,-0.000620,-0.085166,-0.000761
400,-0.017328,-0.009365,-0.002465,-0.002797,-0.010931,-0.008662,-0.013254,-0.015858,-0.025933,-0.007582,-0.000740,-0.061122,-0.000701
401,-0.011803,-0.007702,-0.002167,-0.002634,-0.008710,-0.008081,-0.012640,-0.014748,-0.021117,-0.006197,-0.000986,-0.074725,-0.001076
402,-0.018837,-0.000302,0.001403,0.001330,-0.014339,-0.001358,-0.003216,-0.004029,-0.028441,0.000973,0.000523,-0.101748,0.000879
403,0.010231,0.002281,0.002234,0.002443,0.009295,0.001954,0.001714,0.002732,0.016042,0.000985,0.000626,0.079631,0.001398
404,-0.002593,0.007940,0.004795,0.004895,-0.002267,0.007705,0.008526,0.010574,-0.002596,0.008216,0.002945,0.041178,0.005133
405,0.016622,0.003398,0.001746,0.001967,0.015359,0.003692,0.003830,0.005639,0.028632,0.003252,0.000749,0.034282,0.001806
406,-0.009254,0.001451,0.002714,0.002825,-0.011698,0.003400,0.005170,0.007744,-0.010915,0.003400,0.001311,0.116244,0.002435
407,0.016964,0.006655,0.003391,0.003759,0.013154,0.007108,0.009963,0.012097,0.030873,0.006065,0.001220,0.055618,0.002170
408,-0.010479,-0.000272,0.001838,0.001695,-0.004696,-0.000253,-0.000493,-0.000924,-0.012395,0.000272,0.000153,-0.047563,0.000075
409,-0.021923,-0.004266,-0.000226,-0.000545,-0.015340,-0.004910,-0.006066,-0.008388,-0.030121,-0.004100,-0.001081,0.066787,-0.002017
410,-0.017855,-0.003857,0.000677,0.000422,-0.009810,-0.003795,-0.005029,-0.006537,-0.023133,-0.003650,-0.000565,-0.004788,-0.001062
411,0.032148,-0.001119,-0.000542,-0.000918,0.025876,-0.002449,-0.002286,-0.002886,0.051993,-0.001328,0.000038,-0.057358,0.000671
412,-0.023264,-0.000823,0.003325,0.003734,-0.013377,-0.001040,-0.002105,-0.003349,-0.032104,-0.001886,-0.000657,-0.120212,-0.001316
413,0.028017,0.000540,0.000011,-0.000145,0.021036,0.000354,0.001047,0.001038,0.042406,0.000792,0.000461,0.028048,0.000946
414,0.001967,0.008251,0.004071,0.004708,0.004583,0.010106,0.013669,0.017227,0.015727,0.007697,0.001781,-0.012488,0.002871
415,0.008529,0.095058,0.043694,0.051581,0.008565,0.158829,0.184677,0.324064,0.027272,0.105629,0.025822,0.266100,0.051890
416,-0.008725,0.007420,0.005372,0.004939,-0.001293,0.005996,0.008348,0.009753,-0.002374,0.007583,0.001436,0.012502,0.002063
417,0.007032,0.001669,0.000606,0.000288,0.007234,0.000837,0.001317,0.002684,0.017019,0.001920,0.000762,-0.006083,0.001637
418,-0.006683,-0.000190,0.001137,0.000521,0.005890,-0.000006,0.001542,0.001020,0.013861,0.001406,0.000171,0.006212,0.000020
419,0.017217,0.001716,0.004136,0.004304,0.010028,-0.000941,-0.003833,-0.004278,0.012307,-0.002068,-0.001227,0.013601,-0.001690
420,0.018796,-0.005507,-0.002686,-0.002336,0.003864,-0.005669,-0.010088,-0.009390,-0.002296,-0.005902,-0.000511,0.053085,0.000894
421,0.020463,-0.004354,-0.000813,-0.000578,0.002251,-0.006135,-0.010427,-0.010521,-0.003698,-0.006505,-0.000640,0.039911,0.000181
422,0.042211,-0.004322,-0.000872,-0.000839,0.014361,-0.004496,-0.006914,-0.006802,0.024407,-0.004563,0.001006,0.233081,0.003697
423,0.047276,-0.005439,-0.001395,-0.001277,0.021671,-0.005827,-0.009925,-0.009984,0.036301,-0.005974,-0.000366,0.115447,0.001078
424,0.052295,0.028070,0.022926,0.024382,0.084226,0.062555,0.096859,0.097559,0.197116,0.039572,0.018388,2.305101,0.033081
425,-0.098128,0.003370,0.006095,0.006470,-0.055051,0.001918,0.005814,0.001786,-0.106843,0.002705,0.000666,-0.115673,-0.000944
426,0.016683,-0.006668,-0.000603,-0.000701,0.005276,-0.007969,-0.011762,-0.013428,0.002820,-0.007727,-0.001454,0.005949,-0.001801
427,-0.007104,-0.008235,-0.003664,-0.003246,-0.011069,-0.007155,-0.011301,-0.011720,-0.027173,-0.007905,-0.000456,0.034260,0.000095
428,-0.007174,-0.005444,-0.003589,-0.003038,-0.009237,-0.004547,-0.008146,-0.007670,-0.022419,-0.004561,-0.000484,-0.020002,-0.000332
429,-0.005468,-0.006394,-0.005653,-0.004729,-0.005194,-0.004497,-0.009020,-0.007529,-0.019480,-0.004537,0.001042,0.081119,0.003578
430,0.033205,-0.004685,0.000387,0.000668,0.011737,-0.006942,-0.009688,-0.011049,0.014875,-0.007401,-0.001369,0.122111,-0.000964
431,0.025847,-0.008103,-0.003005,-0.003354,0.012229,-0.008813,-0.013624,-0.014927,0.015127,-0.008850,-0.000294,0.104496,0.001486
432,0.031568,-0.006139,-0.001884,-0.002030,0.015543,-0.007315,-0.011008,-0.012021,0.021747,-0.006661,-0.000625,0.060842,0.000548
433,0.008240,-0.005497,0.000828,0.001192,0.000367,-0.006795,-0.010607,-0.011216,-0.008365,-0.006973,-0.001194,0.093849,-0.000950
434,0.029980,-0.005898,-0.000164,0.000190,0.012261,-0.007842,-0.011456,-0.012986,0.014708,-0.008118,-0.001461,0.078238,-0.000666
435,0.041882,-0.003175,0.002131,0.002700,0.020450,-0.005519,-0.009414,-0.010375,0.030022,-0.006658,-0.000883,0.031246,0.000513
436,0.032149,-0.005778,0.001323,0.002338,0.005815,-0.009627,-0.014343,-0.017961,0.018750,-0.009172,-0.002255,0.151909,-0.002187
437,0.010362,-0.007027,-0.001644,-0.001210,-0.004480,-0.009221,-0.013519,-0.015924,-0.015708,-0.008775,-0.000278,0.054513,0.001611
438,0.028879,-0.006577,0.001445,0.002402,0.003476,-0.010063,-0.015155,-0.018068,0.009910,-0.010066,-0.001836,0.097267,-0.000974
439,0.028715,-0.007272,0.000857,0.001885,0.006219,-0.010318,-0.014614,-0.018562,0.019236,-0.011380,-0.001748,0.161654,-0.000632
440,0.013229,-0.009987,-0.003177,-0.002740,-0.001244,-0.011313,-0.015135,-0.017945,-0.005921,-0.011108,-0.000302,0.076962,0.002029
441,-0.008142,-0.006507,-0.001700,-0.002888,-0.001433,-0.006139,-0.007171,-0.008986,0.003891,-0.005914,-0.001373,0.018870,-0.002655
442,-0.011605,-0.010480,-0.002406,-0.003256,-0.013493,-0.011811,-0.014643,-0.017931,-0.022142,-0.011160,-0.001184,0.153028,-0.001507
443,0.034659,-0.006693,0.000653,0.001425,0.008759,-0.009785,-0.013868,-0.018004,0.033379,-0.010129,-0.002053,0.218557,-0.001580
444,0.020131,-0.005826,0.000798,0.001294,-0.001163,-0.008924,-0.012925,-0.015888,0.007245,-0.009070,-0.001721,0.130770,-0.002036
445,0.019065,-0.007917,0.001370,0.002201,0.001142,-0.010373,-0.014850,-0.018578,0.009166,-0.011597,-0.002114,0.199651,-0.002035
446,0.046618,-0.005995,0.000644,0.001507,0.017604,-0.009301,-0.013173,-0.017656,0.053153,-0.009688,-0.002520,0.195407,-0.002456
447,0.044034,-0.007228,-0.000917,-0.000201,0.015043,-0.009713,-0.013634,-0.017876,0.046432,-0.009418,-0.002307,0.194588,-0.001930
448,0.042644,-0.006294,0.001903,0.003073,0.013643,-0.009304,-0.013425,-0.017849,0.043939,-0.010660,-0.003544,0.382418,-0.004040
449,0.042546,-0.006780,0.000243,0.001247,0.014952,-0.009432,-0.013340,-0.017874,0.046970,-0.009983,-0.002656,0.229135,-0.002390
450,0.121304,-0.002078,-0.000107,0.000437,0.054328,-0.008736,-0.012782,-0.017938,0.117395,-0.009586,-0.001373,0.005587,-0.000014
451,0.031175,-0.007422,0.000990,0.002076,0.010033,-0.009419,-0.013581,-0.017777,0.033778,-0.011144,-0.002314,0.212060,-0.001913
452,0.025093,-0.006623,0.000728,0.001863,0.002461,-0.008806,-0.012932,-0.016930,0.018566,-0.009989,-0.002107,0.211354,-0.001553
453,0.025037,-0.008642,-0.000393,0.000719,0.002823,-0.011042,-0.015195,-0.019394,0.013277,-0.011821,-0.002316,0.154257,-0.002030
454,0.038649,-0.009087,-0.002023,-0.001867,0.011329,-0.011677,-0.015584,-0.019671,0.028424,-0.011678,-0.000871,0.091151,0.000532
455,-0.031311,-0.006640,-0.001747,-0.001279,-0.024647,-0.007690,-0.009857,-0.011616,-0.060179,-0.006864,-0.000595,0.027287,-0.000866
456,-0.063660,-0.001664,0.002258,0.002309,-0.036791,-0.001428,-0.001262,-0.006464,-0.075631,-0.001352,0.000602,-0.053278,-0.000571
457,-0.003667,-0.009455,-0.001155,-0.000719,-0.009725,-0.011230,-0.014563,-0.017056,-0.024021,-0.011628,-0.002052,0.144101,-0.002741
458,-0.018399,0.000224,-0.002106,-0.000839,-0.014233,0.000046,0.000393,0.002587,-0.036330,-0.000651,0.000042,0.099940,0.000315
459,0.001514,-0.007064,-0.001031,-0.000636,-0.005562,-0.009014,-0.011407,-0.013311,-0.018273,-0.009575,-0.001193,0.159371,-0.001199
460,0.004089,-0.008025,-0.000183,-0.000729,-0.001956,-0.009771,-0.011559,-0.014343,-0.004687,-0.008998,-0.001413,0.142750,-0.001968
461,0.003681,-0.007440,-0.000905,-0.001722,0.001019,-0.008953,-0.010920,-0.013604,0.000125,-0.007470,-0.001202,0.114528,-0.002211
462,0.008364,-0.005185,0.001629,0.001033,0.005856,-0.007525,-0.009943,-0.012600,0.004287,-0.006090,-0.000885,0.060501,-0.001099
463,-0.020417,-0.007718,0.000427,-0.000505,-0.015111,-0.008342,-0.009805,-0.012020,-0.029528,-0.008307,-0.000611,0.214295,-0.001035
464,-0.010435,-0.006920,-0.000809,-0.001986,-0.007335,-0.007573,-0.008248,-0.011309,-0.011261,-0.006910,-0.000925,0.016936,-0.002109
465,-0.002254,-0.007171,-0.000726,-0.002006,-0.006726,-0.009491,-0.010620,-0.014024,-0.006803,-0.008070,-0.001290,0.038186,-0.002397
466,-0.017669,-0.004572,0.000487,-0.000128,-0.009716,-0.005578,-0.005737,-0.007988,-0.017741,-0.005033,-0.001103,0.042118,-0.002814
467,-0.024195,-0.006683,-0.000289,-0.001024,-0.014901,-0.007410,-0.009177,-0.011669,-0.033747,-0.006201,-0.001649,0.098598,-0.003640
468,-0.007312,-0.005601,-0.000588,-0.000939,0.001725,-0.004942,-0.005868,-0.007931,-0.001912,-0.005754,-0.000874,0.018093,-0.002250
469,-0.059072,0.001635,0.003128,0.003286,-0.035650,0.001339,0.001709,0.001048,-0.068491,0.002466,0.000179,0.047558,-0.000556
470,-0.052895,0.008315,0.005612,0.005491,-0.024348,0.013303,0.019160,0.021046,-0.032525,0.011267,0.005622,0.813819,0.011442
471,-0.007879,-0.000922,0.001722,0.001679,-0.005414,-0.001298,-0.001852,-0.003227,-0.013984,-0.002405,-0.000165,0.004321,-0.000674
472,-0.029447,-0.003230,-0.000023,-0.000175,-0.013301,-0.003334,-0.003852,-0.004779,-0.027068,-0.003965,0.000086,-0.004737,-0.000351
473,-0.014935,-0.001731,-0.000047,-0.000495,-0.006395,-0.002102,-0.002264,-0.003399,-0.014617,-0.001359,-0.000006,0.095990,0.000126
474,-0.006351,-0.001612,0.000120,-0.000256,-0.003312,-0.002318,-0.003316,-0.004186,-0.011428,-0.001326,-0.000281,0.039194,-0.000110
475,0.005127,0.000101,0.000871,0.000748,0.005557,-0.000725,-0.001485,-0.001680,0.007992,-0.000105,-0.000162,0.004590,-0.000287
476,-0.004776,-0.003195,-0.000535,-0.000666,-0.003814,-0.003618,-0.005263,-0.006102,-0.009097,-0.003723,-0.000208,0.115117,-0.000129
477,0.002789,0.002123,0.002897,0.003182,0.005314,0.003403,0.004893,0.005599,0.016287,0.001604,0.002321,0.020023,0.004721
478,-0.000644,0.002580,0.002523,0.002498,-0.001978,0.001784,0.001842,0.002092,-0.004927,0.002499,0.000191,-0.002596,0.000431
479,-0.014856,0.001307,0.001423,0.001419,-0.001118,0.002648,0.005120,0.004540,-0.001578,0.001968,0.000502,0.010070,0.000988
480,0.000765,0.001787,0.001154,0.001153,0.005632,0.002135,0.002779,0.003879,0.008436,0.002278,0.000241,0.000432,0.000775
481,0.014178,0.003770,0.001863,0.002001,0.014284,0.004202,0.004617,0.006243,0.028601,0.004155,0.000797,0.000400,0.001448
482,-0.033137,-0.000733,0.001168,0.000835,-0.017882,-0.001800,-0.002367,-0.002574,-0.034439,-0.002618,0.000781,-0.038112,0.000567
483,-0.017166,0.003640,0.003090,0.003209,-0.014685,0.002735,0.002203,0.001762,-0.032963,0.003716,0.000364,0.021017,0.000020
484,-0.028548,-0.002946,0.000504,0.000775,-0.013393,-0.002699,-0.002815,-0.004004,-0.032087,-0.005083,-0.001086,-0.025780,-0.002546
485,-0.040761,0.003687,0.003244,0.003977,-0.030032,0.002332,0.003743,0.003018,-0.060292,0.002722,0.000555,0.047157,-0.000050
486,-0.011188,0.001302,0.000744,0.001410,-0.002038,0.001600,0.002253,0.003116,-0.012214,-0.000126,-0.000079,-0.004953,-0.000464
487,-0.012498,0.004427,0.002873,0.003230,-0.008050,0.003939,0.004354,0.004322,-0.023176,0.005461,0.001069,0.073987,0.001886
488,-0.012377,-0.000740,0.000845,0.001059,-0.005957,-0.000545,-0.000812,-0.001776,-0.019000,-0.001144,-0.000789,-0.001913,-0.001608
489,-0.049395,-0.002096,0.001282,0.001746,-0.024912,-0.002145,-0.002510,-0.003379,-0.057857,-0.004291,-0.000823,-0.098859,-0.002358
490,-0.023488,0.001336,0.002644,0.002652,-0.015336,0.001491,0.000811,-0.000134,-0.035083,0.002233,-0.000106,-0.005983,-0.000797
491,-0.006597,0.001631,0.001717,0.001610,-0.004579,0.001679,0.001038,0.000335,-0.014210,0.002473,0.000241,-0.006910,0.000328
492,-0.044865,-0.001035,0.000665,0.001243,-0.024198,-0.000398,0.000368,-0.001065,-0.050483,-0.002610,-0.000621,-0.065368,-0.001784
493,-0.018472,0.011224,0.006088,0.006840,-0.014467,0.011097,0.013805,0.014615,-0.031640,0.012777,0.002137,0.134250,0.002691
494,0.016463,0.006755,0.003345,0.004238,0.010790,0.006713,0.010463,0.011891,0.025295,0.003213,0.001471,0.061343,0.002862
495,-0.065926,0.004800,0.006216,0.005994,-0.041329,0.006183,0.006979,0.005912,-0.071324,0.007839,0.002131,-0.007109,0.003172
496,-0.037949,-0.001949,0.001518,0.001322,-0.018289,-0.002423,-0.002731,-0.002932,-0.042853,-0.003243,-0.000435,-0.025579,-0.001440
497,0.022033,0.018774,0.012214,0.012480,0.014913,0.019505,0.024927,0.028021,0.040743,0.016688,0.005735,0.600796,0.010743
498,0.009787,0.002569,0.002525,0.002171,0.017651,0.004415,0.003740,0.005408,0.029558,0.004727,-0.000025,0.034819,0.000001
499,-0.009868,-0.003263,0.000177,-0.000481,-0.001287,-0.004196,-0.005934,-0.006241,-0.002678,-0.003303,0.000282,0.004412,0.001437
500,0.004914,0.003774,0.002753,0.003022,0.002942,0.003400,0.004969,0.005205,0.014962,0.000785,0.001073,-0.034164,0.001248
501,-0.021900,0.000165,0.001261,0.001153,-0.014929,-0.000693,-0.001635,-0.001940,-0.033703,-0.000632,-0.000721,-0.025712,-0.002102
502,0.033946,0.010272,0.005107,0.006227,0.034167,0.010710,0.014486,0.017314,0.064692,0.007456,0.002081,0.026256,0.004285
503,0.012139,0.007267,0.003216,0.004248,0.015560,0.009012,0.011622,0.014539,0.033130,0.005751,0.001977,-0.014138,0.004278
504,-0.004766,0.010684,0.004846,0.005745,0.000140,0.012023,0.015865,0.018015,0.006901,0.011299,0.002982,0.097901,0.005772
505,-0.006287,0.004693,0.002192,0.003252,-0.000366,0.005365,0.007500,0.009068,0.001214,0.003452,0.001143,0.011258,0.002516
506,-0.015091,0.004462,0.001522,0.002022,-0.010258,0.005364,0.006341,0.005779,-0.024059,0.006902,0.000873,0.094813,0.001492
507,0.068537,0.002473,0.000929,0.000547,0.056332,0.002449,0.000455,0.002150,0.122348,0.001429,-0.000115,0.969417,0.003626
508,-0.014283,0.010745,0.006699,0.006733,0.004919,0.012255,0.018219,0.020352,0.013966,0.009576,0.002845,0.953001,0.004662
509,0.074027,0.007916,0.005343,0.005225,0.069412,0.007930,0.010627,0.011429,0.119639,0.006868,0.001211,2.108096,0.004129
510,0.023045,0.011803,0.006644,0.007206,0.020892,0.013028,0.015978,0.018202,0.042711,0.010332,0.002477,0.252077,0.006010
511,0.055727,0.009918,0.004951,0.005097,0.042182,0.009448,0.011378,0.014147,0.088486,0.007883,0.002054,0.022523,0.003320
512,-0.020838,0.002895,0.001312,0.001323,-0.011854,0.001929,0.002434,0.004387,-0.026154,0.000743,0.000479,-0.029281,-0.000096
513,-0.018061,0.005649,0.003270,0.003295,-0.015149,0.004830,0.005911,0.004824,-0.027215,0.006232,0.001405,0.003901,0.001581
514,-0.023003,-0.001791,0.000916,0.000366,-0.017526,-0.003627,-0.004699,-0.005435,-0.038549,-0.001089,-0.000517,-0.002134,-0.001457
515,-0.002257,0.000201,0.000781,0.000945,0.004405,0.001678,0.001567,0.002710,0.010261,-0.000571,-0.000114,0.041433,0.000912
516,0.012426,-0.002944,-0.002004,-0.001852,0.013454,-0.001469,-0.002772,-0.002376,0.024388,-0.002245,-0.000618,0.012518,-0.000194
517,0.017445,-0.000594,-0.000745,-0.000636,0.009046,-0.001235,-0.002612,-0.001835,0.018372,-0.000560,-0.000898,0.057474,-0.000991
518,-0.006214,0.000875,0.000915,0.000697,-0.003491,-0.000407,-0.001446,0.000382,-0.013871,-0.001301,0.000043,-0.009196,0.000084
519,0.026828,0.002596,0.001205,0.000756,0.023661,0.002457,0.001474,0.004240,0.039787,0.002092,0.001170,0.103261,0.002915
520,0.033343,0.002765,0.001906,0.001926,0.028598,0.002674,0.002506,0.003778,0.056800,0.001706,0.000558,-0.007721,0.001995
521,0.006751,0.002998,0.002861,0.003364,0.005976,0.002729,0.004626,0.004544,0.010453,0.001796,0.000025,0.031570,-0.000289
522,0.035198,0.003829,0.001114,0.001911,0.018612,0.004297,0.005054,0.005765,0.040705,0.002986,0.000535,0.049822,0.001791
523,-0.041156,-0.006220,-0.003385,-0.004036,-0.024664,-0.006332,-0.010541,-0.009672,-0.056775,-0.002847,-0.000265,0.059213,0.000486
524,0.011540,0.001745,0.003756,0.004083,0.005121,0.004287,0.004722,0.001341,0.024145,0.003449,0.000526,-0.067148,0.002163
525,0.017794,0.003571,0.001232,0.001451,0.020374,0.005535,0.005390,0.006845,0.037506,0.004792,-0.000501,0.076243,-0.000068
526,0.081652,0.002979,0.002360,0.001983,0.072630,0.004605,0.001404,0.002783,0.129417,0.004762,0.000004,3.134239,0.002734
527,0.009238,-0.002454,-0.000061,-0.000604,0.022425,-0.001454,-0.004661,-0.002405,0.030764,-0.001520,-0.000937,0.153400,-0.000208
528,0.025073,0.005080,0.004611,0.004807,0.020590,0.007599,0.008388,0.007413,0.050356,0.007113,0.000861,2.510745,0.003252
529,0.023795,0.002751,0.002591,0.002349,0.011610,0.003943,0.003240,0.001630,0.032600,0.005437,0.000321,0.114763,0.001173
530,0.013312,-0.000105,0.001074,0.001086,0.027887,0.000357,0.000202,0.000484,0.044454,-0.001696,-0.000671,0.048069,-0.000885
531,0.012996,0.002065,0.001704,0.001844,0.005734,0.003102,0.004165,0.002601,0.022071,0.002099,-0.000504,0.033422,-0.000804
532,0.008016,0.000843,0.000217,0.000230,0.020372,0.001894,0.001000,0.003264,0.030274,-0.000793,-0.000107,0.068354,0.000884
533,0.026594,0.008819,0.005445,0.005617,0.013591,0.009940,0.010283,0.011250,0.026644,0.011531,0.001462,0.231580,0.002913
534,0.062259,0.005152,0.002635,0.002901,0.060328,0.006378,0.006471,0.009079,0.100309,0.004545,0.000243,1.419003,0.002864
535,0.018973,0.001242,0.001986,0.001917,0.008508,0.002165,0.001426,0.000717,0.026143,0.002642,-0.000134,0.016774,-0.000799
536,-0.007753,0.002978,0.003716,0.003525,-0.015242,0.001009,0.001134,0.000912,-0.026422,0.003018,-0.000694,0.041710,-0.002215
537,0.011937,-0.001129,-0.000777,-0.001161,0.017513,-0.001105,-0.001822,-0.001486,0.034445,-0.002509,-0.000212,-0.003873,-0.000607
538,-0.046525,-0.000334,0.002965,0.002969,-0.031889,-0.001318,-0.000593,-0.001826,-0.058816,-0.002169,0.000040,-0.000819,-0.001007
539,-0.034148,-0.001295,0.000044,-0.000028,-0.013738,-0.000283,-0.001377,0.000852,-0.031778,-0.002057,-0.000245,0.030962,-0.000949
540,0.000882,-0.000939,-0.000730,-0.000970,0.015320,-0.001136,-0.002087,0.000145,0.019897,-0.003048,-0.000287,0.031186,-0.000604
541,0.019507,0.001863,0.001891,0.001815,0.005584,0.002747,0.002676,0.001025,0.011408,0.005971,-0.000256,-0.024180,-0.000587
542,-0.006282,-0.003163,-0.001541,-0.001768,0.005212,-0.002678,-0.002890,-0.004132,0.009851,-0.004116,-0.000806,0.004224,-0.001561
543,-0.018724,-0.003386,-0.002618,-0.002717,-0.001118,-0.002520,-0.002476,-0.002203,-0.010091,-0.004579,-0.000750,-0.031800,-0.001395
544,-0.036016,0.002447,0.006093,0.006043,-0.037942,-0.002103,-0.003335,-0.004344,-0.072523,0.000463,0.001238,-0.083343,0.001344
545,-0.056154,-0.004613,-0.003604,-0.003289,-0.026450,-0.003331,-0.003448,-0.002258,-0.060815,-0.006234,-0.001030,-0.022862,-0.002060
546,-0.032210,-0.001373,-0.002544,-0.002085,-0.005087,0.001769,0.000722,0.002563,-0.021011,-0.000530,0.000679,0.057918,0.002894
547,0.101406,0.002546,0.002427,0.002041,0.059630,0.000767,0.000886,-0.000184,0.128115,0.003596,0.000257,0.288994,0.001264
548,0.049629,0.005278,0.003529,0.003583,0.022112,0.006269,0.006231,0.005981,0.047864,0.009454,0.000897,0.037872,0.002010
549,0.089192,0.002372,0.005133,0.004901,0.059801,-0.000691,-0.000191,-0.000625,0.124257,-0.000945,0.000701,0.141973,0.001603
550,0.065770,0.002120,0.002901,0.002646,0.030370,0.000586,0.000806,-0.001076,0.065775,0.002863,0.000057,0.020883,0.001370
551,0.010775,0.001170,0.001963,0.002040,0.019383,0.001805,0.003239,0.002417,0.028917,0.001565,0.000628,-0.015436,0.001272
552,-0.073228,-0.002254,-0.000580,-0.000387,-0.036822,-0.003494,-0.002578,-0.002164,-0.079929,-0.003288,0.000489,0.076884,0.000260
553,-0.024720,0.001209,0.001430,0.001368,-0.035048,0.003049,0.002370,0.000030,-0.053215,0.009456,0.001628,-0.030138,0.003016
554,-0.016140,0.001084,0.003033,0.002246,-0.023069,-0.001748,-0.002065,-0.003826,-0.038136,0.000828,0.000059,-0.068589,-0.000272
555,-0.107357,-0.004510,-0.003043,-0.002792,-0.056745,-0.004379,-0.003247,-0.003267,-0.120685,-0.005157,0.000800,0.012980,0.001644
556,0.005090,0.000336,-0.000696,-0.000184,0.024821,0.002244,0.001671,0.003428,0.031386,-0.000833,0.000352,-0.042910,0.001166
557,0.102774,0.005993,0.004052,0.004204,0.052208,0.008305,0.006649,0.006599,0.117237,0.010098,0.001151,0.309024,0.003624
558,0.066529,-0.000917,-0.001335,-0.001269,0.047217,0.001656,-0.000895,0.000450,0.089931,0.000763,-0.000515,0.004615,0.000286
559,-0.067107,-0.000831,0.000778,0.001242,-0.050760,-0.003185,-0.000519,-0.001590,-0.097841,-0.001956,0.000298,0.114584,-0.001521
560,-0.020667,0.002079,0.002799,0.003073,-0.035869,-0.001833,0.000410,-0.001046,-0.064321,0.001276,0.000205,0.121879,-0.000820
561,0.114265,0.005999,0.010182,0.010873,0.096915,0.013349,0.008286,0.006321,0.197225,0.009177,0.001278,-0.147023,0.003908
562,0.071526,0.005879,0.007993,0.007905,0.038718,0.003772,0.004577,0.002821,0.086801,0.006099,0.001190,0.527397,0.002124
563,-0.087271,-0.006116,-0.004846,-0.005336,-0.051959,-0.005945,-0.006179,-0.006020,-0.104101,-0.006649,-0.001242,-0.047471,-0.002955
564,-0.113012,-0.002273,-0.001318,-0.000528,-0.073006,-0.004044,-0.002225,-0.002815,-0.144126,-0.002692,-0.000255,-0.034491,-0.001987
565,-0.130041,-0.000684,0.001486,0.001892,-0.089789,-0.003511,-0.002370,-0.004141,-0.170039,0.000938,-0.000278,-0.090852,-0.001830
566,0.320331,-0.001388,-0.006814,-0.007403,0.375969,-0.007217,-0.001423,-0.004972,0.608865,-0.006180,0.000398,16.542292,0.000538
567,0.032782,-0.001916,-0.004085,-0.003457,0.025959,-0.003214,-0.000233,-0.000618,0.047086,-0.004327,-0.000213,0.002017,-0.000715
568,-0.148672,-0.001001,0.002907,0.002975,-0.094212,-0.003948,-0.002731,-0.004262,-0.180504,-0.000286,-0.000695,-0.075713,-0.002573
569,-0.161720,-0.000275,0.000455,0.001127,-0.094504,-0.004797,-0.003094,-0.002677,-0.189319,-0.003586,-0.000464,-0.229048,-0.003188
570,-0.142107,0.001010,0.003226,0.003453,-0.087080,-0.003580,-0.001746,-0.001720,-0.171821,-0.002081,0.000230,-0.054697,-0.002035
571,0.067731,0.000394,0.002251,0.001947,0.028695,0.000839,0.000495,-0.001739,0.071532,0.003262,-0.000494,0.060932,-0.000650
572,0.576294,0.010838,0.004703,0.004221,0.687209,0.006555,0.007756,0.005979,1.011094,0.005331,0.001584,62.332455,0.002908
573,0.074768,0.001633,0.000325,0.000157,0.082290,0.001919,0.001921,0.002348,0.141545,-0.000512,-0.001021,1.815907,-0.000431
574,0.013707,-0.001296,-0.001752,-0.001420,0.032868,0.001107,0.001641,0.001649,0.047814,-0.002890,0.000030,0.042320,0.000887
575,0.091637,0.002261,0.000206,0.000113,0.087162,0.002150,0.002000,0.003671,0.148513,0.001474,-0.000576,3.718503,-0.000055
576,0.050615,0.005005,0.002362,0.002516,0.043663,0.006087,0.004966,0.005511,0.072354,0.007028,-0.000322,2.680411,0.001104
577,0.040134,-0.000426,-0.001420,-0.001495,0.055618,0.000227,-0.000180,0.001458,0.079556,-0.001156,0.000136,0.232900,0.000748
578,-0.036425,0.000342,0.001519,0.001485,-0.039140,-0.001661,-0.002316,-0.002495,-0.067835,0.001255,0.000852,-0.030902,0.001521
579,-0.009641,0.002410,0.002971,0.002839,-0.026266,0.003606,0.003199,0.000579,-0.032635,0.007369,-0.000083,0.138721,-0.000867
580,-0.042261,0.000889,0.003394,0.002618,-0.044301,-0.001202,-0.001858,-0.002139,-0.069663,0.002859,0.000572,0.028122,0.000231
581,-0.049167,-0.002545,-0.001893,-0.001426,-0.015107,0.000111,0.000569,0.000630,-0.035064,-0.003935,0.000579,-0.091012,0.001682
582,0.037111,0.003727,0.005320,0.005256,0.025969,0.004581,0.005612,0.001798,0.071361,0.004444,0.000262,0.339567,0.001019
583,0.010787,-0.003846,-0.000976,-0.001123,0.032398,-0.004303,-0.002202,-0.005095,0.067051,-0.007121,-0.000083,-0.115791,0.000684
584,0.026565,0.002227,0.004971,0.004577,-0.003323,0.003059,0.001738,-0.001490,0.017757,0.007136,0.001771,0.057311,0.002868
585,0.153870,0.012124,0.012362,0.011103,0.105163,0.009730,0.009239,0.009115,0.219584,0.011872,0.002510,11.321978,0.004587
586,0.005541,-0.003878,-0.004033,-0.003964,0.019606,0.000229,-0.001246,-0.000856,0.031637,-0.002388,-0.000750,0.129371,-0.001230
587,0.106719,0.007309,0.006848,0.006674,0.060961,0.005771,0.005839,0.005598,0.142854,0.007828,0.002451,0.336703,0.005119
588,0.017494,0.001208,0.002877,0.002758,0.010959,0.002122,0.000028,0.000455,0.026745,0.003161,0.001187,0.248640,0.002585
589,0.084939,0.004680,0.003098,0.003562,0.039646,0.005956,0.005422,0.004139,0.101081,0.007193,0.001177,-0.035502,0.002985
590,0.013379,0.000152,-0.001390,-0.001160,0.021347,0.001767,0.000222,0.003396,0.033868,-0.002052,0.000379,-0.069832,0.001439
591,0.050813,0.007720,0.006871,0.008095,0.027917,0.010952,0.012522,0.010231,0.065880,0.009353,0.001585,0.132215,0.003669
592,0.174004,0.003360,0.002216,0.001527,0.133436,0.000750,-0.001279,-0.001499,0.213725,0.002965,0.001072,17.029985,0.003989
593,-0.028268,0.006043,0.009225,0.010142,-0.028185,0.007396,0.010022,0.007239,-0.040869,0.004350,0.001495,0.163827,0.003127
594,0.144576,0.008023,0.007253,0.008520,0.085012,0.006003,0.011552,0.009823,0.197665,0.002092,0.001931,0.195307,0.004697
595,0.034826,-0.000891,0.002068,0.001433,0.008416,-0.005109,-0.004831,-0.006256,0.025577,-0.003268,0.001891,-0.108245,0.002928
596,-0.036481,-0.000004,0.003178,0.003019,-0.036054,-0.004158,-0.002925,-0.006582,-0.059242,-0.000324,0.002574,-0.121638,0.003114
597,0.132752,0.000152,0.001330,0.000625,0.111271,-0.003806,-0.001611,-0.002633,0.210651,-0.001730,0.001671,1.824101,0.001620
598,0.042174,-0.000212,0.002700,0.002591,0.049081,-0.001485,-0.000527,-0.002531,0.085224,0.001375,0.000890,0.154607,0.000589
599,0.012709,0.001227,-0.000906,-0.000186,0.015209,0.002799,0.004440,0.003970,0.027059,0.002477,0.000446,-0.054648,0.000631
600,-0.048972,-0.003165,-0.003213,-0.003199,-0.012035,-0.002242,-0.002558,-0.000744,-0.039343,-0.004265,0.001020,-0.175389,0.000634
601,0.236104,0.008616,0.009472,0.010301,0.167308,0.012094,0.011452,0.004959,0.358082,0.008733,0.005140,13.349129,0.014532
602,0.023134,0.000155,0.000180,0.000368,0.016417,-0.001615,-0.000330,-0.001522,0.035999,-0.001647,-0.000327,-0.154817,-0.000895
603,0.018403,0.000265,0.001523,0.001396,0.006815,-0.002664,-0.000606,-0.002835,0.031207,-0.001014,0.000778,-0.144361,-0.000215
604,-0.030547,-0.000575,0.001312,0.000806,-0.035546,-0.005167,-0.004839,-0.006860,-0.063544,-0.002636,-0.000065,-0.111078,-0.000708
605,-0.150771,-0.000862,0.001651,0.001418,-0.087764,-0.004777,-0.005354,-0.005197,-0.175687,-0.002937,0.004211,-0.204303,0.004474
606,-0.023377,0.003885,0.005640,0.005455,-0.028450,-0.002174,-0.001972,-0.002926,-0.052042,-0.000090,0.000618,-0.210551,-0.001304
607,-0.221966,-0.009367,-0.006055,-0.006680,-0.114164,-0.007084,-0.011155,-0.007693,-0.224860,-0.006374,-0.001265,-0.208954,-0.002767
608,-0.245123,-0.007735,-0.003715,-0.003629,-0.124390,-0.006500,-0.009980,-0.006957,-0.241574,-0.006295,-0.002080,-0.262866,-0.005440
609,-0.182838,0.001165,0.004117,0.005557,-0.101100,0.000085,0.000986,-0.000113,-0.200182,-0.001588,0.000625,-0.225856,0.000256
610,-0.204329,0.003816,0.006629,0.007828,-0.112802,0.000889,0.002947,0.003232,-0.219443,-0.000889,0.011097,-0.162626,0.018222
611,-0.208813,0.008462,0.010369,0.010547,-0.105605,0.002146,0.002406,0.001846,-0.203854,0.001292,0.025289,-0.129744,0.036452
612,-0.182392,0.006462,0.009539,0.010746,-0.105688,0.003467,0.005081,0.003237,-0.203984,0.001225,0.028794,-0.068591,0.049835
613,-0.202233,0.006137,0.009286,0.011179,-0.105072,0.005278,0.006012,0.005979,-0.208790,0.003683,0.015568,-0.158489,0.023158
614,-0.208454,-0.003023,-0.000716,0.000810,-0.107452,-0.001954,-0.003031,-0.003680,-0.215800,-0.003613,-0.001175,-0.253452,-0.004522
615,-0.180823,-0.005187,-0.002584,-0.001829,-0.100379,-0.002023,-0.004099,-0.003312,-0.196493,-0.003193,-0.001922,-0.232384,-0.003666
616,-0.206426,-0.003781,0.000294,0.001285,-0.114205,-0.001424,-0.002915,-0.003179,-0.218554,-0.000923,-0.001154,-0.240848,-0.002915
617,-0.182833,-0.000538,0.001607,0.003349,-0.104888,0.000580,0.001479,-0.000529,-0.202972,0.000158,0.000895,-0.234134,0.000084
618,-0.203509,-0.003093,0.000653,0.001977,-0.108669,-0.001347,-0.002536,-0.001976,-0.211445,-0.002728,-0.002447,-0.256897,-0.005881
619,-0.010769,-0.000839,-0.000396,-0.000293,-0.003098,-0.000461,-0.000750,-0.000012,-0.013717,-0.001063,0.001305,0.042363,0.002070
620,-0.162628,-0.002513,0.001007,0.001251,-0.080531,-0.003611,-0.004254,-0.003193,-0.160426,-0.005641,-0.002604,-0.258291,-0.007217
621,-0.138000,-0.000243,0.003629,0.004010,-0.072900,0.000287,-0.000278,0.000280,-0.155111,0.000261,-0.001716,-0.212915,-0.005094
622,-0.139763,-0.005433,-0.001280,-0.001450,-0.068687,-0.003460,-0.005699,-0.002703,-0.142798,-0.003806,-0.002707,-0.032108,-0.006041
623,-0.062767,-0.002076,-0.001175,-0.001611,-0.026352,-0.002662,-0.003255,-0.001041,-0.062397,-0.003624,0.001671,-0.058584,0.001339
624,-0.019508,0.004487,0.003654,0.003663,-0.031300,0.003435,0.003484,0.001639,-0.030268,0.005459,-0.000938,-0.215133,-0.002418
625,-0.114801,-0.001366,0.002371,0.002474,-0.062725,-0.003310,-0.004709,-0.003919,-0.123207,-0.002154,-0.001138,-0.221820,-0.004460
626,-0.041584,0.001428,0.003137,0.002907,-0.029152,-0.001466,-0.002135,-0.001034,-0.060209,-0.001034,-0.000722,-0.152785,-0.002424
627,-0.256015,0.007902,0.010322,0.010535,-0.121547,0.001607,0.001097,0.000489,-0.232587,0.001894,0.189587,0.766420,0.277215
628,-0.314399,0.000198,0.004455,0.005365,-0.143280,-0.003078,-0.004046,-0.000334,-0.271783,-0.002452,0.001962,-0.279567,-0.003891
629,0.131161,-0.003056,-0.001231,-0.000832,0.081926,-0.000492,0.001099,-0.003302,0.169390,-0.002944,-0.000752,0.048030,-0.000653
630,0.376047,0.002766,0.002413,0.002185,0.288957,0.000440,0.003445,-0.001712,0.547126,0.001048,0.001547,15.005684,0.004341
631,-0.300603,-0.003215,0.001652,0.003565,-0.139786,-0.002919,-0.004982,-0.004359,-0.265294,-0.002477,-0.001316,-0.280482,-0.006622
632,-0.330061,-0.003709,-0.000441,0.000801,-0.149411,-0.005528,-0.005639,-0.003378,-0.283495,-0.004393,-0.000050,-0.287248,-0.005949
633,-0.308167,0.000956,0.006353,0.008022,-0.141863,-0.002141,-0.001841,-0.002221,-0.266345,-0.001093,0.000651,-0.281394,-0.005125
634,-0.245686,0.003731,0.008376,0.009541,-0.120290,-0.000871,-0.002563,-0.002653,-0.226730,0.001146,0.000971,-0.262074,-0.004003
635,-0.261222,0.002837,0.006881,0.007594,-0.122469,-0.002295,-0.002762,-0.002599,-0.232989,-0.001971,0.004613,-0.250730,0.000746
636,-0.277262,0.004567,0.006958,0.008494,-0.128874,0.000528,-0.000541,0.002804,-0.246364,0.000628,0.003845,-0.264132,-0.001353
637,-0.306598,0.000118,0.006388,0.008365,-0.142448,-0.002527,-0.003244,-0.003200,-0.267351,-0.000551,0.002082,-0.276974,-0.003345
638,-0.036577,-0.000760,0.000401,0.000017,-0.008122,-0.001464,-0.001825,-0.000902,-0.029767,-0.002681,-0.000258,-0.087936,-0.001304
639,0.293005,0.002334,0.000269,0.000637,0.253387,0.005153,0.006096,0.004800,0.455983,0.002403,0.002149,13.540322,0.005644
640,-0.123494,-0.004478,-0.000423,0.000079,-0.069250,-0.000609,-0.002993,-0.005066,-0.136301,-0.000275,-0.000514,-0.213246,-0.002062
641,-0.181615,-0.000879,0.001565,0.002178,-0.093581,-0.000196,0.000203,-0.000054,-0.180238,-0.001079,-0.000784,-0.227253,-0.003318
642,-0.189159,-0.001234,0.001732,0.002554,-0.097622,-0.000464,0.000271,-0.001808,-0.183151,-0.000060,0.000545,-0.240335,-0.001886
643,-0.141750,-0.000627,0.001746,0.001320,-0.063647,-0.001252,-0.003972,-0.001360,-0.135972,-0.002617,0.000019,-0.213647,-0.001760
644,0.165903,0.003617,0.001759,0.001627,0.087749,0.004874,0.007110,0.001848,0.220824,0.004771,0.002199,-0.053999,0.005725
645,0.073551,0.002526,0.000778,0.001016,0.031731,0.003121,0.004544,0.003338,0.073770,0.003349,0.001732,0.137593,0.004165
646,0.040120,-0.000722,-0.000268,-0.000387,0.023821,-0.000175,0.000207,-0.000428,0.061325,0.000798,0.000573,0.058710,0.001101
647,-0.041070,0.002719,0.002364,0.002946,-0.042425,0.003290,0.004827,0.002650,-0.067006,0.004239,0.001543,-0.165432,0.003538
648,-0.064915,0.000222,0.001907,0.002272,-0.037907,-0.000131,0.000350,-0.000694,-0.066444,-0.002481,0.001938,-0.161428,0.003007
649,-0.036130,-0.006559,-0.002430,-0.002222,0.002799,-0.004754,-0.005455,-0.007173,-0.032854,-0.006612,-0.000954,-0.154909,-0.002252
650,-0.081863,0.001233,0.002846,0.003470,-0.035430,-0.001456,-0.000082,0.000672,-0.073492,-0.005507,0.000541,-0.189893,0.000060
651,-0.065188,-0.000233,0.000568,0.000929,-0.044960,0.002265,0.002062,0.000958,-0.068877,0.001882,0.000379,-0.206373,0.000908
652,-0.051288,-0.002168,0.000543,0.000141,-0.032895,-0.003095,-0.002858,-0.003924,-0.052997,-0.003187,0.000668,-0.167245,0.001124
653,0.004753,0.000418,0.002424,0.001785,-0.018350,-0.002650,-0.003520,-0.004553,-0.009391,-0.000539,-0.000386,-0.142696,-0.000695
654,-0.068168,-0.002633,0.001153,0.000622,-0.054226,-0.001492,-0.002349,-0.005078,-0.088019,0.000752,0.001858,-0.153149,0.002565
655,0.039595,0.000105,-0.000047,-0.000310,0.018529,0.000404,0.001049,0.001043,0.058594,-0.000284,0.000094,-0.021391,0.000238
656,0.107606,0.003496,0.002983,0.003118,0.044639,0.003539,0.005626,0.002715,0.127188,0.002889,0.002022,0.451633,0.005129
657,0.054879,-0.000596,0.000888,0.000173,0.014796,-0.001495,-0.001492,-0.003999,0.053346,0.001780,0.000926,0.255302,0.001587
658,0.097764,-0.000092,-0.000616,-0.000259,0.056906,0.002394,0.002489,-0.001072,0.131401,0.003154,0.000763,-0.053935,0.003349
659,0.123840,0.004229,0.001597,0.001859,0.087735,0.004111,0.004460,0.001691,0.150027,0.003272,0.000687,0.322117,0.002803
660,0.195307,0.000885,-0.000207,0.000059,0.147828,0.002488,0.004204,0.001907,0.279459,0.000866,0.001430,1.449324,0.004131
661,-0.160954,-0.008998,0.003015,0.003837,-0.059130,-0.005075,-0.003782,-0.004110,-0.130263,-0.005737,0.002036,-0.212329,0.000589
662,0.019603,-0.003846,-0.000191,-0.000322,0.028465,-0.002850,-0.004318,-0.004068,0.055998,-0.003432,-0.001098,0.193728,-0.001661
663,-0.058098,-0.005070,-0.002496,-0.002110,-0.033875,-0.000393,-0.001371,-0.001850,-0.055926,-0.000235,-0.000134,-0.058656,-0.000307
664,-0.013471,0.000263,0.000105,0.000050,0.004610,-0.001027,-0.001880,-0.001009,-0.004362,-0.003482,0.000621,-0.029383,0.000537
665,0.140257,0.000491,0.000241,0.000842,0.089281,0.005043,0.005778,0.004795,0.215069,0.006204,0.001133,0.195599,0.003823
666,0.303537,0.007178,0.003911,0.004935,0.236149,0.007689,0.009757,0.011509,0.507231,0.005800,0.001036,0.169499,0.003516
667,-0.008742,-0.008355,-0.004233,-0.005036,0.010502,-0.005755,-0.008734,-0.006142,0.029074,-0.003171,-0.001308,0.358514,-0.002367
668,0.197438,-0.000838,-0.000880,-0.001187,0.153819,0.002127,0.002141,0.001586,0.325802,0.002035,0.001416,0.837971,0.004868
669,-0.238532,-0.000584,0.005202,0.006404,-0.108767,-0.003593,-0.003700,-0.003244,-0.213225,-0.004951,0.002203,-0.253231,-0.001830
670,-0.261523,0.009469,0.011213,0.014199,-0.118996,0.006163,0.012954,0.013601,-0.229465,0.000376,0.003975,-0.255785,0.000835
671,-0.279807,0.012161,0.014936,0.018166,-0.131756,0.004779,0.011057,0.011338,-0.248664,0.002156,0.006801,-0.247548,0.003734
672,-0.270875,0.008204,0.011893,0.014444,-0.126157,0.002671,0.007013,0.009380,-0.240100,-0.001198,0.005925,-0.243783,0.003659
673,-0.249860,0.010245,0.011457,0.013945,-0.118818,0.003095,0.006210,0.007355,-0.226255,0.001131,0.005615,-0.253034,0.003484
674,-0.257021,0.010078,0.011514,0.013848,-0.120675,0.004318,0.008205,0.011891,-0.228689,0.002247,0.005146,-0.247993,0.003700
675,0.165250,-0.001251,-0.001737,-0.001241,0.085099,0.001055,0.003513,0.002289,0.228310,0.001640,0.000984,0.112211,0.003322
676,-0.272451,0.003874,0.006960,0.008715,-0.123191,-0.001083,0.001415,0.001769,-0.239389,-0.002915,0.005777,-0.250265,0.002681
677,-0.271652,0.001310,0.006501,0.008326,-0.121140,-0.003406,-0.003765,-0.000975,-0.237511,-0.005274,0.002960,-0.255391,-0.000515
678,-0.201115,-0.000295,0.005903,0.006359,-0.107008,-0.004440,-0.006141,-0.004920,-0.201649,-0.002590,0.001792,-0.238380,-0.000055
679,0.368859,0.004634,-0.003409,-0.002725,0.267429,0.011085,0.017152,0.016950,0.632875,0.007660,0.002229,1.218126,0.010253
680,-0.265976,0.005088,0.004647,0.006146,-0.121206,-0.000084,-0.000115,0.002362,-0.238616,-0.002085,0.004565,-0.255054,0.002850
681,-0.171432,-0.002194,0.001681,0.001418,-0.079034,-0.003857,-0.006126,-0.003866,-0.162590,-0.006094,0.001049,-0.185224,0.000466
682,-0.260673,0.001690,0.008394,0.010558,-0.122406,-0.003056,-0.001477,-0.002285,-0.234772,-0.004324,0.003890,-0.252781,0.000575
683,-0.280443,0.005322,0.007413,0.009457,-0.129872,0.001677,0.002885,0.003872,-0.247304,0.001934,0.007224,-0.246196,0.005643
684,-0.150801,0.025054,0.007242,0.009538,-0.080880,0.012235,0.017989,0.016987,-0.159772,0.005417,0.008023,-0.257838,0.012502
685,-0.247669,0.004154,0.005909,0.007182,-0.116497,-0.000275,0.000300,0.001987,-0.225027,-0.001686,0.005171,-0.252783,0.004993
686,-0.221162,0.003545,0.004859,0.006259,-0.107712,0.000684,0.000593,0.001423,-0.204713,0.000605,0.006803,-0.245331,0.008618
687,-0.053143,-0.000825,-0.001228,-0.001309,-0.037879,0.000971,0.000157,-0.002052,-0.075411,0.003220,0.001192,-0.068716,0.000901
688,0.366115,0.006533,0.006580,0.006652,0.350920,0.004881,0.006927,0.000872,0.581759,0.007284,0.003501,8.459605,0.007679
689,0.034645,-0.002378,-0.000264,-0.000827,0.052983,-0.003697,-0.003521,-0.003369,0.095473,-0.005012,0.000245,-0.033925,0.000486
690,-0.149394,-0.000597,0.001358,0.001520,-0.063993,-0.000684,-0.001518,0.001191,-0.134443,-0.005033,0.000581,-0.214152,0.000005
691,-0.111968,0.003256,0.004018,0.004400,-0.052465,0.001366,0.000819,0.002152,-0.106808,-0.001303,0.000560,-0.202391,-0.000113
692,0.032416,0.002782,0.003515,0.003414,0.019350,0.001275,0.001856,0.001039,0.072606,0.000890,0.000282,-0.219728,0.000997
693,-0.110270,0.002281,0.001761,0.002157,-0.063634,0.002457,0.002561,0.002675,-0.117444,0.002761,0.001413,-0.209715,0.001321
694,-0.052733,-0.000350,-0.000103,0.000280,-0.030799,-0.000696,-0.000436,0.001678,-0.051733,-0.003604,0.001434,-0.195755,0.001267
695,-0.075525,0.003761,0.003541,0.003989,-0.051820,0.001351,0.001151,0.001663,-0.083167,0.001458,0.002748,-0.218487,0.003940
696,-0.039998,0.000369,0.000291,0.000266,-0.032349,-0.000138,-0.000149,-0.000775,-0.048149,0.000104,0.001661,-0.105355,0.003218
697,-0.107632,0.002855,0.003915,0.004773,-0.056305,-0.000874,0.000063,0.000194,-0.100234,-0.003203,0.001514,-0.258948,-0.000636
698,-0.123924,-0.001781,-0.001065,-0.001107,-0.060190,-0.001971,-0.001896,-0.000110,-0.116412,-0.004584,0.000392,-0.160081,0.000386
699,-0.127838,0.006878,0.003686,0.004771,-0.063775,0.006588,0.009737,0.011973,-0.116978,0.001355,0.002080,-0.223232,0.004174
700,0.255658,0.001340,0.004394,0.004445,0.216872,0.001944,0.005921,-0.002270,0.405628,0.001275,0.001419,0.290522,0.003911
701,0.104210,0.078831,0.058172,0.062238,0.203616,0.042891,0.055964,0.069918,0.033699,0.053435,-0.871552,0.278767,-2.454709
702,0.023152,-0.008524,-0.004994,-0.005594,0.043683,-0.009521,-0.014555,-0.016383,0.001866,0.006476,0.807688,-0.023616,2.093067
703,0.049422,0.023631,0.026501,0.023817,0.076829,0.032969,0.023511,0.035770,0.010162,0.043852,0.770917,0.158386,2.262083
704,-0.068730,-0.121812,-0.091957,-0.077839,-0.131466,-0.188212,-0.153698,-0.167775,-0.021160,-0.160837,-0.174106,-0.244732,-0.609039
705,-0.036840,-0.048934,-0.031935,-0.023291,-0.080599,-0.092735,-0.063959,-0.069461,-0.010606,-0.112375,-1.067946,-0.143265,-2.781239
706,-0.019803,-0.000751,0.010643,0.012276,-0.026699,0.018105,0.012312,0.016326,-0.006263,0.012184,0.061017,-0.062533,0.201124
707,-0.075145,-0.292318,-0.197598,-0.188912,-0.175875,-0.439635,-0.346209,-0.398826,-0.026224,-0.277613,0.043856,0.212139,0.253754
708,-0.127241,0.002578,0.040359,0.026401,-0.179772,0.145339,0.168852,0.186991,-0.048320,0.220777,4.289752,-0.042112,10.476643
709,-0.055181,-0.064349,-0.042169,-0.027760,-0.112755,-0.100705,-0.075187,-0.076775,-0.016451,-0.104804,-1.116781,-0.165102,-3.125952
710,-0.012351,-0.058499,-0.045144,-0.041815,-0.027392,-0.073579,-0.062819,-0.074230,-0.001483,-0.048102,-0.318133,0.029851,-0.896738
711,-0.000025,-0.013862,-0.000719,-0.000171,-0.014677,-0.027751,-0.007136,-0.025683,-0.003799,-0.021057,-0.130185,0.025847,-0.323526
712,0.027267,-0.035181,-0.026999,-0.025654,0.058035,-0.036741,-0.031522,-0.036458,0.010708,-0.011273,0.177580,0.127151,0.457512
713,0.043291,0.000356,-0.011837,-0.005764,0.088778,-0.029387,-0.014558,-0.021700,0.009757,-0.017343,0.603243,0.122941,1.635010
714,-0.005198,-0.099796,-0.082332,-0.067196,0.005161,-0.212282,-0.165405,-0.189871,-0.005859,-0.154219,-0.514242,0.036286,-1.406859
715,-0.024292,-0.060930,-0.036794,-0.025686,-0.046211,-0.096273,-0.083979,-0.079187,-0.008070,-0.085175,-0.819079,-0.134069,-2.135874
716,-0.016395,-0.005357,0.001509,0.002884,-0.047700,-0.012570,0.002615,-0.008027,-0.005935,-0.026410,-0.133995,-0.060298,-0.315620
717,-0.116327,-0.044762,-0.052708,-0.045068,-0.195414,-0.019290,-0.013193,0.004663,-0.025742,-0.176515,0.014593,-0.398287,0.119244
718,0.063199,0.024493,0.019004,0.015142,0.094759,0.008662,0.021961,0.011723,0.014312,0.039113,0.637646,0.172612,1.878220
719,0.055173,0.075833,0.049992,0.038958,0.160083,0.166333,0.132856,0.167219,0.021088,0.155075,2.529940,0.135414,7.291830
720,0.042305,0.015165,-0.000312,-0.002944,0.079038,0.001565,0.003451,0.015067,0.013820,-0.011311,0.200421,0.006883,0.782848
721,0.085627,0.032262,0.028186,0.016397,0.153321,0.038877,0.016505,0.044183,0.022261,0.080620,-0.097337,0.081974,-0.111151
722,0.028824,0.069893,0.060786,0.057837,0.075439,0.061753,0.077985,0.066307,0.006850,0.045297,0.305734,0.170656,1.002916
723,0.002495,-0.019948,-0.009500,-0.002011,-0.003145,-0.102204,-0.055200,-0.082428,-0.002140,-0.095762,-1.286504,0.039232,-3.432067
724,0.149328,0.091752,0.076417,0.069582,0.326327,0.149799,0.120433,0.134816,0.049516,0.135762,1.299166,0.278188,3.774094
725,0.061193,-0.016541,-0.011533,-0.012204,0.114509,-0.082908,-0.059004,-0.080718,0.014360,-0.041151,-0.183274,0.226262,-0.272490
726,0.004536,-0.085765,-0.078289,-0.076962,0.007888,-0.121902,-0.111972,-0.130116,-0.003158,-0.056917,0.600732,0.020652,1.808037
727,0.008723,0.056124,0.025764,0.024207,0.012248,0.156950,0.139713,0.167031,0.001513,0.133753,1.492754,-0.044945,3.831484
728,0.110299,0.096948,0.051219,0.046128,0.211406,0.094103,0.065851,0.085629,0.033486,0.111397,1.426410,0.206579,3.992702
729,-0.010277,-0.055387,-0.027428,-0.025065,-0.007914,-0.121412,-0.086203,-0.116989,-0.008079,-0.102703,-0.130294,-0.003211,-0.126127
730,0.027294,-0.042296,-0.035184,-0.029641,0.050934,-0.112566,-0.083673,-0.101547,0.003376,-0.091269,-0.517404,0.027675,-1.308983
731,-0.081895,-0.098242,-0.071104,-0.045538,-0.146561,-0.182384,-0.161227,-0.147725,-0.026417,-0.270650,-2.749350,-0.294656,-6.993427
732,0.010986,0.024278,0.015851,0.011033,0.057502,0.032950,0.031286,0.024034,-0.000004,0.056291,1.006901,0.066710,2.814194
733,-0.067606,-0.041493,-0.035251,-0.036852,-0.090346,-0.021926,-0.015667,-0.023878,-0.019867,0.007601,0.615760,-0.041214,1.896433
734,-0.156669,-0.335103,-0.245487,-0.236039,-0.262219,-0.409541,-0.276318,-0.358605,-0.033248,-0.362193,0.320442,0.026473,1.322613
735,-0.131170,-0.167770,-0.137333,-0.115169,-0.223449,-0.166781,-0.135553,-0.146789,-0.029459,-0.182205,-1.170028,-0.334123,-3.204743
736,-0.020309,-0.037141,-0.050942,-0.041750,-0.030556,0.040966,0.040062,0.037038,0.000705,0.020601,0.271733,-0.052220,0.637943
737,0.004358,-0.086765,-0.086001,-0.075119,0.023798,-0.073833,-0.076139,-0.081620,0.004569,-0.026619,0.624126,0.030575,1.705574
738,-0.001939,0.056690,0.053141,0.050210,-0.003087,0.056600,0.071041,0.081290,-0.000614,0.036439,-0.400780,0.046832,-1.017220
739,-0.007848,0.043977,0.046588,0.042371,-0.074579,0.041718,0.080167,0.106212,-0.004667,-0.004900,-1.378078,0.034435,-3.469885
740,-0.041657,-0.025033,0.004898,0.012352,-0.080887,-0.129998,-0.108605,-0.123141,-0.020006,-0.106492,-0.521417,-0.148297,-1.159061
741,0.018535,-0.002271,-0.001527,-0.001536,0.027487,-0.020808,-0.041772,-0.065450,0.003516,-0.032051,0.926850,0.066584,2.324627
742,-0.027832,-0.060131,-0.035300,-0.026524,-0.084645,-0.114574,-0.096762,-0.106109,-0.010352,-0.134346,-0.999586,-0.117620,-2.697418
743,0.028580,-0.055429,-0.039882,-0.029761,0.048839,-0.086304,-0.055368,-0.073589,0.008847,-0.056587,-0.453420,0.180159,-1.266484
744,-0.127330,-0.029020,-0.055678,-0.052082,-0.195529,0.082664,0.064933,0.040842,-0.022970,0.037751,1.776331,-0.252988,5.272083
745,-0.091162,-0.076520,-0.066164,-0.056331,-0.160250,0.004992,-0.001493,-0.019413,-0.018589,-0.028873,1.437214,-0.255628,3.995495
746,-0.021910,-0.030753,-0.025703,-0.023846,-0.057758,-0.070979,-0.045452,-0.060729,-0.008563,-0.061938,-0.351454,-0.016509,-0.795635
747,-0.072776,-0.154705,-0.111094,-0.099872,-0.144839,-0.265244,-0.235186,-0.249506,-0.022097,-0.244893,-1.034256,-0.189999,-2.244158
748,0.098437,0.084482,0.079705,0.068729,0.229836,0.223376,0.249349,0.261312,0.045875,0.155973,1.250282,0.330039,3.698771
749,-0.063235,-0.376498,-0.302853,-0.241537,-0.074107,-0.729631,-0.610833,-0.646878,-0.002367,-0.809110,-3.619897,-0.332043,-8.619226
750,-0.092759,-0.245130,-0.214606,-0.193309,-0.155639,-0.395205,-0.324613,-0.381488,-0.023929,-0.363907,-1.868641,-0.224620,-4.856954
751,0.206859,0.090964,0.057182,0.040700,0.470848,0.300752,0.246419,0.295254,0.106464,0.241847,1.853045,0.245762,5.668453
752,-0.129093,0.372412,0.237411,0.210105,-0.146012,0.641371,0.712062,0.713238,-0.029274,0.484862,5.941257,-0.097255,14.544571
753,0.016417,-0.088807,-0.042314,-0.035578,0.045429,-0.162584,-0.149808,-0.179373,0.004049,-0.078176,0.560613,-0.023136,1.439922
754,-0.053762,-0.155879,-0.110923,-0.097649,-0.085896,-0.238664,-0.195160,-0.221049,-0.013478,-0.227338,-1.235899,-0.147675,-3.261325
755,0.071848,0.176877,0.164339,0.137511,0.166983,0.326190,0.283296,0.341011,0.032289,0.357932,3.281256,0.182576,9.179453
756,-0.095964,0.102472,0.138210,0.121028,-0.093316,0.274142,0.213796,0.313242,-0.014738,0.234907,1.972832,-0.240595,5.430397
757,-0.096360,-0.099600,-0.109638,-0.058568,-0.133773,-0.203580,-0.162554,-0.132667,-0.009679,-0.421351,-3.378443,-0.211120,-8.408470
758,-0.024519,-0.072610,-0.077168,-0.057635,-0.041826,-0.148544,-0.101801,-0.110570,-0.004977,-0.164681,-2.099550,-0.035616,-5.394149
759,-0.020943,0.024035,-0.003923,0.002924,-0.001153,0.083608,0.099754,0.123331,0.005840,0.030273,-1.116902,0.058280,-3.023736
760,-0.118587,-0.095758,-0.079653,-0.066221,-0.146317,0.027553,0.054621,0.050317,-0.011298,-0.071517,-0.649779,-0.470028,-1.815644
761,-0.047193,-0.012620,-0.030394,-0.024768,-0.044852,0.110165,0.115849,0.143951,0.002237,0.044554,-0.243932,-0.145772,-0.803417
762,-0.007459,-0.121323,-0.138897,-0.128329,-0.011171,-0.222814,-0.124657,-0.170280,0.003338,-0.211061,-2.121597,0.179178,-5.248866
763,0.133157,0.051282,-0.017126,-0.014662,0.223226,0.052872,0.089784,0.081152,0.044661,0.037875,-0.305155,0.403255,-0.541420
764,0.018312,0.005198,-0.055415,-0.051027,0.029200,0.070656,0.089916,0.082285,0.014071,0.025892,-0.091554,0.082636,-0.446804
765,-0.066523,-0.128559,-0.131351,-0.111940,-0.123013,-0.192565,-0.152488,-0.188823,-0.018881,-0.217816,-1.251905,-0.230261,-3.489297
766,-0.195783,-0.090098,-0.016428,0.012176,-0.386607,-0.306936,-0.282236,-0.304082,-0.067839,-0.379467,-2.541538,-0.932855,-7.109592
767,-0.119265,-0.169456,-0.132967,-0.098555,-0.248348,-0.403089,-0.352185,-0.396470,-0.044678,-0.415771,-2.681032,-0.601800,-7.506639
768,-0.049707,0.011264,-0.015614,-0.021181,-0.105664,0.093190,0.087107,0.113897,-0.020519,0.094430,2.013715,-0.248624,4.997044
769,0.110601,-0.074070,-0.110152,-0.141088,0.246288,0.093102,0.096889,0.063046,0.075811,0.207305,8.433202,0.860524,22.908205
770,-0.058957,-0.076946,-0.044566,-0.020973,-0.195578,-0.370440,-0.304149,-0.361609,-0.037803,-0.363297,-2.987408,-0.473523,-7.887158
771,-0.140644,-0.035019,-0.036389,-0.028041,-0.317061,-0.082929,-0.063437,-0.025622,-0.048746,-0.043076,-0.959562,-0.655170,-2.618386
772,-0.038356,0.206933,0.181507,0.183239,-0.133591,0.203803,0.188907,0.261297,-0.023906,0.126100,-1.851196,-0.409523,-5.256864
773,-0.028892,0.139844,0.143114,0.160625,-0.091666,-0.003159,-0.017999,0.003117,-0.023890,-0.094213,-2.640128,-0.464069,-7.342486
774,-0.044537,0.071901,0.060665,0.092561,-0.132283,-0.119730,-0.111466,-0.119384,-0.029426,-0.244560,-3.090082,-0.462210,-8.174116
775,-0.049567,-0.045720,-0.013761,0.021503,-0.195251,-0.363770,-0.323730,-0.380276,-0.037366,-0.415090,-3.274691,-0.427667,-8.469803
776,0.003947,-0.000554,0.016369,0.049759,-0.060119,-0.259647,-0.238669,-0.263143,-0.018494,-0.306566,-3.219894,-0.361279,-8.346859
777,-0.000566,0.034157,0.047538,0.077732,-0.062104,-0.216068,-0.182109,-0.205857,-0.020143,-0.274594,-3.204775,-0.400496,-8.417913
778,-0.067953,-0.060376,-0.040201,0.010574,-0.163280,-0.354192,-0.289817,-0.322833,-0.035032,-0.483936,-3.281256,-0.542477,-8.631763
779,-0.099787,0.031680,0.041088,0.076059,-0.204570,-0.126549,-0.111190,-0.109651,-0.038862,-0.261540,-2.829082,-0.576008,-7.746157
780,0.025527,0.049760,0.074726,0.098156,-0.087297,-0.168763,-0.169843,-0.203696,-0.018053,-0.227791,-2.601933,-0.331152,-7.344548
781,-0.043390,-0.099075,-0.030959,0.005556,-0.191771,-0.388166,-0.362782,-0.426235,-0.039405,-0.416466,-3.117638,-0.469161,-8.203051
782,0.045542,0.043634,0.063757,0.092024,-0.015332,-0.171382,-0.170397,-0.192331,-0.009472,-0.231103,-2.397903,-0.252697,-6.841519
783,-0.050184,-0.045697,0.009501,0.038915,-0.197868,-0.325810,-0.285186,-0.343506,-0.034872,-0.412921,-2.996060,-0.453669,-8.072430
784,-0.038870,-0.070504,-0.013969,0.016476,-0.151676,-0.281608,-0.299606,-0.347775,-0.032528,-0.287952,-2.416489,-0.409284,-6.863773
785,-0.096368,-0.104673,-0.069604,-0.038993,-0.224046,-0.364450,-0.273690,-0.322420,-0.038632,-0.407621,-3.027592,-0.608457,-8.067744
786,0.081724,0.283272,0.221128,0.205097,0.040468,0.318821,0.268140,0.356114,-0.003455,0.264046,2.065190,0.097474,5.649908
787,-0.063695,-0.024314,-0.011903,0.006669,-0.179864,-0.216287,-0.206178,-0.234253,-0.036474,-0.238338,-2.090392,-0.541396,-5.905604
788,0.002399,0.011549,0.009871,0.031155,-0.087122,-0.267941,-0.206934,-0.236728,-0.021575,-0.328069,-2.814317,-0.467317,-7.673583
789,-0.064365,-0.080183,-0.046316,-0.030019,-0.136889,-0.215378,-0.177680,-0.217379,-0.026803,-0.246792,-2.500278,-0.254591,-6.711565
790,-0.070080,0.002637,0.023796,0.038267,-0.173122,-0.115220,-0.105353,-0.123185,-0.033272,-0.138939,-1.892000,-0.329348,-5.346900
791,-0.044989,-0.288775,-0.243450,-0.236091,-0.056317,-0.313968,-0.264306,-0.305077,0.007625,-0.232722,1.395626,0.219302,4.389856
792,-0.076270,-0.201746,-0.147215,-0.132570,-0.134789,-0.240914,-0.230286,-0.245836,-0.015953,-0.207364,-1.026089,-0.169744,-2.570914
793,-0.041018,-0.007964,-0.017679,-0.016448,-0.034829,-0.004004,0.006517,0.013780,-0.012091,0.005559,0.577599,-0.145628,1.375038
794,-0.060050,0.083688,0.051348,0.044620,-0.079512,0.146886,0.141157,0.169599,-0.021115,0.150139,1.820874,-0.114932,4.847008
795,-0.025599,0.050020,0.043773,0.050462,-0.040584,-0.062858,0.019278,-0.037477,-0.010475,-0.117197,-2.140153,-0.086533,-5.803875
796,-0.062752,-0.087784,-0.056509,-0.039794,-0.111002,-0.218640,-0.132947,-0.136151,-0.022212,-0.215365,-2.401049,-0.242123,-5.976969
797,0.002443,-0.005510,0.007025,0.017753,0.015722,-0.110727,-0.047656,-0.036545,-0.005089,-0.100988,-1.973567,-0.105195,-4.922709
798,-0.130960,-0.179568,-0.128334,-0.113658,-0.247331,-0.301070,-0.161754,-0.187388,-0.041514,-0.315598,-2.269068,-0.485477,-5.720976
799,-0.109577,0.022606,-0.006376,0.004457,-0.111965,0.090984,0.147891,0.133129,-0.017161,0.028937,1.219583,-0.310059,3.273968
800,-0.094287,-0.161680,-0.116440,-0.097782,-0.157969,-0.280182,-0.172432,-0.185137,-0.027711,-0.301136,-2.449354,-0.302758,-6.068254
801,0.211189,0.092208,0.109298,0.107688,0.363801,-0.121608,-0.037791,-0.063149,0.051064,-0.123685,-2.555650,0.390717,-5.853377
802,0.049479,-0.132231,-0.067328,-0.058897,0.044010,-0.371105,-0.313218,-0.333134,0.003166,-0.336167,-2.580942,-0.102756,-6.217591
803,0.119725,-0.017276,0.039590,0.043445,0.152913,-0.267030,-0.149158,-0.188882,0.021206,-0.307245,-3.124356,0.169065,-7.119622
804,-0.035418,-0.049222,-0.035251,-0.031283,0.030756,-0.047373,-0.076406,-0.066267,-0.001372,0.007534,1.304523,-0.038162,3.503090
805,0.141567,0.163711,0.137705,0.119436,0.292893,0.109951,0.099656,0.105510,0.038910,0.148425,0.291912,0.421912,1.505686
806,0.347560,-0.065006,-0.029112,-0.022676,0.976820,0.040026,-0.014831,-0.026123,0.207178,0.033353,1.161235,0.994525,4.116693
807,-0.052049,0.391479,0.254798,0.224333,-0.063156,0.687111,0.667708,0.689006,-0.015248,0.596747,8.816648,0.087323,21.924002
808,-0.046936,-0.041429,-0.048955,-0.033175,-0.070000,-0.148313,-0.096700,-0.096448,-0.012624,-0.121333,-1.843706,-0.061631,-4.546494
809,-0.057961,0.273795,0.180706,0.170838,-0.094709,0.391387,0.372427,0.420004,-0.018710,0.321874,2.314739,-0.060469,6.146484
810,-0.121149,-0.017600,-0.009285,-0.019001,-0.239588,0.033737,0.145866,0.183662,-0.038781,-0.055185,-0.271558,-0.475009,-0.284498
811,-0.178761,-0.247164,-0.243608,-0.251568,-0.190026,-0.174747,0.028482,-0.035544,-0.029018,-0.188537,5.025402,0.534745,12.270643
812,-0.023296,0.179921,0.158879,0.156574,-0.109161,0.127582,0.175406,0.190221,-0.030058,0.014137,-1.396343,-0.278358,-3.816379
813,0.002224,0.163703,0.160650,0.151720,-0.094999,0.167287,0.199156,0.222336,-0.015655,0.050077,-0.141863,-0.170220,0.108072
814,-0.094621,-0.090194,-0.080319,-0.064242,-0.166921,-0.024422,-0.050360,-0.028833,-0.026292,-0.029570,1.086601,-0.380562,2.594002
815,-0.077857,-0.085443,-0.076645,-0.073253,-0.072388,0.096938,0.018960,0.076520,-0.004821,0.135471,6.781705,0.035844,17.802408
816,-0.151370,-0.158658,-0.108769,-0.091133,-0.245613,-0.190829,-0.186121,-0.156606,-0.043166,-0.248228,-2.169903,-0.615414,-5.491826
817,-0.061341,-0.770720,-0.506727,-0.443152,-0.194219,-1.258534,-1.207915,-1.226635,-0.027698,-1.024836,-3.974219,-0.625014,-8.902937
818,0.044806,-0.909104,-0.640535,-0.586717,0.028276,-1.391297,-1.337955,-1.367674,0.012828,-1.030883,-4.192506,-0.125716,-8.906818
819,0.051732,-0.830155,-0.551424,-0.490151,0.023662,-1.331145,-1.297235,-1.375476,-0.000110,-0.999044,-4.054958,0.069119,-8.967031
820,0.033303,-0.866152,-0.594692,-0.538578,0.054784,-1.373580,-1.326277,-1.365462,0.010087,-0.941029,-4.150343,-0.026730,-8.961394
821,0.055242,-0.838370,-0.571734,-0.513845,0.012856,-1.333312,-1.277126,-1.340871,0.002919,-0.997226,-4.209543,-0.128246,-9.127802
822,0.106590,-1.028571,-0.654212,-0.613439,0.109741,-1.510649,-1.461297,-1.555519,0.033284,-1.029814,-4.285871,0.367978,-9.032371
823,-0.003386,-0.757078,-0.491848,-0.461189,-0.090205,-1.071983,-1.094255,-1.095251,-0.011967,-0.750931,-3.358358,-0.318480,-7.436069
824,-0.032593,-1.049757,-0.699798,-0.634045,-0.202579,-1.670600,-1.592906,-1.659004,-0.033580,-1.265578,-4.286928,-0.422207,-8.965970
825,0.005956,-0.791835,-0.503634,-0.460694,-0.058080,-1.196157,-1.175877,-1.199406,-0.015077,-0.902639,-4.072541,-0.290163,-8.789634
826,0.043017,-0.963045,-0.611062,-0.555228,-0.031779,-1.469007,-1.404895,-1.453764,-0.005211,-1.095891,-4.284772,-0.277685,-8.940357
827,-0.102420,-0.796660,-0.501590,-0.465896,-0.235111,-1.203745,-1.146892,-1.234275,-0.039254,-0.927382,-3.922273,-0.448464,-8.683750
828,-0.229568,-0.957716,-0.639838,-0.571122,-0.477947,-1.534236,-1.408594,-1.503059,-0.071244,-1.268997,-4.342763,-0.876971,-8.946098
829,0.018348,-0.647565,-0.397148,-0.357243,0.010434,-1.097151,-0.987243,-1.047015,0.000111,-0.820148,-4.021538,-0.002279,-8.547384
830,-0.144154,0.063079,0.039388,0.024624,-0.260218,0.168409,0.144182,0.151073,-0.042939,0.128331,2.481733,-0.399532,6.030867
831,-0.099034,-0.507302,-0.359459,-0.320848,-0.201625,-0.826299,-0.755859,-0.799062,-0.034083,-0.663445,-3.492902,-0.467914,-8.331644
832,-0.138378,-0.670280,-0.446286,-0.409348,-0.294033,-1.090347,-1.000080,-1.072004,-0.046428,-0.889388,-3.764270,-0.425255,-8.532816
833,0.026251,-0.526342,-0.364367,-0.325923,-0.030238,-0.921359,-0.860614,-0.926636,0.001380,-0.704985,-3.667150,-0.115429,-8.536657
834,-0.059020,0.227651,0.147031,0.130780,-0.123150,0.378899,0.376054,0.352251,-0.021652,0.283757,5.041511,-0.126719,12.438549
835,0.031003,-0.517520,-0.351479,-0.324775,0.053759,-0.874235,-0.790323,-0.838163,0.016808,-0.643262,-3.304789,-0.004618,-7.684424
836,-0.007467,-0.509456,-0.339312,-0.322655,-0.076513,-0.799411,-0.759149,-0.772785,-0.000972,-0.527322,-2.607067,-0.217977,-5.993531
837,0.069470,-0.272555,-0.142655,-0.135506,0.056668,-0.433326,-0.427668,-0.423958,0.015399,-0.290749,-2.921490,0.112770,-6.789532
838,0.017722,0.174149,0.109958,0.113430,0.010866,0.195139,0.241864,0.195084,0.001999,0.080151,2.241982,0.046895,5.528120
839,-0.031314,-0.380159,-0.251465,-0.240293,-0.053488,-0.574495,-0.563142,-0.559138,-0.003134,-0.382308,-2.310084,-0.043879,-5.141123
840,-0.059976,-0.773217,-0.521005,-0.487187,-0.137860,-1.208838,-1.151309,-1.177385,-0.015818,-0.903606,-4.104420,-0.472319,-8.851425
841,-0.157497,-0.637273,-0.421865,-0.395206,-0.266894,-0.979688,-0.885907,-0.976702,-0.034461,-0.772769,-3.640133,-0.445500,-8.362768
842,-0.165155,-0.845266,-0.540342,-0.498605,-0.335163,-1.349291,-1.217925,-1.299811,-0.052201,-1.016956,-4.036189,-0.551088,-8.892017
843,0.016321,0.796073,0.550702,0.478905,0.102466,1.314035,1.255157,1.303036,0.010587,1.092290,13.053757,0.108445,32.338287
844,-0.106997,-1.401026,-0.905052,-0.844665,-0.323108,-2.147020,-1.999265,-2.085217,-0.044436,-1.684299,-4.778423,-0.497700,-9.474699
845,-0.193456,-2.010440,-1.400291,-1.255496,-0.536973,-3.146781,-2.940862,-3.085814,-0.062520,-2.474185,-5.363426,-1.000383,-10.932812
846,-0.165521,-1.966819,-1.328094,-1.228078,-0.454857,-3.066539,-2.831910,-3.006413,-0.057551,-2.299655,-5.066987,-0.693172,-10.136103
847,0.044970,-2.075947,-1.403064,-1.290045,-0.098076,-3.208074,-2.956394,-3.116332,-0.002849,-2.308326,-5.141589,-0.340981,-10.208591
848,-0.022036,-2.256226,-1.534461,-1.419576,-0.215394,-3.480159,-3.161032,-3.363640,-0.021724,-2.500321,-5.253881,-0.420672,-10.519846
849,-0.099086,-2.258584,-1.547394,-1.436184,-0.388882,-3.397772,-3.144052,-3.289856,-0.038393,-2.484549,-5.252382,-0.914954,-10.534537
850,-0.047279,-2.042828,-1.401745,-1.320167,-0.243236,-2.956841,-2.805334,-2.852976,-0.025377,-2.090015,-4.863168,-0.543506,-9.756417
851,-0.293459,-2.763506,-1.985191,-1.799761,-0.663997,-4.394615,-4.047141,-4.308529,-0.070317,-3.347789,-5.767674,-0.709676,-12.138868
852,0.183458,-2.378923,-1.655610,-1.510276,0.003632,-3.772348,-3.402385,-3.576181,0.021625,-2.706658,-5.431664,-0.142199,-11.130359
853,-0.235295,-2.447447,-1.739896,-1.604895,-0.460759,-3.671817,-3.312075,-3.534951,-0.054690,-2.813465,-5.339684,-0.907037,-10.830083
854,-0.035341,-2.338457,-1.647355,-1.513098,-0.186823,-3.545013,-3.208830,-3.410208,-0.012401,-2.642234,-5.280274,-0.608503,-10.713668
855,-0.036609,-1.940054,-1.351691,-1.256127,-0.199026,-2.873327,-2.708172,-2.765047,-0.003623,-2.188110,-5.032180,-0.762177,-10.064882
856,-0.123511,-1.460607,-0.977546,-0.901796,-0.327399,-2.319445,-2.149385,-2.283852,-0.049008,-1.773505,-4.744235,-0.714425,-9.492033
857,-0.015759,0.199100,0.113814,0.090347,0.027678,0.347291,0.292579,0.318299,0.007894,0.328557,3.937241,-0.145303,10.298414
858,0.088933,-0.297492,-0.191276,-0.164591,0.144913,-0.493814,-0.441921,-0.472385,0.024278,-0.389986,-2.009377,0.050692,-4.876828
859,-0.041193,0.189214,0.161895,0.132964,-0.095193,0.392259,0.358231,0.365065,-0.000272,0.335100,3.256927,-0.173318,8.638983
860,0.191533,-0.071918,-0.073643,-0.037864,0.318332,-0.129162,-0.065330,0.003810,0.076074,-0.095726,-1.881400,0.386239,-4.004012
861,0.054885,-0.028976,-0.011799,-0.010757,0.120015,0.009226,0.067800,0.096208,0.027684,-0.035410,-0.107026,0.053532,0.263811
862,0.056449,-0.404644,-0.323761,-0.271991,0.132832,-0.631155,-0.540257,-0.552063,0.039801,-0.459692,-3.252501,0.503488,-7.725436
863,-0.207108,0.131351,0.085145,0.060929,-0.362002,0.366325,0.265629,0.251284,-0.055673,0.367682,6.928204,-0.672638,16.876318
864,0.040707,-0.007962,0.017355,0.007378,0.111181,0.047317,0.033030,0.035185,0.017129,0.090426,1.747997,0.152988,5.077852
865,-0.044066,-0.298654,-0.131673,-0.138253,-0.056244,-0.453751,-0.455470,-0.510253,-0.016380,-0.318296,-0.769022,-0.178882,-1.698812
866,-0.026893,-0.301532,-0.184269,-0.192841,-0.000635,-0.429699,-0.469151,-0.496949,0.000286,-0.224416,-0.873321,-0.218514,-1.799603
867,-0.089518,-0.716852,-0.439317,-0.430650,-0.138473,-1.045341,-1.021830,-1.138281,-0.005343,-0.673909,-3.532228,-0.249405,-7.879733
868,-0.113011,-0.861831,-0.538867,-0.516409,-0.138246,-1.275978,-1.238947,-1.345575,-0.008365,-0.901248,-4.046183,-0.410280,-8.768402
869,0.181994,-0.879745,-0.505949,-0.481783,0.345592,-1.485344,-1.438287,-1.601542,0.082186,-0.989538,-4.098522,0.137441,-8.770279
870,-0.058823,-0.993689,-0.636568,-0.605165,-0.062545,-1.514791,-1.445523,-1.555007,0.007520,-1.058861,-4.215066,-0.220514,-8.915245
871,0.000822,-0.671154,-0.369701,-0.357122,0.007720,-1.064055,-1.026901,-1.146629,0.005372,-0.743270,-3.125406,-0.033277,-6.939720
872,0.050555,-0.854816,-0.548118,-0.501499,0.160244,-1.330505,-1.213029,-1.305410,0.042288,-0.961249,-4.200744,0.158779,-8.893906
873,-0.256080,-0.410933,-0.288011,-0.279870,-0.422606,-0.486632,-0.477124,-0.523172,-0.058870,-0.366984,-2.570933,-0.842566,-6.179318
874,-0.215670,-0.329837,-0.196061,-0.186247,-0.372615,-0.489500,-0.513745,-0.569715,-0.062382,-0.377765,-2.196296,-0.713361,-5.632034
875,-0.467068,-1.291213,-0.852865,-0.790959,-0.834844,-2.160551,-1.848554,-2.204544,-0.098482,-1.527443,-4.496506,-1.233154,-9.155540
876,-0.046034,0.261592,0.183984,0.160090,-0.177504,0.475188,0.413898,0.455474,-0.019246,0.389152,1.944023,-0.454413,4.918337
877,-0.049549,-0.234795,-0.151587,-0.144287,-0.090563,-0.347402,-0.323889,-0.344615,-0.009173,-0.263227,-2.317987,-0.244599,-5.665122
878,-0.385241,0.269482,0.168234,0.141039,-0.629847,0.690099,0.594799,0.554306,-0.087475,0.565101,5.769812,-1.012954,13.901567
879,-0.156782,0.138739,0.121571,0.098052,-0.327253,0.354285,0.339206,0.387433,-0.048793,0.270860,0.574759,-0.679899,1.243937
880,-0.313012,0.159042,0.100752,0.077517,-0.509850,0.505424,0.473313,0.432512,-0.074010,0.379102,5.696383,-0.863691,13.510593
881,-0.296439,0.088374,0.044546,0.038633,-0.490537,0.291980,0.268355,0.248622,-0.075211,0.167281,2.653717,-0.910788,5.951271
882,-0.278239,-0.288985,-0.278254,-0.225196,-0.517098,-0.512559,-0.355136,-0.427894,-0.065070,-0.553505,-2.534248,-0.652252,-6.790348
883,-0.071266,-0.118746,-0.149393,-0.186992,-0.168578,0.093706,0.083864,0.119568,-0.005865,0.165497,6.340153,0.158792,16.622744
884,0.152416,-0.079123,-0.085023,-0.077768,0.388946,-0.189489,-0.141554,-0.175590,0.080651,-0.033846,-0.403229,0.370480,-0.499378
885,0.005740,-0.062049,-0.093781,-0.060220,0.000745,-0.182979,-0.089939,-0.117519,0.016067,-0.120367,-1.285689,0.462847,-3.150257
886,-0.442522,-0.274589,-0.201212,-0.196631,-0.732553,-0.117332,-0.160591,-0.255643,-0.089975,-0.062115,0.809619,-1.381560,2.101465
887,-0.012742,-0.057431,-0.052018,-0.056623,-0.103878,-0.113256,-0.084147,-0.104151,-0.011270,-0.088894,-2.132679,-0.172771,-5.655098
888,0.039167,-0.004861,0.005467,-0.016798,-0.038077,-0.029615,-0.025390,-0.030193,-0.009260,0.020174,0.293279,-0.002648,0.802250
889,-0.219959,-0.206747,-0.181214,-0.166901,-0.422453,-0.252324,-0.208955,-0.249779,-0.061915,-0.240242,-1.752554,-0.745034,-5.150824
890,0.077706,0.016463,0.030798,0.006595,0.002892,0.001942,-0.035152,-0.027678,0.004200,0.085113,0.177189,0.056503,0.427731
891,-0.058041,-0.025266,-0.041388,-0.048856,-0.221984,0.008270,0.042506,0.062786,-0.021982,-0.016019,-0.966121,-0.202730,-2.384658
892,-0.114202,-0.090719,-0.098948,-0.104125,-0.202660,0.081614,0.009411,0.025255,-0.019387,0.129136,1.199200,-0.277305,2.996767
893,-0.281103,-0.113429,-0.100474,-0.101268,-0.426894,0.096027,0.066451,-0.074295,-0.053808,0.165169,2.101145,-0.472225,5.084957
894,0.069042,0.086140,0.068890,0.082428,0.246365,0.352438,0.375934,0.354435,0.057193,0.130146,0.142917,0.497367,0.854713
895,-0.318865,-0.394309,-0.232804,-0.212365,-0.579038,-0.615217,-0.589210,-0.636930,-0.091965,-0.527306,-1.918939,-1.128404,-5.455011
896,0.089149,0.134707,0.143698,0.131035,0.079054,0.052248,0.081060,0.075124,0.004641,-0.006989,0.102579,0.195951,0.896643
897,0.241131,0.247571,0.198308,0.163559,0.532163,0.463317,0.399140,0.497784,0.118453,0.458843,2.035077,0.638097,6.536646
898,0.030280,-0.010089,-0.021604,-0.028399,0.091928,0.086336,0.051650,0.099676,0.029902,0.115477,0.533185,0.184395,1.995478
899,-0.107997,-0.684183,-0.534282,-0.472003,-0.140957,-1.190833,-1.017319,-1.193637,-0.032175,-0.946902,-3.485682,0.137719,-8.590780
900,-0.380111,-0.820699,-0.659592,-0.563181,-0.562994,-1.291074,-1.186681,-1.410010,-0.101169,-1.059912,-3.030210,-0.222841,-8.269094
901,-0.092773,-0.111965,-0.112872,-0.112260,-0.068968,-0.042645,-0.005487,-0.008793,-0.002520,-0.068605,-0.071410,-0.023870,0.641607
902,-0.511648,-0.821858,-0.699914,-0.618112,-0.868488,-1.363521,-1.101099,-1.270378,-0.117999,-1.295249,-3.583750,-1.136063,-8.932271
903,-0.475695,-1.041285,-0.756760,-0.666709,-0.764248,-1.735783,-1.462837,-1.700703,-0.116159,-1.412349,-4.062089,-0.903620,-9.194459
904,-0.568853,-1.666083,-1.314197,-1.153214,-1.013574,-3.021017,-2.571620,-3.035211,-0.142270,-2.385079,-5.040270,-0.244769,-10.555774
905,-0.582349,-1.739818,-1.371864,-1.198086,-0.977851,-3.045348,-2.610584,-3.050757,-0.140114,-2.445571,-4.627638,-0.324849,-10.033902
906,-0.604129,-1.396337,-1.097365,-0.950085,-1.056787,-2.555473,-2.123665,-2.524718,-0.148923,-2.145461,-4.858621,-0.542955,-10.272808
907,-0.407097,-1.178102,-0.883363,-0.765723,-0.718859,-2.162182,-1.833849,-2.169727,-0.116928,-1.688961,-4.431103,-0.049242,-9.423988
908,-0.532444,-1.170347,-0.911219,-0.794207,-0.886034,-2.050742,-1.749456,-2.074769,-0.131394,-1.597153,-4.013720,-0.648551,-9.161085
909,-0.449009,-0.853779,-0.664064,-0.581905,-0.764786,-1.462134,-1.243917,-1.470693,-0.115989,-1.233956,-3.703380,-0.942027,-8.843307
910,-0.473784,-1.405842,-1.094044,-0.948665,-0.802892,-2.475871,-2.099088,-2.425743,-0.123649,-1.966917,-4.800597,-0.096651,-9.919374
911,-0.411358,-1.301495,-0.987483,-0.847946,-0.738351,-2.390845,-2.056546,-2.395678,-0.117467,-1.846771,-4.594792,0.010502,-9.704114
912,-0.423457,-1.050966,-0.759028,-0.640392,-0.717057,-2.075336,-1.728205,-2.088566,-0.113070,-1.619145,-4.411321,0.244668,-9.437837
913,-0.381422,-1.275349,-0.996129,-0.888217,-0.686077,-2.381001,-2.001199,-2.401079,-0.103746,-1.784874,-4.451589,0.353255,-9.233177
914,-0.459494,-1.517138,-1.171223,-1.012636,-0.838460,-2.815455,-2.398817,-2.807484,-0.126927,-2.259106,-5.080313,-0.120102,-10.557522
915,0.348138,0.377526,0.346331,0.251726,1.021876,0.618102,0.542354,0.641061,0.231428,0.900424,5.607669,1.674371,17.505026
916,-0.340879,-0.594222,-0.404611,-0.366071,-0.527653,-0.879005,-0.642353,-0.741257,-0.086232,-0.720651,-3.535100,-0.857454,-8.668642
917,0.319937,0.523429,0.342787,0.267720,0.630554,0.758371,0.628621,0.777956,0.150555,0.817792,10.478653,1.097721,28.310335
918,-0.237667,-0.590006,-0.449651,-0.392076,-0.403452,-0.884497,-0.816651,-0.941832,-0.070109,-0.681589,-2.944433,-0.560760,-7.670185
919,0.619021,-0.240835,-0.216710,-0.306333,1.874882,-0.549282,-0.730297,-0.971394,0.275193,0.669294,18.295013,21.238953,52.198372
920,-0.680352,-1.558276,-1.273456,-1.114658,-1.145215,-2.653084,-2.248231,-2.637488,-0.146436,-2.187407,-4.748044,-1.256902,-10.117737
921,-0.369477,-0.803452,-0.629681,-0.560641,-0.586242,-1.188753,-1.025693,-1.176899,-0.084442,-0.993742,-3.261846,-0.784964,-8.346603
922,-0.103545,-0.193823,-0.159144,-0.141004,-0.145020,-0.261203,-0.189784,-0.181839,-0.017247,-0.283092,-2.751912,-0.400639,-6.694017
923,-0.044388,-0.350775,-0.274903,-0.243498,-0.122576,-0.678332,-0.626794,-0.767325,-0.018394,-0.425613,-1.943015,0.096906,-5.005212
924,-0.124694,-0.405578,-0.300161,-0.269951,-0.198444,-0.656390,-0.518406,-0.647333,-0.024060,-0.476233,-2.891297,0.060102,-6.934372
925,0.006735,-0.123233,-0.081581,-0.084623,-0.054137,-0.322248,-0.256042,-0.304163,-0.012453,-0.286539,-1.330785,0.021436,-3.269897
926,0.092029,0.078522,0.055826,0.047259,0.156001,0.026953,0.101494,0.119521,0.027888,0.009952,0.019504,0.004009,0.381617
927,-0.081368,-0.064961,-0.024139,-0.014216,-0.222245,-0.112258,0.091339,0.076611,-0.018441,-0.197380,-3.522969,-0.321011,-8.328699
928,-0.056849,-0.332598,-0.283397,-0.244158,-0.121804,-0.705656,-0.503648,-0.604171,-0.017718,-0.654603,-3.532870,0.110633,-8.358360
929,-0.098549,-0.260643,-0.194656,-0.142668,-0.228916,-0.507307,-0.422911,-0.526291,-0.026015,-0.566393,-3.438691,-0.432379,-8.443446
930,0.130582,0.303639,0.214103,0.194366,0.144563,0.285946,0.122869,0.119622,0.027497,0.335798,1.585639,0.548496,3.969107
931,-0.040162,-0.087354,-0.118365,-0.109473,-0.032024,-0.107744,-0.097368,-0.100147,0.001537,-0.068659,0.037100,0.033953,0.529470
932,1.128724,0.269494,0.365730,0.378445,1.822343,-0.504589,-0.499816,-0.883388,0.373085,-0.051986,0.658344,2.889063,2.641918
933,-0.042738,-0.198416,-0.147614,-0.153581,-0.087876,-0.435269,-0.350051,-0.450491,-0.025589,-0.339125,-1.323046,0.004601,-3.439800
934,-0.001440,0.065698,0.030407,0.009733,0.001784,0.189640,0.226530,0.263727,0.018350,0.158907,1.162432,-0.019633,4.119385
935,-0.204514,-0.128987,-0.133214,-0.112854,-0.316350,-0.156769,-0.151433,-0.193561,-0.045934,-0.191483,0.265175,-0.353725,0.272173
936,-0.150955,-0.056929,-0.026710,-0.033672,-0.355671,-0.060795,0.064725,-0.041467,-0.012865,-0.228260,-1.069780,0.329078,-1.837342
937,-0.144153,-0.049185,-0.080662,-0.086491,-0.282180,0.066069,0.061379,0.114306,-0.028762,0.014000,0.291333,-0.415900,0.636559
938,-0.358546,-0.563567,-0.465664,-0.417064,-0.540562,-0.851456,-0.809825,-0.901768,-0.096220,-0.796865,-2.476438,-0.968062,-6.931415
939,-0.015302,-0.789689,-0.720877,-0.656018,-0.011706,-1.279874,-1.229276,-1.375299,0.011362,-0.961960,-2.495173,0.468886,-6.827468
940,0.291101,-0.134319,-0.182872,-0.155672,0.432960,-0.257530,-0.352045,-0.406303,0.096419,-0.200508,-0.965445,0.648078,-2.409033
941,-0.490089,-0.952491,-0.772120,-0.682785,-0.732314,-1.383128,-1.300648,-1.379846,-0.118231,-1.187639,-1.526925,-1.304542,-4.581867
942,0.287841,-0.302862,-0.337352,-0.294005,0.463867,-0.618742,-0.667600,-0.741082,0.103888,-0.338573,-2.996333,0.819539,-7.565721
943,0.227566,-0.488104,-0.463452,-0.393912,0.347919,-0.950105,-0.995212,-1.106773,0.056649,-0.636974,-3.005823,0.604145,-7.817700
944,0.185742,-0.532454,-0.487026,-0.438885,0.314111,-0.880590,-0.912110,-1.019251,0.082351,-0.565048,-3.219092,0.416677,-7.910882
945,0.444402,-0.299268,-0.271400,-0.230736,0.688740,-0.698816,-0.766998,-0.887330,0.150064,-0.452914,-2.915870,0.439371,-7.750710
946,1.147430,0.615049,0.568248,0.458982,3.260816,-0.059312,-0.348858,-0.428439,0.475668,1.312197,2.393062,17.639961,7.737803
947,-0.053982,-0.308353,-0.277598,-0.241827,-0.104987,-0.539073,-0.517188,-0.565993,-0.017720,-0.465879,-2.232997,-0.051053,-5.957662
948,0.185183,0.290183,0.234893,0.216174,0.431894,0.433590,0.388484,0.481516,0.089316,0.404275,-1.034633,0.316044,-2.012744
949,0.600826,0.261189,0.237743,0.204019,1.101997,0.025360,-0.027759,-0.087241,0.230881,0.400200,-0.482042,1.340722,-0.342560
950,-0.014149,-0.192812,-0.079239,-0.082888,0.041440,-0.368119,-0.336450,-0.393780,-0.011110,-0.241936,1.093685,0.382024,3.390820
951,0.048535,-0.475678,-0.385725,-0.409677,0.051109,-0.912287,-0.911306,-1.074790,0.039064,-0.309218,7.081289,0.452368,19.677809
952,0.066451,-0.200054,-0.252388,-0.218534,-0.025074,-0.416973,-0.374512,-0.418121,0.018690,-0.313873,-2.568365,-0.211126,-6.698374
953,-0.128729,-0.134570,-0.151858,-0.129467,-0.383760,-0.210536,-0.198776,-0.235643,-0.042754,-0.191333,-1.618274,-0.714268,-4.507407
954,0.682781,0.491604,0.362700,0.304576,1.539466,0.304444,0.260381,0.245001,0.327163,0.868472,-1.747921,2.114541,-3.321227
955,0.718082,0.362691,0.411570,0.315732,1.796919,-0.043408,-0.089441,-0.145503,0.366602,0.866021,4.998121,14.386704,16.248449
956,1.054867,0.687529,0.680118,0.559454,3.078657,0.311991,0.191465,0.233891,0.607504,1.403881,-1.417425,14.580338,-1.723664
957,-0.134183,-0.211739,-0.297965,-0.243573,-0.165945,-0.113022,-0.027917,0.035643,-0.019919,-0.277298,-2.634944,-0.331267,-6.820387
958,-0.624855,-1.134195,-1.217398,-1.071628,-0.774889,-1.316785,-0.954970,-0.912824,-0.132628,-1.461207,-4.118695,-2.327388,-10.147211
959,-0.705343,-0.822846,-0.851887,-0.748471,-0.750725,-0.758083,-0.508303,-0.522395,-0.142880,-0.987053,-2.836015,-2.272120,-7.966757
960,-0.542061,-1.023336,-1.048483,-0.930393,-0.520426,-1.061586,-0.700861,-0.742309,-0.108696,-1.182370,-2.559132,-1.654688,-7.038502
961,-0.487097,-0.937067,-1.002152,-0.906692,-0.563109,-1.144383,-0.744500,-0.689389,-0.120346,-1.275262,-3.333097,-1.673849,-9.290760
962,-0.638685,-0.739795,-0.814130,-0.733294,-0.826561,-0.658472,-0.179469,-0.066635,-0.133361,-1.030483,-3.516712,-2.134577,-9.753736
963,-0.127105,-0.273463,-0.311765,-0.258371,-0.190942,-0.225328,-0.115149,-0.039744,-0.035135,-0.437760,-2.580861,-0.625284,-6.474223
964,-0.626804,-0.299099,-0.030532,-0.003277,-0.810030,0.196883,0.345150,0.657660,-0.132930,-0.642533,-1.748734,-2.130280,-5.518402
965,-0.291993,-0.234166,-0.223275,-0.157474,-0.577487,-0.307173,-0.207136,-0.234795,-0.085093,-0.516628,-2.446568,-1.358621,-7.397177
966,0.020464,-1.264438,-1.157538,-0.959325,-0.221007,-1.990358,-1.572746,-1.818656,-0.049243,-1.973426,-4.362742,-1.510754,-10.473341
967,-0.480037,-1.113099,-1.169486,-1.044952,-0.604217,-1.414248,-1.071435,-1.038305,-0.118456,-1.461506,-3.896307,-1.866919,-9.898083
968,-0.505617,-0.969850,-1.028745,-0.907644,-0.648204,-1.175983,-0.761263,-0.716365,-0.120808,-1.415435,-4.009851,-2.006476,-10.073614
969,-0.449719,-0.586436,-0.579736,-0.519372,-0.529780,-0.577449,-0.342838,-0.265106,-0.106811,-0.816051,-3.002460,-1.460664,-7.930526
970,-0.344054,-0.761112,-0.669597,-0.612927,-0.370691,-0.902051,-0.651226,-0.671155,-0.091775,-1.037481,-1.432048,-0.915756,-3.804264
971,-0.163453,-0.347382,-0.362888,-0.286761,-0.221483,-0.209656,0.000854,0.085936,-0.041843,-0.557377,-2.311690,-0.780561,-5.576731
972,-0.411639,-0.600870,-0.577102,-0.516068,-0.454167,-0.468904,-0.231678,-0.181777,-0.092005,-0.736164,-2.343440,-1.469486,-5.132688
973,0.398598,-0.146517,-0.047467,0.031547,0.446341,-0.136836,0.001716,-0.052698,0.099647,-0.494683,-2.737720,0.246029,-6.258286
974,-0.239295,0.043729,-0.091418,-0.064911,-0.270233,0.440308,0.540360,0.691900,-0.036254,-0.024392,-2.244907,-0.859173,-5.280317
975,-0.272930,-1.058163,-1.017226,-0.896470,-0.304342,-1.415315,-1.085387,-1.115923,-0.073932,-1.474000,-3.586980,-0.974356,-9.218382
976,-0.335169,0.007957,0.053966,0.049335,-0.226561,0.600719,0.640340,0.938528,-0.064186,-0.037173,2.639976,-0.723970,7.114910
977,-0.200714,-0.224476,-0.221169,-0.200244,-0.227295,-0.078990,0.033836,0.092059,-0.025882,-0.248107,-0.481390,-0.211202,-0.604042
978,-0.225637,0.007204,0.125734,0.101546,-0.172228,0.380764,0.376542,0.527490,-0.042812,-0.070974,2.953187,-0.460835,8.641241
979,-0.202091,-0.045016,-0.115906,-0.086828,-0.468892,-0.053787,-0.020415,-0.019167,-0.061282,-0.178853,-1.013189,-0.883848,-3.352625
980,-0.633566,-0.599584,-0.623185,-0.525245,-1.009275,-0.897585,-0.707884,-0.765702,-0.154807,-1.034937,-1.417001,-2.031123,-7.533212
981,-0.107109,-0.126275,-0.210777,-0.172704,-0.153673,-0.037813,0.074461,0.124205,-0.019771,-0.251367,-1.646090,-0.333072,-4.527596
982,-0.586022,-0.670302,-0.747070,-0.641467,-0.769387,-0.899469,-0.551414,-0.506783,-0.146577,-1.186284,-2.150531,-1.968694,-8.742476
983,-0.657168,-0.473248,-0.644245,-0.544158,-0.848186,-0.464884,-0.141791,-0.000633,-0.149851,-0.925003,-0.720221,-2.089995,-6.418331
984,-0.586009,-0.427404,-0.649082,-0.537378,-0.765350,-0.425090,-0.108044,0.026725,-0.140241,-0.852527,-2.292313,-2.103800,-8.858742
985,-0.628609,-0.531405,-0.662418,-0.536346,-0.818202,-0.769745,-0.385163,-0.382218,-0.156841,-1.174317,-2.008681,-2.148758,-8.969739
986,-0.808308,-0.434437,-0.669378,-0.468770,-1.196892,-0.674413,-0.254366,-0.060676,-0.177237,-1.431617,-3.772544,-2.675443,-10.391111
987,-0.625759,-0.520919,-0.706168,-0.597416,-0.819933,-0.545321,-0.229644,-0.095581,-0.142553,-0.910912,-2.103112,-2.227685,-8.602186
988,-0.666878,-0.741968,-0.874631,-0.758429,-0.909886,-1.084761,-0.699414,-0.700524,-0.160305,-1.319465,-1.386029,-2.184053,-8.184311
989,-0.714431,-0.716086,-0.854816,-0.730968,-0.949432,-0.910823,-0.502619,-0.428498,-0.159896,-1.228475,-1.360297,-2.342828,-7.980029
990,-0.813539,-0.420338,-0.356275,-0.271412,-1.148749,-0.227293,0.039814,0.228776,-0.167546,-0.926967,-3.150776,-2.754590,-9.773159
991,-0.546522,-0.090329,-0.180398,-0.120824,-0.883432,0.041058,0.109713,0.152771,-0.129191,-0.282849,0.589839,-1.882311,-1.288572
992,-0.569283,-0.546598,-0.718170,-0.603065,-0.760589,-0.686351,-0.400038,-0.313127,-0.139077,-0.941743,-1.562598,-2.012467,-8.250757
993,-0.602336,-0.588094,-0.721910,-0.620562,-0.806736,-0.815769,-0.450835,-0.421909,-0.148786,-1.131134,-1.810053,-1.897547,-8.483615
994,-0.572382,-0.600670,-0.743599,-0.623414,-0.790652,-0.775760,-0.424842,-0.366579,-0.138197,-1.074980,-2.341177,-2.040526,-9.033116
995,-0.673114,-0.431525,-0.596183,-0.479104,-0.973368,-0.519346,-0.283257,-0.204559,-0.153741,-0.840400,-1.351226,-2.250138,-8.002504
996,-0.724708,-0.482465,-0.556501,-0.446037,-1.095789,-0.701089,-0.501974,-0.460635,-0.169132,-1.014585,-1.102844,-2.328442,-7.746755
997,0.157652,-0.038194,-0.168230,-0.124619,0.245042,-0.034329,0.103020,0.144752,0.065668,-0.181087,-1.645671,0.236501,-4.223697
998,-0.607616,-0.535522,-0.606532,-0.507424,-0.768009,-0.695367,-0.417864,-0.405935,-0.145926,-0.975174,-0.970250,-1.887008,-6.282405
999,-0.525671,-0.336350,-0.497205,-0.398810,-0.687436,-0.331292,-0.125409,-0.035321,-0.126500,-0.643319,-0.351007,-1.707176,-4.607979
1000,-0.348444,-0.066797,-0.254864,-0.188206,-0.502254,0.044926,0.200098,0.314411,-0.087672,-0.337213,-2.190219,-1.070071,-7.047144
1001,-0.213940,-0.271427,-0.278787,-0.244788,-0.292784,-0.260327,-0.164066,-0.130349,-0.066691,-0.429607,-0.579186,-0.494444,-2.571034
1002,-0.405584,-0.201309,-0.275510,-0.221581,-0.622231,-0.155519,-0.048083,0.000049,-0.104265,-0.404482,-0.543258,-1.241760,-3.123960
1003,-0.549006,-0.072166,-0.243844,-0.176121,-0.773177,0.194667,0.301090,0.481171,-0.120277,-0.274783,-1.563934,-1.870634,-6.814018
1004,-0.883836,-0.515628,-0.497185,-0.403941,-1.283069,-0.383994,-0.111471,0.062146,-0.175303,-1.012938,-2.095792,-2.919314,-8.876925
1005,-0.524194,-0.156947,-0.255507,-0.186600,-0.802079,-0.042533,0.044807,0.162617,-0.121987,-0.410863,-1.877893,-1.915557,-7.291415
1006,0.400013,-0.022903,-0.046205,-0.038771,0.856254,-0.284652,-0.176360,-0.249058,0.185677,0.014773,-2.836013,1.612479,-5.965831
1007,-0.472559,-1.072870,-0.789216,-0.705451,-0.841930,-1.495128,-1.305428,-1.332388,-0.113000,-1.373189,-4.108582,-2.009388,-9.251541
1008,-0.187794,-0.641112,-0.427490,-0.392596,-0.326617,-0.861894,-0.749181,-0.769455,-0.040318,-0.719748,-3.685766,-0.635420,-8.440718
1009,-0.470455,-1.330906,-0.996518,-0.928267,-0.851388,-1.788526,-1.764669,-1.829397,-0.115185,-1.275337,-0.826516,-1.634944,-1.542216
1010,-0.068828,-1.157190,-0.859145,-0.781775,-0.280627,-1.734997,-1.537850,-1.671354,-0.029430,-1.299296,-4.016493,-0.344481,-9.025801
1011,-0.273527,-1.672839,-1.177682,-1.088267,-0.533091,-2.386693,-2.169099,-2.288731,-0.084662,-1.809354,-4.570029,-1.135438,-9.710505
1012,-0.050960,-1.050640,-0.739326,-0.680222,-0.297695,-1.524911,-1.369521,-1.460443,-0.021104,-1.094085,-4.345201,-0.598171,-9.120867
1013,-0.263209,-1.947227,-1.342337,-1.222120,-0.672840,-2.759454,-2.451299,-2.609677,-0.076598,-2.113271,-5.022700,-1.645824,-10.308457
1014,-0.170255,-1.708747,-1.198534,-1.103334,-0.489873,-2.461891,-2.216127,-2.347305,-0.063073,-1.824075,-4.795312,-1.034453,-9.815701
1015,-0.168148,-1.655690,-1.126402,-1.038692,-0.473680,-2.284026,-2.111375,-2.242322,-0.055139,-1.601578,-4.648146,-1.108267,-9.642580
1016,-0.189880,-1.936208,-1.325570,-1.229216,-0.471524,-2.621582,-2.412018,-2.528072,-0.057769,-1.874866,-4.700116,-0.892682,-9.529398
1017,-0.347328,-1.701788,-1.190687,-1.102009,-0.846499,-2.273121,-2.125771,-2.163057,-0.101180,-1.682402,-4.225492,-2.027311,-8.967236
1018,-0.069904,-1.790401,-1.261545,-1.176579,-0.119406,-2.446233,-2.153163,-2.249207,0.019261,-1.710889,-4.537324,0.936871,-8.684029
1019,-0.246043,-1.662166,-1.122406,-1.023987,-0.544600,-2.258851,-2.057839,-2.136288,-0.066801,-1.686579,-4.699836,-1.261723,-9.486751
1020,-0.178971,-1.666934,-1.129448,-1.042996,-0.470102,-2.286665,-2.074445,-2.126688,-0.035371,-1.691600,-4.803391,-0.772628,-9.422913
1021,-0.018371,-1.910157,-1.579476,-1.424433,-0.026717,-3.008635,-2.536376,-2.740065,0.041682,-2.437914,-5.186284,-0.147100,-11.105413
1022,-0.225798,-0.350342,-0.290104,-0.263233,-0.392681,-0.371479,-0.333012,-0.306582,-0.051088,-0.397240,-2.048933,-0.893753,-5.113753
1023,0.069365,0.125630,0.124414,0.107913,0.129443,0.115955,0.058777,0.028592,-0.004222,0.198677,3.570709,0.338666,9.172718
1024,-0.096274,-0.162872,-0.197835,-0.172791,-0.209229,-0.383327,-0.237641,-0.244006,-0.023068,-0.442775,-3.047869,-0.632564,-8.019195
1025,-0.167714,0.128924,0.124151,0.126235,-0.376168,0.191163,0.184331,0.189590,-0.060346,-0.027009,-0.251229,-0.662235,-2.157680
1026,-0.151090,-0.056845,0.056110,0.058403,-0.196726,-0.152028,-0.118459,-0.157281,-0.059552,-0.141949,-1.568388,-0.584139,-4.379665
1027,-0.029368,-0.421474,-0.465751,-0.495840,-0.383955,-0.483447,-0.518287,-0.693755,0.009146,-0.063622,13.444374,4.237269,36.581902
1028,-0.168786,-0.409009,-0.546921,-0.492706,-0.352278,-0.547654,-0.384140,-0.510173,-0.035741,-0.571181,-0.998790,0.037488,-3.230754
1029,-0.055186,0.071863,-0.244616,-0.212245,-0.248145,0.025186,0.160530,0.077550,-0.026403,-0.203799,0.689462,-0.011352,0.654808
1030,-0.263373,-0.412933,-0.624857,-0.579967,-0.410579,-0.595890,-0.496302,-0.623933,-0.079151,-0.468184,0.912600,-0.863574,1.193726
1031,-0.114248,-0.238289,-0.463120,-0.412956,-0.311255,-0.411123,-0.273045,-0.407345,-0.040531,-0.437147,-0.215063,0.032594,-1.833049
1032,-0.546514,-0.499153,-0.508974,-0.428705,-0.750957,-0.611099,-0.485065,-0.425735,-0.116091,-0.797510,-2.086981,-1.326302,-6.829395
1033,-0.231007,-0.571947,-0.616064,-0.548419,-0.364795,-0.918617,-0.683683,-0.821743,-0.066142,-0.802811,-3.005653,-0.767264,-7.193813
1034,-0.153522,-0.473035,-0.725051,-0.658291,-0.419794,-0.855704,-0.599066,-0.832052,-0.047285,-0.742696,-2.565568,-0.389040,-6.758386
1035,-0.205814,-0.297540,-0.569777,-0.498757,-0.385076,-0.585901,-0.350402,-0.533114,-0.060102,-0.641449,-2.291028,-0.813441,-6.283597
1036,-0.043088,-0.204158,-0.418261,-0.389924,-0.174974,-0.332686,-0.274122,-0.500722,-0.025613,-0.228888,3.852876,-0.045732,10.446596
1037,-0.182674,-0.537811,-0.690679,-0.639061,-0.421384,-0.868445,-0.696606,-0.927070,-0.068053,-0.660354,-0.193465,-0.558265,-0.422411
1038,-0.123646,-0.342697,-0.665148,-0.613160,-0.314410,-0.530848,-0.370362,-0.550666,-0.047408,-0.473155,0.647693,-0.700130,1.704489
1039,-0.205741,-0.565673,-0.778169,-0.712276,-0.425671,-0.962791,-0.751462,-0.989201,-0.067256,-0.770545,-1.503213,-0.996911,-4.110295
1040,0.016527,-0.500103,-0.530134,-0.475154,-0.062411,-0.970580,-0.767098,-0.962832,-0.012867,-0.679878,-1.453043,0.238942,-3.754795
1041,-0.354871,-0.381994,-0.296438,-0.234179,-0.562871,-0.687071,-0.436738,-0.474906,-0.076751,-0.902349,-3.695450,-1.589240,-9.050829
1042,-0.189327,-0.350840,-0.351443,-0.374667,-0.492431,-0.243503,-0.254416,-0.269462,-0.035927,-0.039016,8.635335,1.502855,23.667044
1043,-0.055668,-0.131045,-0.164973,-0.159902,-0.099351,-0.066366,-0.063409,-0.142421,0.013476,0.000354,2.011418,0.275741,5.823179
1044,-0.059653,-0.268195,-0.279671,-0.259815,-0.143167,-0.311244,-0.259781,-0.312523,-0.000879,-0.272218,-0.390601,0.409687,-1.324318
1045,-0.091012,-0.116520,-0.041404,-0.028928,-0.137532,-0.173439,-0.129592,-0.086431,-0.008503,-0.203782,-2.494476,-0.361297,-6.426381
1046,-0.087279,0.022526,0.106802,0.114139,-0.151325,-0.005017,0.018854,0.028166,-0.026636,-0.034128,-1.458616,-0.537688,-3.947185
1047,-0.122904,-0.148383,-0.099908,-0.098525,-0.151620,-0.144012,-0.143208,-0.132976,-0.035036,-0.127135,-0.110432,-0.257396,-0.227251
1048,-0.154823,-0.268726,-0.188763,-0.194921,-0.148640,-0.360351,-0.325898,-0.388219,-0.053906,-0.184301,1.660445,-0.244576,5.366615
1049,-0.146273,-0.210701,-0.197747,-0.196366,-0.147738,-0.259932,-0.242255,-0.244422,-0.025531,-0.190728,1.065286,-0.375516,3.099533
1050,0.559929,0.545005,0.695453,0.588970,0.571639,1.044167,0.960939,0.977235,0.143969,0.841591,7.463931,1.504796,20.098707
1051,-0.099383,-0.190660,-0.196557,-0.179841,-0.121691,-0.238835,-0.162644,-0.131689,-0.018521,-0.272491,-2.442661,-0.562981,-6.138871
1052,-0.220774,-0.248686,-0.223613,-0.194039,-0.340859,-0.416021,-0.372704,-0.404444,-0.068666,-0.332921,-2.464494,-1.130766,-6.580235
1053,-0.090342,-0.154142,-0.077767,-0.065983,-0.095950,-0.297750,-0.242195,-0.271545,-0.025856,-0.192857,-2.308394,-0.320079,-5.854539
1054,-0.151211,-0.392707,-0.312637,-0.278440,-0.237995,-0.633157,-0.570864,-0.652436,-0.033259,-0.480009,-0.955100,-0.276192,-2.915451
1055,0.248806,-0.187978,-0.128599,-0.116871,0.514868,-0.381299,-0.306598,-0.352225,0.143407,-0.269160,-2.741530,-0.048935,-7.204655
1056,-0.083458,-0.237513,-0.159506,-0.139806,-0.199759,-0.500278,-0.348138,-0.345365,-0.018887,-0.530536,-3.493071,-0.652192,-8.590731
1057,-0.337544,-0.415043,-0.330892,-0.306995,-0.488966,-0.446643,-0.385258,-0.396863,-0.064036,-0.358738,0.942206,-0.174644,2.884977
1058,-0.211669,-0.127777,-0.043540,-0.029097,-0.269494,-0.173315,-0.163257,-0.158395,-0.053061,-0.140257,-1.717023,-0.755869,-4.432323
1059,-0.028506,-0.081392,-0.075607,-0.059155,-0.023828,-0.125789,-0.081002,-0.054751,0.012840,-0.134377,-1.604915,0.154052,-4.322510
1060,0.009631,-0.030178,-0.052966,-0.040065,0.031687,-0.084888,-0.070318,-0.058190,0.012017,-0.068035,-1.197963,0.217439,-3.447758
1061,-0.301188,-0.444345,-0.394099,-0.335766,-0.558885,-0.823292,-0.604283,-0.678232,-0.066087,-0.856248,-2.679422,-0.938260,-7.017059
1062,-0.215171,-0.239792,-0.274478,-0.248334,-0.334152,-0.293714,-0.247337,-0.225962,-0.043474,-0.337828,1.228838,-0.325838,3.156523
1063,0.152355,0.287986,0.234352,0.211705,0.033023,0.649209,0.647765,0.728963,0.063787,0.354478,0.753414,0.408199,1.772993
1064,-0.152324,0.015776,0.021402,0.040596,-0.261322,0.000607,0.137661,0.176789,-0.046493,-0.244132,-3.681878,-1.076750,-8.774103
1065,-0.099148,-0.658867,-0.642813,-0.628336,-0.356000,-1.052059,-1.145989,-1.368432,-0.013728,-0.158490,18.754723,9.184195,50.329338
1066,0.122256,-0.039283,-0.026599,-0.014210,0.225850,-0.158175,-0.159925,-0.176847,0.027323,-0.084215,-1.439090,0.118547,-4.450839
1067,0.149869,0.134686,0.093338,0.079848,0.244333,0.185232,0.149327,0.163208,0.036795,0.188835,1.344865,0.232524,3.827686
1068,0.162402,0.225478,0.248247,0.225057,0.390572,0.274196,0.214437,0.252341,0.037000,0.295307,-0.178452,0.171559,-0.552818
1069,0.322051,0.375656,0.336850,0.299364,0.349833,0.548348,0.548605,0.586050,0.088340,0.356881,1.789058,0.591848,4.488728
1070,0.161022,0.114794,0.061752,0.050448,0.273990,0.165161,0.135664,0.171439,0.051840,0.161071,0.970166,0.573908,2.408726
1071,0.104622,0.109966,0.116376,0.107780,0.178920,0.052174,0.063728,0.075828,0.011593,0.071185,-0.837426,0.120639,-2.157908
1072,0.066154,0.063065,0.020991,0.029683,-0.000787,-0.099195,-0.026871,-0.071624,0.000837,-0.093450,-1.962221,-0.184861,-5.558535
1073,0.014254,-0.112957,-0.123869,-0.122592,0.039745,-0.167967,-0.111922,-0.118904,0.004662,-0.141702,-1.710200,0.115805,-3.713352
1074,0.114276,0.074626,0.059077,0.028315,0.222221,0.157013,0.032679,0.019384,0.024689,0.363873,6.245140,0.528218,17.324385
1075,-0.110554,-0.164849,-0.138853,-0.113082,-0.242515,-0.331744,-0.262911,-0.264888,-0.029252,-0.350428,-3.350206,-0.932350,-8.344796
1076,0.006901,0.152555,0.122399,0.126126,-0.063540,0.135796,0.134487,0.235439,-0.021052,-0.016183,-2.920581,-0.853195,-7.559953
1077,0.039719,-0.054192,-0.090572,-0.082471,-0.043752,-0.123302,-0.076397,-0.050366,0.020406,-0.185706,-2.706284,-0.188529,-6.900272
1078,-0.096521,0.008132,-0.070824,-0.049775,-0.205548,0.216075,0.297728,0.388191,-0.007138,-0.076009,-3.444116,-0.515860,-8.367815
1079,0.029506,0.079285,0.025607,0.031152,0.007449,0.193912,0.214674,0.273672,0.014454,-0.005812,-1.679726,-0.145358,-4.669113
1080,-0.158647,-0.012201,0.072358,0.077698,-0.221304,-0.004640,0.040660,0.103550,-0.055225,-0.135371,-3.039189,-0.928103,-7.712716
1081,0.013124,0.148219,0.113387,0.117839,-0.103278,0.235357,0.272272,0.344384,-0.008872,0.027615,-2.795996,-0.549263,-7.384458
1082,-0.039139,-0.016134,-0.063872,-0.035146,-0.166712,-0.066268,0.008771,0.089579,-0.013395,-0.245514,-3.568511,-0.871364,-8.683216
1083,-0.143123,-0.136237,-0.134496,-0.141598,0.058274,0.231115,0.049470,-0.094844,0.067928,0.406042,6.246075,0.667385,19.497889
1084,0.088952,-0.311847,-0.235465,-0.239660,0.042770,-0.468781,-0.478922,-0.594973,0.010566,-0.042094,9.116647,1.955813,24.425673
1085,-0.152176,-0.136125,-0.074196,-0.059221,-0.229779,-0.299693,-0.213182,-0.209794,-0.054403,-0.295463,-2.978571,-0.946293,-7.436660
1086,0.011690,0.004088,0.048257,0.043691,0.064498,-0.008177,-0.015105,-0.030902,-0.008018,0.012847,-0.968770,-0.101761,-2.571702
1087,-0.042855,0.113847,0.121946,0.123341,-0.023314,0.202921,0.248550,0.285981,-0.017546,0.091624,-0.639168,0.005576,-1.757478
1088,-0.149575,-0.078384,-0.042023,-0.033383,-0.212310,-0.067446,-0.040164,-0.004015,-0.037296,-0.140486,-1.949608,-0.527287,-4.939259
1089,-0.249159,-0.411616,-0.343045,-0.292339,-0.296467,-0.694292,-0.652938,-0.617517,-0.056884,-0.609962,-2.972160,-0.500628,-7.854933
1090,-0.126131,-0.081589,-0.113523,-0.092748,-0.297018,-0.124331,-0.120494,-0.040397,-0.041266,-0.251669,-4.048475,-1.891282,-8.420306
1091,-0.284155,-0.242032,-0.239833,-0.206413,-0.609017,-0.471055,-0.372615,-0.349716,-0.086862,-0.622730,-4.741494,-2.599509,-9.676394
1092,-0.146585,-0.123909,-0.097881,-0.081818,-0.302367,-0.296403,-0.263198,-0.272776,-0.060633,-0.284574,-3.573682,-1.711310,-8.105823
1093,-0.183520,-0.317940,-0.257109,-0.242924,-0.258039,-0.424492,-0.381355,-0.426709,-0.040928,-0.249689,4.226992,0.266094,10.897627
1094,-0.127217,-0.078467,-0.059575,-0.056018,-0.178391,-0.082619,-0.071612,-0.071618,-0.037633,-0.068018,0.233963,-0.360471,0.841740
1095,-0.242226,-0.187215,-0.128217,-0.119735,-0.329229,-0.224636,-0.189198,-0.230510,-0.062106,-0.144807,0.894671,-0.279835,2.381622
1096,-0.207399,-0.124351,-0.094775,-0.084815,-0.312363,-0.130642,-0.110418,-0.132106,-0.050212,-0.076340,2.094743,0.007750,5.598724
1097,0.061058,-0.082642,-0.019169,-0.022989,-0.105797,-0.206126,-0.175555,-0.145985,-0.006650,-0.096725,0.598815,-0.054611,1.411419
1098,-0.046715,-0.033838,-0.063046,-0.059292,-0.091711,0.007708,-0.023606,0.006236,-0.005324,0.000251,1.081435,0.087359,2.446148
1099,-0.013876,-0.023233,-0.049995,-0.043758,-0.007938,-0.030804,-0.003673,0.007334,0.000985,-0.044358,-0.829463,-0.119584,-2.196803
1100,-0.252079,-0.211901,-0.153043,-0.132782,-0.348026,-0.319185,-0.254639,-0.233791,-0.056025,-0.287014,0.035931,-0.439673,0.698002
1101,-0.128967,-0.142075,-0.065677,-0.054168,-0.193679,-0.245674,-0.186569,-0.195544,-0.037091,-0.198298,-1.125663,-0.331081,-2.798925
1102,-0.059757,-0.002335,-0.011802,-0.001826,-0.098596,-0.012304,0.011874,0.024240,-0.012209,-0.058270,-1.708082,-0.128215,-4.560835
1103,-0.124854,-0.175135,-0.139865,-0.122079,-0.147119,-0.224424,-0.210392,-0.217764,-0.025662,-0.203166,-1.088128,-0.181790,-2.960957
1104,0.037684,0.036999,0.030559,0.024520,0.036330,0.032736,0.032453,0.028812,0.005789,0.053067,0.501513,0.014353,1.328583
1105,-0.100319,-0.064787,-0.055999,-0.038528,-0.169525,-0.115902,-0.056647,-0.072033,-0.024262,-0.192012,-1.520594,-0.232277,-3.885153
1106,-0.086601,-0.004517,0.025816,0.030876,-0.097622,-0.021898,0.014584,0.022981,-0.022255,-0.049365,-0.278375,0.017691,-0.826826
1107,-0.022651,-0.002057,0.010732,0.009398,-0.020337,0.001944,-0.012399,0.006435,-0.007253,0.012844,0.553103,0.100323,1.213364
1108,-0.079117,-0.137798,-0.109906,-0.098099,-0.125307,-0.187529,-0.143633,-0.154558,-0.018933,-0.177102,-1.602435,-0.065400,-4.247413
1109,0.003754,-0.007093,-0.007176,-0.007435,0.000468,-0.015211,-0.004200,-0.007715,0.000291,-0.032188,-0.407398,0.000016,-0.258566
1110,0.006883,0.015767,0.008203,0.008072,0.000063,0.017805,0.004705,0.010957,0.000588,0.022371,-0.275703,0.000005,-0.095423
1111,0.016736,0.001353,-0.006852,-0.008596,0.001194,-0.032399,-0.006237,-0.024453,0.000522,-0.054047,0.593056,0.000000,0.597101
1112,-0.001554,-0.040089,-0.023891,-0.024955,0.000367,-0.050149,-0.018936,-0.027028,-0.000911,-0.058889,0.109486,0.000030,0.031389
1113,-0.003946,0.006460,0.003042,0.003491,0.001497,0.037232,0.015275,0.023309,-0.000533,0.031918,1.052444,-0.000004,0.473152
1114,-0.003233,0.015049,0.007609,0.009179,0.000542,0.055470,0.018191,0.032907,0.000276,0.046836,0.151134,-0.000010,-0.096235
1115,-0.003349,0.012293,0.001667,0.001513,0.000450,0.041217,0.015315,0.025955,0.000125,0.034878,0.326691,-0.000012,0.131187
1116,-0.002306,0.002244,-0.000562,-0.000147,0.000040,0.032093,0.009837,0.018602,-0.000203,0.021203,0.241726,0.000009,-0.071150
1117,-0.000584,-0.009209,-0.012075,-0.012690,-0.001562,-0.014373,-0.006611,-0.007962,-0.000321,-0.032684,-0.784908,0.000031,-0.674059
1118,-0.001540,-0.005048,-0.010551,-0.012010,-0.000689,0.003810,-0.000768,0.003543,0.000079,-0.005985,-0.106575,0.000023,-0.077606
1119,-0.000870,-0.020666,-0.020888,-0.021988,-0.000670,-0.031155,-0.009977,-0.018374,-0.000625,-0.050437,-0.408817,0.000026,-0.465809
1120,-0.001978,-0.010521,-0.013850,-0.014719,0.000212,-0.014779,-0.002340,-0.012048,-0.000910,-0.032483,0.256809,0.000002,0.104061
1121,-0.002234,0.005273,0.000395,-0.000010,-0.001250,0.034352,0.008629,0.021583,0.000471,0.023139,-0.590916,0.000003,-0.668766
1122,-0.001174,0.002577,-0.000522,-0.000208,-0.002304,0.013764,0.003123,0.012422,0.000036,-0.001459,-1.187565,0.000048,-0.948137
1123,-0.000181,0.001838,-0.000060,0.000596,-0.001637,0.011620,0.001345,0.014241,-0.000226,-0.004168,-0.805096,0.000042,-0.781990
1124,-0.000251,-0.006042,-0.006375,-0.007226,0.000525,-0.000716,0.000068,0.004903,-0.000381,-0.015742,0.263447,0.000029,0.172844
1125,-0.005751,-0.026826,-0.018515,-0.022024,0.000961,-0.037337,-0.014342,-0.030408,-0.001649,-0.027108,0.631927,0.000007,0.369986
1126,-0.001257,0.003908,0.005822,0.005435,0.001726,0.016430,0.003131,0.010650,-0.000706,0.028635,0.603924,0.000016,0.136330
1127,0.004633,-0.014649,-0.006488,-0.008004,-0.000134,-0.043886,-0.014635,-0.027549,-0.000121,-0.053820,-0.053833,0.000011,0.172798
1128,-0.003975,0.001831,-0.000066,-0.000079,-0.000684,0.017745,0.005524,0.014620,-0.000244,0.017436,-0.480675,0.000018,-0.426197
1129,0.003595,0.000115,-0.000432,-0.001024,-0.000202,0.000432,0.001173,0.003749,0.000538,-0.014932,-0.017399,0.000033,0.156023
1130,0.028227,0.049207,0.041750,0.046091,0.001092,0.002855,0.021727,-0.025931,0.004580,-0.074536,-2.733784,0.000102,-2.111074
1131,0.008689,0.031961,0.023142,0.022576,0.001483,0.019494,0.012252,0.009431,0.001032,0.007511,0.313034,-0.000001,0.427010
1132,0.000322,0.014822,0.017074,0.019652,0.001808,0.037630,0.015603,0.031110,-0.000548,0.031164,0.891933,0.000010,0.497858
1133,-0.002814,0.000474,-0.001016,-0.001672,-0.002336,-0.000651,-0.003190,-0.001935,-0.000517,-0.007224,-0.729050,0.000011,-0.593044
1134,-0.004559,-0.000014,-0.001157,-0.000789,-0.001059,0.016718,0.003465,0.006579,-0.000821,0.017989,-0.423332,0.000008,-0.782429
1135,-0.005477,-0.014173,-0.009541,-0.009915,-0.000600,-0.014524,-0.004254,-0.007893,-0.000488,-0.031341,-0.235268,0.000014,-0.366022
1136,-0.002677,-0.029305,-0.020178,-0.021073,-0.000770,-0.046701,-0.019790,-0.033392,-0.001066,-0.033103,-0.411789,0.000001,-0.454006
1137,0.002211,-0.027361,-0.016836,-0.017992,0.001590,-0.047283,-0.020911,-0.036742,-0.000332,-0.031476,0.142086,-0.000017,0.166075
1138,-0.006142,0.015640,0.012605,0.013040,-0.002341,0.027710,0.013479,0.018464,-0.001989,0.027416,-0.164959,0.000001,-0.513432
1139,0.001228,0.046815,0.025839,0.027609,-0.000512,0.088018,0.038125,0.054955,-0.000499,0.083485,0.473183,-0.000010,-0.307243
1140,-0.008409,-0.078196,-0.045169,-0.051911,-0.004529,-0.162109,-0.065738,-0.116027,-0.001170,-0.159575,-1.872768,0.000060,-1.396502
1141,0.001322,-0.010529,-0.007599,-0.007550,-0.001513,-0.013015,-0.009843,-0.013566,-0.000710,-0.002027,-0.252556,0.000025,-0.642052
1142,0.002493,0.003349,0.001034,0.000308,-0.000101,-0.001145,0.001800,-0.000141,0.000668,-0.022337,-0.390648,0.000039,-0.392506
1143,0.016321,0.044780,0.037061,0.041061,-0.000739,0.080001,0.029003,0.054654,-0.000180,0.066034,-1.078331,-0.000024,-0.793177
1144,0.036801,0.022308,0.029204,0.032153,0.005196,0.040035,0.011885,0.027516,0.003193,-0.009792,0.164433,0.000029,0.443205
1145,-0.004879,-0.019494,-0.014631,-0.016939,-0.001776,-0.025810,-0.009840,-0.014074,-0.001058,-0.034896,-0.666420,0.000053,-0.964018
1146,-0.004544,-0.001421,-0.007877,-0.009533,-0.003149,-0.002905,0.001050,-0.000129,-0.000848,-0.024089,-0.767059,0.000042,-0.958391
1147,0.001096,0.018234,0.007663,0.007941,-0.001171,0.025727,0.009524,0.013052,-0.001008,0.027277,0.035275,0.000007,-0.542879
1148,0.003433,0.003082,0.001884,0.001781,0.000471,0.009461,0.006352,0.012927,0.000147,-0.014583,0.277020,0.000053,0.115854
1149,-0.002232,0.008184,-0.002799,-0.003551,-0.003060,0.015393,0.008088,0.017396,-0.000308,-0.010327,-0.855240,0.000047,-1.168486
1150,-0.003450,-0.056493,-0.038727,-0.041336,-0.001129,-0.090265,-0.035426,-0.056974,-0.001841,-0.090400,-0.470757,0.000042,-0.708097
1151,-0.003619,0.011412,0.000553,0.000318,-0.001814,0.026020,0.008965,0.016957,-0.000792,0.026276,-0.305401,0.000015,-0.776625
1152,0.004399,0.016332,0.001671,0.005252,-0.002030,0.015736,0.006962,0.014123,-0.000518,0.010513,-0.671577,0.000028,-0.854456
1153,0.003037,-0.011885,-0.006121,-0.007383,0.001795,-0.025275,-0.010693,-0.019219,0.000864,-0.017384,-0.267990,-0.000007,-0.030338
1154,0.001748,0.059953,0.033520,0.034864,-0.000609,0.102878,0.045272,0.075037,0.002293,0.078866,-0.254913,0.000009,-0.056353
1155,-0.001941,-0.005351,-0.008328,-0.009336,-0.002178,-0.005917,-0.002391,-0.000975,-0.000834,-0.023486,-0.793835,0.000050,-0.649353
1156,-0.002984,-0.025100,-0.017962,-0.020484,-0.001939,-0.044337,-0.018121,-0.028053,-0.000450,-0.057922,-1.167953,0.000026,-0.865679
1157,-0.004018,-0.003572,-0.007715,-0.007918,-0.000972,0.015925,0.004368,0.015092,-0.000018,-0.005876,-0.793697,0.000034,-0.807337
1158,-0.002570,0.045772,0.025929,0.029247,-0.001059,0.128474,0.044274,0.084143,0.000654,0.118823,-0.223087,0.000013,-0.521742
1159,-0.000180,-0.020759,-0.013884,-0.014099,0.002248,-0.011771,-0.007374,-0.014310,0.000196,-0.002819,0.559143,-0.000003,0.471266
1160,-0.005011,-0.022375,-0.017758,-0.020247,-0.002880,-0.035651,-0.016834,-0.024034,-0.001456,-0.038577,-1.071808,0.000030,-0.893681
1161,-0.002696,-0.049960,-0.038047,-0.039288,-0.001493,-0.075877,-0.029076,-0.052457,-0.000800,-0.091998,-0.995995,0.000035,-1.055635
1162,-0.002368,0.020945,0.010989,0.014362,0.000300,0.074644,0.021521,0.038827,-0.000131,0.097144,-0.533195,-0.000031,-0.410326
1163,0.004212,-0.059040,-0.043133,-0.044938,0.004417,-0.052161,-0.025181,-0.029955,0.002216,-0.055461,-1.480522,0.000003,-0.670118
1164,-0.007350,-0.032878,-0.024760,-0.026311,0.000316,-0.040206,-0.016400,-0.023461,-0.001269,-0.033410,-0.508743,0.000038,-0.882969
1165,0.052349,0.144637,0.121553,0.128018,0.002773,0.099941,0.047296,0.049934,0.008703,0.049479,-1.794651,0.000111,-1.390623
1166,0.106771,0.375129,0.207154,0.242222,0.001135,0.832059,0.351408,0.537335,0.023666,0.547619,-3.285942,0.000144,-3.278433
1167,0.000873,-0.035141,-0.026655,-0.031360,-0.003822,-0.062422,-0.027110,-0.040168,0.000012,-0.092375,-2.259529,0.000119,-2.262438
1168,0.000231,0.031523,0.017256,0.016563,-0.002116,0.059575,0.023751,0.049189,-0.000725,0.048047,-0.879372,0.000134,-1.311558
1169,-0.003494,-0.005665,-0.006464,-0.005687,0.000462,0.010822,0.005614,0.005603,-0.000979,0.004675,0.208019,0.000028,-0.586290
1170,0.004798,0.039321,0.021263,0.027700,-0.001785,0.077184,0.027079,0.052664,-0.000451,0.079133,-0.432537,0.000011,-0.942175
1171,0.155937,0.399119,0.207125,0.245926,0.004135,0.870785,0.381128,0.550233,0.028614,0.572924,-3.324261,0.000149,-3.382338
1172,0.013423,0.060421,0.031092,0.038339,-0.001837,0.090870,0.033234,0.048415,-0.000138,0.097909,-0.332726,-0.000001,-0.832359
1173,0.014524,0.134455,0.083918,0.090874,0.003684,0.234787,0.092776,0.152952,-0.000363,0.174193,1.468605,-0.000002,0.297461
1174,-0.002200,-0.003475,-0.001851,-0.003297,0.001310,0.002522,0.002809,0.007841,0.000195,0.000469,-0.497646,0.000057,-0.686718
1175,0.008841,0.011129,0.015845,0.012352,-0.001273,0.020489,0.004391,0.009498,0.000579,0.021681,-0.635666,0.000022,-0.434877
1176,0.004874,-0.010388,-0.007159,-0.010352,0.003966,-0.009135,-0.003747,-0.019960,0.000614,-0.003442,0.451710,-0.000018,0.582596
1177,0.005472,0.044390,0.032271,0.035216,0.002641,0.095997,0.030654,0.051858,0.000480,0.109182,-0.117764,-0.000011,-0.208626
1178,0.007835,0.249274,0.122361,0.132833,-0.002219,0.490126,0.202957,0.380612,0.002609,0.366892,0.052563,-0.000000,-0.138334
1179,0.015931,0.134413,0.083105,0.092708,-0.002719,0.274906,0.104957,0.200001,0.002164,0.212972,-1.877495,-0.000012,-1.316853
1180,-0.002322,-0.088982,-0.066933,-0.074326,-0.002825,-0.184759,-0.067932,-0.129151,-0.003015,-0.172220,-0.864017,0.000020,-0.568792
1181,-0.010198,-0.061554,-0.043793,-0.048786,-0.001498,-0.098559,-0.031188,-0.056261,-0.000965,-0.109713,-0.799332,0.000055,-0.547567
1182,-0.008985,-0.050742,-0.037144,-0.042489,0.000643,-0.079790,-0.028813,-0.051233,-0.001583,-0.066179,-0.118443,0.000018,-0.236435
1183,-0.001647,-0.029008,-0.023372,-0.025203,0.000649,-0.042490,-0.011941,-0.017254,-0.000328,-0.058234,-0.096794,0.000046,-0.256556
1184,0.071882,0.640683,0.457108,0.479210,0.009040,1.108874,0.469134,0.798306,0.012438,0.900042,0.196430,-0.000041,0.878662
1185,-0.007771,0.013300,0.008408,0.009524,0.001843,0.073610,0.018699,0.044516,0.001237,0.095653,-1.455463,0.000002,-1.021868
1186,-0.005200,-0.023438,-0.018010,-0.019514,-0.002572,-0.033615,-0.007610,-0.006671,-0.000273,-0.048872,-0.746029,0.000058,-0.436621
1187,0.003983,-0.005920,-0.009945,-0.008242,-0.001677,0.009878,0.009422,0.028530,0.000737,-0.027618,-0.436615,0.000069,-0.519554
1188,0.005462,0.027585,0.011349,0.017060,0.000039,0.071200,0.033245,0.064947,0.001288,0.036743,0.169037,0.000017,-0.048574
1189,-0.009194,-0.089694,-0.065757,-0.069888,-0.000656,-0.131105,-0.041469,-0.068258,-0.002064,-0.173076,-0.391251,0.000200,-0.756866
1190,0.000169,-0.018059,-0.017688,-0.017130,0.001024,-0.013281,0.000174,0.008416,0.000660,-0.047209,-0.214417,0.000059,-0.405519
1191,0.000962,-0.008799,-0.006972,-0.010924,-0.000314,-0.023790,-0.008284,-0.025366,-0.000228,-0.016704,-0.220654,-0.000024,0.051126
1192,-0.005886,-0.005054,-0.002892,-0.003739,0.000339,0.004304,-0.005311,-0.001992,-0.001671,0.039493,-1.075069,0.000001,-0.838049
1193,-0.008092,-0.013712,-0.012114,-0.013035,-0.002412,-0.016235,0.000968,0.000217,-0.000959,-0.035794,-0.126644,0.000023,0.016985
1194,0.003969,-0.010357,-0.000580,-0.003266,0.001664,-0.042860,-0.020449,-0.037524,-0.000361,-0.022775,-0.082920,-0.000001,0.004845
1195,-0.006382,-0.043792,-0.033749,-0.038791,-0.003353,-0.079621,-0.027710,-0.056139,-0.002177,-0.086353,-0.287685,0.000016,-0.164438
1196,-0.007514,-0.069814,-0.049995,-0.054940,-0.004818,-0.128263,-0.046563,-0.088214,-0.001845,-0.135453,-1.117191,0.000007,-0.832216
1197,0.005816,-0.036917,-0.023971,-0.024486,0.002965,-0.075848,-0.024704,-0.048325,-0.000727,-0.093264,0.252071,0.000059,0.171839
1198,0.029439,-0.002601,-0.003674,-0.006122,0.007108,-0.013468,-0.012034,-0.003388,0.004110,-0.040968,-2.200760,0.000185,-2.006708
1199,0.025237,0.126413,0.086388,0.100081,0.010021,0.234869,0.086666,0.150058,0.002982,0.183596,0.638195,-0.000018,0.593884
1200,0.004539,-0.006639,-0.009166,-0.007440,0.000377,-0.012629,0.002157,-0.005284,0.000625,-0.039504,-0.282074,0.000038,-0.167189
1201,0.004722,-0.030412,-0.028616,-0.027707,0.004300,-0.042682,-0.011871,-0.026900,-0.000567,-0.060303,0.010807,0.000059,0.079510
1202,0.015083,0.034599,0.014931,0.020500,0.005194,0.059174,0.028045,0.040628,0.000695,0.030199,-0.038952,0.000048,-0.211790
1203,0.007978,-0.016657,-0.015976,-0.013636,0.006079,-0.022228,-0.002615,-0.008757,0.000067,-0.049343,0.075653,0.000067,0.024399
1204,0.014816,-0.004645,-0.005535,-0.001023,-0.000943,0.016499,0.007002,0.019467,-0.001000,-0.020034,-3.851997,0.000034,-2.809111
1205,0.004494,-0.025353,-0.019142,-0.018761,0.001215,-0.043570,-0.010712,-0.021132,-0.000256,-0.064520,0.135155,0.000058,0.087536
1206,0.014567,-0.010496,-0.010975,-0.007533,0.008433,-0.021643,-0.001651,-0.005561,-0.000112,-0.053432,-0.063110,0.000090,-0.210798
1207,0.016876,0.091142,0.047521,0.059072,0.006376,0.171702,0.070336,0.139552,-0.000482,0.109808,0.053211,0.000074,-0.341444
1208,0.010962,-0.043370,-0.033687,-0.034867,0.007929,-0.072078,-0.025939,-0.044157,-0.001118,-0.083336,0.135540,0.000058,-0.361183
1209,0.010028,0.078190,0.041308,0.050335,0.002146,0.146491,0.059866,0.120923,-0.001161,0.094956,-0.177711,0.000061,-0.541594
1210,0.033112,0.216373,0.147631,0.167631,0.008857,0.388080,0.151288,0.295115,0.003175,0.299741,0.052162,0.000005,-0.152702
1211,-0.080114,-0.136345,-0.062574,-0.068717,-0.020659,0.126297,0.050574,0.115786,-0.000128,0.075824,-6.057343,0.002397,4.417257
1212,0.004614,0.120227,0.057650,0.070284,-0.000253,0.269871,0.112452,0.250811,0.003219,0.191415,-1.299744,0.000148,-1.802231
1213,0.012241,0.166418,0.084512,0.101423,0.000732,0.366108,0.159072,0.318816,0.004055,0.250697,0.391323,0.000066,-0.492762
1214,0.061008,0.995293,0.670472,0.703214,0.006588,1.723305,0.781464,1.344000,0.010215,1.363042,-1.072685,-0.000013,-0.014324
1215,0.009166,0.055093,0.038105,0.042136,-0.001388,0.079082,0.021798,0.050862,-0.000224,0.072991,-0.647705,0.000016,-0.442276
1216,-0.019018,-0.072413,-0.049854,-0.057019,-0.006548,-0.127867,-0.040544,-0.071974,-0.000652,-0.136091,-2.182148,0.000085,-1.602755
1217,-0.004358,-0.064291,-0.054246,-0.057470,-0.002870,-0.090026,-0.025816,-0.042425,0.000448,-0.111063,-0.529369,0.000082,-0.518805
1218,-0.005324,-0.037176,-0.036215,-0.037237,-0.001639,-0.036987,-0.006734,-0.010604,0.000574,-0.051314,0.009869,0.000053,-0.227659
1219,-0.003457,-0.008020,-0.017562,-0.015296,-0.001092,0.035532,0.024318,0.063197,-0.000088,-0.026380,0.001469,0.000215,-0.825270
1220,0.010421,0.143513,0.093629,0.101443,0.000108,0.257620,0.098528,0.183877,0.003122,0.235982,-0.232300,-0.000005,-0.063257
1221,0.012032,0.084300,0.053186,0.059447,0.003744,0.159555,0.052878,0.110233,0.000796,0.151378,-0.998051,0.000031,-0.785543
1222,0.005926,0.134373,0.092533,0.101838,-0.002676,0.250442,0.101798,0.188839,0.004764,0.199837,0.143238,0.000018,0.151762
1223,0.008164,0.084572,0.060027,0.068311,-0.002156,0.161090,0.063203,0.134841,0.002881,0.115651,-0.131557,0.000018,-0.174440
1224,0.017756,0.173151,0.121323,0.132431,0.001562,0.294235,0.102610,0.203184,0.002737,0.256331,-0.184982,0.000012,-0.287539
1225,-0.004940,0.074029,0.054206,0.056940,-0.001899,0.145897,0.057630,0.109826,0.001607,0.137188,-0.687515,0.000007,-0.475245
1226,-0.002319,0.040335,0.037259,0.038873,-0.003657,0.071732,0.028949,0.054431,0.001349,0.057081,0.227619,-0.000015,0.366251
1227,-0.022236,-0.185941,-0.127377,-0.143346,-0.004447,-0.323792,-0.118412,-0.203590,-0.005377,-0.357811,-2.698757,0.000112,-2.017693
1228,-0.005461,0.045941,0.038303,0.038457,0.000357,0.080477,0.016931,0.055203,-0.001593,0.104512,-2.033600,0.000070,-1.546156
1229,0.007336,0.029745,0.017504,0.018454,0.006667,0.051907,0.009889,0.017356,-0.001059,0.070262,-0.833088,0.000006,-0.421347
1230,-0.007972,-0.062350,-0.046002,-0.050363,-0.002084,-0.093054,-0.028412,-0.049220,-0.000476,-0.103045,-0.062935,0.000044,-0.006910
1231,0.009705,0.148553,0.089607,0.099411,0.000740,0.295378,0.116766,0.216097,0.004079,0.251143,-0.756996,-0.000002,-0.557159
1232,0.045108,0.634136,0.425426,0.452558,0.008329,1.154979,0.491278,0.855663,0.011343,0.915946,-1.520779,0.000022,-0.726049
1233,0.055480,1.700298,1.074055,1.092284,-0.001263,3.292474,1.932464,2.852153,0.042856,2.337696,-3.801136,0.000160,-0.630569
1234,-0.004526,-0.009865,-0.017443,-0.015881,-0.002065,0.023734,0.013206,0.051083,0.000676,-0.002704,-0.989193,0.000120,-1.027729
1235,-0.007920,-0.079702,-0.067009,-0.069304,-0.004010,-0.107892,-0.029879,-0.048884,0.000284,-0.141789,-0.601635,0.000091,-0.630117
1236,-0.000286,-0.055400,-0.050345,-0.051739,-0.002905,-0.077411,-0.019368,-0.039324,0.000275,-0.107782,-0.159679,0.000058,-0.351648
1237,-0.000043,-0.073415,-0.061073,-0.060739,0.005726,-0.083356,-0.027678,-0.037988,-0.000906,-0.108285,-0.811592,0.000214,-0.866007
1238,-0.005334,-0.067952,-0.060774,-0.062088,-0.003029,-0.081707,-0.022619,-0.035482,-0.000591,-0.110355,0.012348,0.000085,-0.388294
1239,-0.027470,-0.134196,-0.103238,-0.112863,-0.004791,-0.217193,-0.070407,-0.121261,-0.003529,-0.229055,-1.802704,0.000154,-1.713682
1240,-0.002420,-0.065432,-0.057301,-0.056660,0.004647,-0.085703,-0.025064,-0.033170,-0.002280,-0.108273,0.027962,0.000084,-0.432854
1241,-0.005446,-0.060071,-0.054691,-0.055775,-0.003263,-0.076172,-0.019525,-0.031561,-0.000356,-0.103198,-0.349285,0.000085,-0.838821
1242,0.005866,0.198757,0.138765,0.146545,-0.000222,0.353534,0.109886,0.250266,0.000783,0.374029,-2.815201,0.000065,-2.115194
1243,-0.020193,-0.154530,-0.113065,-0.124409,-0.006668,-0.256324,-0.096102,-0.154406,-0.001696,-0.270738,-2.683369,0.000163,-2.157927
1244,-0.000718,-0.047367,-0.039732,-0.041379,0.005195,-0.076050,-0.028085,-0.056625,-0.002146,-0.073280,0.426071,0.000043,0.462729
1245,-0.010558,-0.047251,-0.042025,-0.044253,0.000233,-0.046761,-0.005867,-0.017906,0.000357,-0.068886,0.740238,0.000065,0.389456
1246,-0.011436,-0.064183,-0.051890,-0.055357,-0.000727,-0.072215,-0.017103,-0.036549,0.001055,-0.093249,0.762474,0.000088,0.596872
1247,-0.020151,-0.105945,-0.080836,-0.088638,-0.003615,-0.160857,-0.049103,-0.083387,-0.000944,-0.181478,-1.718170,0.000173,-1.500746
1248,-0.011697,-0.072097,-0.054897,-0.059477,-0.001300,-0.106514,-0.030373,-0.055427,-0.000279,-0.122281,0.139709,0.000077,-0.034594
1249,0.004305,0.031571,0.018963,0.020706,0.001989,0.066463,0.028402,0.050149,0.002001,0.051941,-0.084023,0.000014,-0.052027
1250,0.004927,0.021171,0.019084,0.020623,0.002962,0.029450,0.000083,0.018773,-0.000704,0.056708,-1.797081,0.000024,-1.175699
1251,0.013299,0.183793,0.128152,0.139473,-0.002609,0.329545,0.120537,0.241918,0.004630,0.287076,-0.819744,-0.000001,-0.562012
1252,-0.001406,0.064740,0.033397,0.037368,-0.003177,0.136931,0.056648,0.096538,0.001008,0.102396,0.486702,-0.000016,0.465969
1253,-0.008499,-0.027540,-0.015187,-0.017219,-0.001750,-0.040031,-0.008200,-0.015454,-0.000088,-0.048591,0.114265,0.000015,0.097954
1254,0.012824,-0.036015,-0.019652,-0.021510,0.004164,-0.070269,-0.036246,-0.058490,-0.001176,-0.055417,-0.994797,-0.000002,-0.512526
1255,0.002052,-0.024556,-0.012330,-0.009136,0.005279,-0.030201,-0.010487,-0.011681,0.000309,-0.043591,0.449848,-0.000004,0.314449
1256,-0.001593,0.013618,0.003590,0.006563,-0.001097,0.049463,0.023226,0.047022,0.002360,0.020198,0.619740,0.000015,0.313993
1257,-0.009695,-0.045038,-0.033879,-0.036951,-0.002372,-0.067985,-0.019531,-0.041728,0.000337,-0.080371,0.638611,0.000016,0.500975
1258,-0.009067,-0.070834,-0.039301,-0.047476,-0.000292,-0.147181,-0.059273,-0.084380,-0.006136,-0.103489,-1.417717,0.000059,-0.939079
1259,-0.014533,-0.092984,-0.071481,-0.081633,-0.007547,-0.154061,-0.057188,-0.098323,-0.002402,-0.153563,-2.265823,0.000042,-1.635956
1260,0.006461,0.028840,0.016215,0.016362,0.005870,0.056954,0.015819,0.030471,0.000956,0.063332,-0.671818,0.000030,-0.441671
1261,0.008494,0.049451,0.045544,0.048107,0.005701,0.066717,0.016948,0.034638,-0.000968,0.084916,-0.208588,-0.000008,-0.114893
1262,0.015750,0.100511,0.069068,0.077003,0.009624,0.224119,0.073670,0.147142,0.005123,0.194325,-0.988434,0.000021,-0.756180
1263,0.010306,0.115634,0.084827,0.090075,0.007521,0.221138,0.074370,0.134900,0.003851,0.210913,-0.257439,0.000009,-0.314339
1264,0.012210,0.266342,0.182018,0.197478,0.004564,0.604856,0.233342,0.426542,0.013562,0.489054,-1.406864,0.000052,-1.203955
1265,-0.012348,-0.108250,-0.076271,-0.085890,-0.004923,-0.195287,-0.070128,-0.122780,-0.004800,-0.196516,-0.831383,0.000050,-0.609749
1266,-0.009392,-0.100956,-0.071367,-0.079044,-0.000672,-0.168421,-0.059462,-0.106745,-0.002623,-0.172902,-0.740948,0.000050,-0.678946
1267,-0.011545,-0.107570,-0.076469,-0.086107,-0.004476,-0.194218,-0.068591,-0.126281,-0.003208,-0.197989,0.052280,0.000019,0.151772
1268,-0.004311,-0.097286,-0.056351,-0.062441,0.003785,-0.185546,-0.068296,-0.114993,-0.005258,-0.172808,-0.618717,0.000054,-0.613243
1269,-0.010231,-0.074087,-0.042909,-0.046988,-0.000595,-0.159217,-0.054189,-0.097584,-0.007269,-0.152753,0.360386,0.000051,-0.254164
1270,-0.023227,-0.130803,-0.091758,-0.101011,-0.003957,-0.232190,-0.078795,-0.130838,-0.006894,-0.238476,-1.898190,0.000212,-2.069685
1271,-0.008837,-0.099967,-0.060516,-0.067186,0.001780,-0.196486,-0.069687,-0.118150,-0.007002,-0.182964,-0.722477,0.000108,-1.083780
1272,-0.016446,-0.119967,-0.080360,-0.089122,0.000574,-0.223013,-0.077410,-0.124958,-0.007764,-0.215918,-1.386421,0.000200,-1.839136
1273,-0.011458,0.332016,0.163744,0.178557,-0.005394,0.570831,0.251727,0.448790,-0.006687,0.415119,2.207993,0.000034,1.677547
1274,-0.008863,-0.132777,-0.088814,-0.094396,0.004528,-0.239987,-0.084792,-0.139385,-0.008291,-0.255409,-0.810188,0.000097,-1.171867
1275,0.004839,0.351085,0.165772,0.182641,-0.007467,0.614191,0.266967,0.451385,-0.003751,0.441401,2.032524,-0.000030,1.183605
1276,-0.025928,-0.180276,-0.135445,-0.147998,-0.006038,-0.305593,-0.103203,-0.186927,-0.008225,-0.338061,-0.052700,0.000028,-0.055244
1277,-0.006492,-0.034058,-0.025044,-0.025614,-0.002703,-0.061578,-0.019952,-0.028036,-0.002134,-0.068557,-0.303001,0.000017,-0.284101
1278,0.072216,0.152613,0.098256,0.105542,0.000961,0.163127,0.054722,0.090059,0.003027,0.108652,-0.547222,-0.000021,-0.075798
1279,-0.015749,-0.027417,-0.028697,-0.031026,-0.007053,-0.066274,-0.011683,-0.018772,-0.004782,-0.085583,-0.598385,0.000087,-0.862495
1280,0.037641,-0.054087,-0.033770,-0.040749,-0.003350,-0.134696,-0.057625,-0.099101,-0.000461,-0.125453,-1.952465,-0.000026,-1.195902
1281,-0.027166,-0.165013,-0.126704,-0.138882,-0.005658,-0.273126,-0.090162,-0.164966,-0.007416,-0.300037,0.305157,0.000052,0.181965
1282,-0.001252,0.072573,0.028394,0.031510,-0.005421,0.145962,0.065063,0.103844,0.002820,0.110285,0.136063,0.000005,-0.090706
1283,-0.016919,-0.055688,-0.038226,-0.043644,-0.002595,-0.094011,-0.026621,-0.054235,-0.005047,-0.102706,1.128727,0.000078,-0.112875
1284,0.002125,0.093978,0.058129,0.062442,0.002525,0.147951,0.062602,0.094529,-0.002799,0.128812,0.529411,0.000076,-0.490580
1285,-0.020208,-0.085646,-0.063416,-0.070341,-0.002819,-0.153627,-0.048539,-0.076294,-0.005231,-0.154912,-1.839890,0.000196,-2.094183
1286,0.007659,0.074392,0.035707,0.037345,-0.001628,0.164807,0.061354,0.104363,0.008678,0.121097,-1.062508,-0.000007,-0.562309
1287,-0.023033,-0.167306,-0.127986,-0.140586,-0.003243,-0.257633,-0.091998,-0.143369,-0.001149,-0.271207,-2.479485,0.000189,-2.057150
1288,-0.001703,-0.157997,-0.125771,-0.135257,0.003665,-0.234176,-0.081441,-0.103830,0.001402,-0.228337,-5.126091,0.000687,-4.889219
1289,-0.012589,-0.140241,-0.116464,-0.127166,-0.002733,-0.201342,-0.066389,-0.071899,0.002741,-0.186607,-5.922756,0.000875,-5.640787
1290,-0.009477,-0.139567,-0.118003,-0.127200,-0.001648,-0.191805,-0.061266,-0.058276,0.002755,-0.180046,-5.431774,0.001028,-5.277977
1291,0.001058,-0.137551,-0.113819,-0.121377,0.002868,-0.182538,-0.062326,-0.062691,0.003483,-0.166245,-6.348866,0.000979,-5.901390
1292,-0.008397,-0.131129,-0.113771,-0.122696,-0.002477,-0.176979,-0.056760,-0.051288,0.003029,-0.158015,-5.895844,0.001011,-5.583271
1293,-0.017130,-0.152446,-0.128199,-0.139598,-0.003921,-0.223275,-0.073656,-0.080617,0.001187,-0.214907,-6.477695,0.000985,-5.942276
1294,0.001162,-0.117633,-0.102140,-0.109003,0.001408,-0.147793,-0.046517,-0.035663,0.003733,-0.122016,-5.777119,0.001044,-5.523695
1295,-0.012083,-0.152570,-0.126214,-0.137139,-0.002170,-0.224070,-0.074676,-0.083225,0.001187,-0.208391,-6.068604,0.001139,-5.705223
1296,-0.007908,-0.114782,-0.095825,-0.104304,-0.002372,-0.163692,-0.054084,-0.090600,-0.000184,-0.170936,-1.370274,0.000104,-1.433002
1297,0.028444,0.139315,0.092071,0.100106,0.008306,0.263312,0.095879,0.157932,0.008170,0.208587,-0.384705,0.000011,-0.301350
1298,-0.014887,-0.152494,-0.125906,-0.138080,-0.006090,-0.233703,-0.077054,-0.089269,0.002345,-0.226973,-6.462627,0.001192,-5.881063
1299,-0.007514,-0.141619,-0.117087,-0.127857,-0.002039,-0.201207,-0.066958,-0.064429,0.001863,-0.176029,-6.787109,0.001460,-6.328251
1300,-0.013673,-0.152096,-0.125298,-0.136581,-0.005091,-0.228316,-0.073400,-0.093872,-0.000209,-0.223565,-5.823658,0.000878,-5.185257
1301,-0.010525,-0.133562,-0.110892,-0.119500,0.001534,-0.190727,-0.061920,-0.079128,0.000301,-0.182434,-3.215302,0.000312,-3.034750
1302,-0.008729,-0.166034,-0.125628,-0.135994,0.004891,-0.253976,-0.090171,-0.149747,-0.003530,-0.254063,-2.063309,0.000152,-1.767523
1303,-0.013696,-0.124045,-0.109256,-0.117505,-0.003056,-0.173806,-0.050554,-0.064342,0.001260,-0.178977,-2.857502,0.000316,-2.812370
1304,0.000514,-0.134884,-0.114528,-0.124744,0.000158,-0.176146,-0.066738,-0.087563,0.005524,-0.157833,-5.084106,0.000294,-3.602421
1305,-0.010832,-0.066417,-0.067042,-0.071563,-0.002360,-0.051807,-0.010894,-0.013864,0.002844,-0.061582,-1.479069,0.000052,-1.240553
1306,-0.014141,-0.130410,-0.106326,-0.115742,-0.000648,-0.191738,-0.060634,-0.101170,-0.001686,-0.195208,-1.305634,0.000134,-1.337120
1307,-0.009945,-0.068764,-0.059849,-0.064878,-0.002915,-0.090622,-0.027421,-0.045208,0.001175,-0.091594,-0.485703,0.000030,-0.304739
1308,-0.021207,-0.146167,-0.121514,-0.132836,-0.003761,-0.212763,-0.068442,-0.093948,-0.000911,-0.217452,-3.481499,0.000303,-3.269680
1309,-0.013838,-0.163259,-0.128205,-0.142086,-0.002039,-0.250909,-0.087505,-0.107202,0.000028,-0.236566,-5.988491,0.000785,-5.297354
1310,-0.009618,-0.044111,-0.036323,-0.038878,-0.002021,-0.053189,-0.012348,-0.024465,-0.000204,-0.064000,0.140194,0.000003,0.087442
1311,-0.000931,-0.014543,-0.008091,-0.010691,0.000620,-0.016212,-0.010953,-0.007408,-0.002307,0.002809,-0.795502,0.000039,-0.755686
1312,0.004019,0.062849,0.028488,0.032043,-0.000088,0.146765,0.057766,0.102445,0.006455,0.103956,-0.005833,0.000013,0.217657
1313,-0.010819,-0.023029,-0.014694,-0.017500,-0.002472,-0.031010,-0.010279,-0.009754,0.000812,-0.023516,-0.651302,0.000012,-0.507257
1314,0.007074,0.072430,0.043040,0.047839,0.001011,0.139720,0.058304,0.090761,0.002781,0.104096,0.523384,-0.000005,0.282772
1315,-0.024486,-0.150032,-0.115236,-0.126944,-0.006307,-0.233279,-0.091298,-0.133883,-0.000671,-0.232400,-4.636513,0.000212,-3.550579
1316,0.032296,0.099177,0.085661,0.090887,0.008750,0.133294,0.045016,0.057872,0.003646,0.102701,0.607800,-0.000006,0.374588
1317,0.011733,0.049905,0.024607,0.022907,-0.001307,0.104376,0.033473,0.075052,0.003109,0.127058,-2.417721,0.000107,-2.131083
1318,-0.007118,-0.125226,-0.098079,-0.108179,-0.000799,-0.183871,-0.062795,-0.101386,0.001625,-0.200751,-1.764561,0.000123,-1.394224
1319,0.029296,0.101605,0.096912,0.102290,0.003723,0.110550,0.031660,0.043628,-0.000945,0.110963,-0.240887,-0.000023,-0.073977
1320,0.020120,0.172779,0.152006,0.155129,0.003065,0.224929,0.076704,0.126468,0.002891,0.245123,0.341099,0.000000,-0.356873
1321,0.058441,0.484358,0.378284,0.399812,0.005978,0.692779,0.284818,0.454781,0.007844,0.556508,0.899006,-0.000015,0.495590
1322,0.022407,0.102079,0.055326,0.065715,0.001555,0.264437,0.086999,0.123655,0.007634,0.174677,-1.121361,0.000044,-1.444183
1323,-0.009168,-0.001105,-0.025071,-0.026070,-0.003820,0.044845,0.018917,0.061997,0.000606,0.038380,-1.192699,0.000031,-0.948463
1324,-0.008812,-0.045753,-0.046041,-0.049892,-0.002250,-0.056935,-0.017116,-0.025069,-0.000854,-0.048736,-0.941818,0.000019,-0.689470
1325,0.005164,-0.007692,0.003545,-0.002109,0.000801,-0.009763,-0.013645,-0.033005,0.000841,0.004166,-1.189220,0.000009,-0.867855
1326,-0.020539,-0.094074,-0.072428,-0.082039,-0.004483,-0.162004,-0.058749,-0.100022,-0.002200,-0.147443,-1.494625,0.000041,-1.286287
1327,-0.007658,-0.022511,-0.021648,-0.022861,-0.003284,-0.024276,-0.008490,-0.015123,-0.000563,-0.030772,-0.387234,-0.000007,-0.252245
1328,-0.004627,-0.092594,-0.057642,-0.068649,-0.001724,-0.179712,-0.073565,-0.108838,-0.001733,-0.147779,-2.746929,0.000088,-2.063625
1329,0.006711,-0.054910,-0.036745,-0.041366,0.002442,-0.098512,-0.037888,-0.066127,-0.002638,-0.072044,0.589275,0.000031,0.414555
1330,0.033924,-0.031181,-0.016582,-0.017183,0.004720,-0.044013,-0.032070,-0.059168,0.000868,-0.027005,-0.258766,0.000028,-0.396690
1331,0.022385,0.677812,0.277641,0.315721,-0.009456,1.104675,0.491585,0.953450,0.000556,0.617698,-0.615757,0.000020,-1.127857
1332,0.012305,-0.048815,-0.024935,-0.028902,0.002085,-0.096509,-0.039350,-0.093846,0.000135,-0.084024,0.055885,-0.000001,-0.021599
1333,-0.024793,-0.065015,-0.046617,-0.052205,-0.003171,-0.080046,-0.031425,-0.044920,-0.001957,-0.059886,-1.420940,-0.000019,-0.870274
1334,0.064667,0.485937,0.285634,0.315723,0.015985,0.958910,0.436072,0.656413,0.003912,0.660526,3.132607,-0.000061,1.723019
1335,0.061967,0.457527,0.267178,0.299635,0.011839,0.941593,0.439649,0.696004,0.003434,0.629570,2.769196,-0.000057,1.445528
1336,0.044635,0.662440,0.369709,0.408516,0.011770,1.359522,0.686542,1.101014,0.007078,0.894035,3.332859,-0.000047,2.463036
1337,0.051749,0.541784,0.312666,0.347781,0.011380,1.115186,0.530400,0.846584,0.004369,0.757922,2.704987,-0.000045,1.448153
1338,0.054452,1.736710,0.867113,0.927817,0.005721,3.028767,1.797036,2.647358,0.006946,1.924134,6.760380,-0.000080,9.095634
1339,0.038203,0.492839,0.289712,0.325622,0.009733,1.029633,0.495360,0.785714,0.005289,0.664253,2.903755,-0.000059,2.055109
1340,0.059231,0.554426,0.317144,0.357911,0.015111,1.152917,0.556589,0.838303,0.006432,0.727098,4.051468,-0.000071,3.400377
1341,0.051809,0.437059,0.258407,0.292970,0.011080,0.905800,0.433824,0.673797,0.004208,0.571069,3.486530,-0.000062,2.375048
1342,0.015826,0.150500,0.093870,0.105969,0.006561,0.337448,0.170241,0.234369,0.000572,0.224116,1.381950,-0.000029,0.208284
1343,0.028141,0.172347,0.110681,0.125784,0.010994,0.368710,0.171650,0.235562,-0.001571,0.256825,2.410561,-0.000062,1.064684
1344,0.037540,0.210638,0.128198,0.147480,0.009414,0.464222,0.209135,0.332298,0.000590,0.338768,1.233421,-0.000030,0.075388
1345,-0.001888,0.200523,0.112043,0.123864,-0.001386,0.402179,0.185727,0.309542,-0.000870,0.293580,0.969566,-0.000026,0.289375
1346,0.009176,0.272115,0.154670,0.173483,0.003495,0.561404,0.259263,0.425378,-0.001184,0.412731,1.562885,-0.000033,0.412045
1347,-0.002711,0.082004,0.044019,0.050082,-0.000208,0.180496,0.084606,0.134611,-0.002266,0.139885,0.386040,-0.000035,-0.082247
1348,0.047165,0.180164,0.098978,0.109997,0.003775,0.349841,0.134416,0.241572,0.003832,0.237135,0.612732,-0.000010,0.163176
1349,0.027984,0.052089,0.038472,0.041715,0.004235,0.081472,0.032685,0.034157,-0.000724,0.067094,1.108353,-0.000016,0.525896
1350,0.008747,-0.008533,-0.003655,-0.006142,0.005166,-0.010260,-0.008612,-0.025054,-0.001211,0.000444,-0.060162,-0.000009,-0.121202
1351,0.052675,1.145222,0.726109,0.765692,0.001784,2.216019,1.157709,1.802799,0.025747,1.514574,1.931984,0.000017,2.617844
1352,-0.010231,0.046804,0.024584,0.026476,-0.004291,0.121858,0.047288,0.094847,0.000462,0.112082,-2.376698,0.000072,-2.014299
1353,0.000307,0.003734,0.002107,0.002193,0.000017,0.013124,0.007233,0.016181,0.000068,0.016663,0.010778,0.000002,0.046592
1354,0.001627,0.021810,0.011803,0.011818,0.000330,0.117369,0.060120,0.101696,0.000825,0.105479,0.048900,0.000174,0.184040
1355,-0.000203,0.002759,0.000137,0.000247,-0.000105,0.014233,0.007372,0.022543,-0.000131,0.018507,-0.011685,-0.000575,-0.022299
1356,0.001159,0.012617,0.006828,0.006983,0.000334,0.051187,0.020632,0.050498,0.000729,0.049786,0.026633,0.000170,0.127131
1357,0.001489,0.014122,0.008773,0.008937,0.000338,0.037330,0.019297,0.043887,0.000701,0.035971,0.016017,0.000270,0.009711
1358,0.001192,0.020778,0.010849,0.010697,0.000497,0.162753,0.080501,0.117475,0.001263,0.129281,0.052368,-0.000544,0.315657
1359,-0.000280,-0.007320,-0.003281,-0.003279,-0.000101,-0.062350,-0.030942,-0.045137,-0.000330,-0.048889,0.001703,0.000440,-0.003720
1360,0.000158,-0.000313,0.000297,0.000382,-0.000060,-0.003136,-0.002346,-0.005789,0.000034,-0.002394,0.017511,0.000483,0.040481
1361,-0.000773,-0.005409,-0.004202,-0.004412,-0.000165,-0.020400,-0.009236,-0.007534,-0.000723,-0.012066,0.014827,0.000439,0.118341
1362,0.001164,0.020899,0.010092,0.010044,0.000205,0.143226,0.071129,0.108847,0.000768,0.125847,0.058810,0.000012,0.217668
1363,0.000283,0.002389,0.001340,0.001369,0.000048,-0.000493,-0.000828,-0.001631,-0.000150,-0.013333,0.023166,-0.000002,0.110086
1364,0.000623,0.005169,0.003351,0.003472,0.000289,0.038861,0.017828,0.028537,0.000605,0.029904,0.018526,0.000527,0.052924
1365,0.000738,0.009104,0.005047,0.005022,0.000169,0.055929,0.025766,0.043533,0.000555,0.037224,0.006411,-0.000120,0.007594
1366,0.000685,0.010094,0.005064,0.004927,0.000216,0.076823,0.039264,0.060065,0.000415,0.061306,0.039524,0.000591,0.121560
1367,-0.000830,-0.010539,-0.006005,-0.006208,-0.000179,-0.065012,-0.030305,-0.049739,-0.000663,-0.044723,-0.001159,0.000167,0.031951
1368,0.000230,0.005414,0.002102,0.002000,0.000074,0.059198,0.031315,0.040439,0.000248,0.041725,0.010780,-0.000086,0.058591
1369,0.001030,0.004167,0.003069,0.002995,0.000216,-0.006856,-0.004538,-0.002584,0.000489,0.003130,0.015046,0.000151,0.073715
1370,-0.000299,-0.007453,-0.003881,-0.004336,-0.000072,-0.018512,-0.006818,-0.019528,-0.000152,-0.021472,-0.000531,-0.000257,0.003441
1371,0.000441,0.000479,-0.000153,-0.000353,0.000212,0.006948,0.004808,-0.000162,0.000255,0.013758,0.005645,-0.000207,0.039229
1372,0.000386,-0.000428,0.000231,0.000028,0.000039,-0.011177,-0.008368,-0.010706,-0.000014,-0.005533,0.004245,0.000140,0.007655
1373,0.000625,0.008772,0.004147,0.003799,0.000103,0.076720,0.034453,0.055161,-0.000022,0.062840,0.041997,0.000719,0.195529
1374,0.000156,-0.005372,-0.002021,-0.002214,0.000072,-0.062171,-0.032745,-0.041260,-0.000041,-0.044559,-0.001495,-0.000104,-0.007440
1375,0.000373,-0.009377,-0.003521,-0.003170,0.000223,-0.134446,-0.062185,-0.093768,0.000265,-0.104451,-0.070774,-0.000263,-0.243681
1376,0.000325,0.003152,0.001336,0.000961,0.000043,0.040447,0.014173,0.023027,0.000182,0.045682,0.039195,0.000353,0.196560
1377,-0.000260,-0.010124,-0.004383,-0.004586,-0.000071,-0.089859,-0.047291,-0.068580,-0.000218,-0.063866,-0.007079,0.000656,-0.064359
1378,0.000293,0.020337,0.007357,0.006969,-0.000061,0.232025,0.116180,0.170934,0.000450,0.190440,0.083147,0.000261,0.340455
1379,-0.000183,0.003892,0.000928,0.000795,-0.000157,0.056675,0.027765,0.042556,-0.000245,0.041342,0.042399,0.000433,0.152909
1380,-0.000322,0.014081,0.003428,0.003154,-0.000166,0.166647,0.090565,0.143041,-0.000274,0.132086,0.022450,-0.000761,0.184073
1381,-0.000221,-0.003300,-0.001374,-0.001439,-0.000171,-0.028904,-0.016307,-0.022758,-0.000309,-0.026261,0.014002,0.000333,0.028343
1382,0.000891,0.014583,0.007268,0.007171,0.000235,0.103379,0.051382,0.076073,0.000534,0.077790,0.032762,-0.000242,0.139668
1383,0.000753,0.009305,0.005677,0.005830,0.000136,0.040213,0.017482,0.034236,0.000505,0.026491,0.010893,0.000270,0.034040
1384,0.000295,0.010230,0.004628,0.004501,0.000063,0.097755,0.047983,0.066642,0.000433,0.084097,0.022577,-0.000140,0.083028
1385,0.000476,0.007743,0.003819,0.003760,0.000165,0.065271,0.030439,0.049924,0.000503,0.061281,0.027994,0.000252,0.146629
1386,0.000068,0.004439,0.001399,0.001076,-0.000008,0.070055,0.032020,0.041204,-0.000021,0.064171,0.028082,0.000189,0.142662
1387,0.000894,0.008762,0.005269,0.005245,0.000178,0.024116,0.008104,0.026288,0.000239,0.017791,0.027955,0.000383,0.088431
1388,0.000711,-0.000181,0.000806,0.000815,0.000203,-0.034309,-0.014566,-0.003349,0.000729,-0.038045,-0.044531,-0.000190,-0.208332
1389,0.000710,0.011512,0.005709,0.005801,0.000125,0.071303,0.032332,0.054718,0.000303,0.057002,0.013952,-0.000065,0.063811
1390,-0.000286,0.004925,0.000878,0.000626,-0.000131,0.080327,0.038886,0.048576,-0.000454,0.060107,0.044279,-0.000197,0.219797
1391,0.000418,0.013668,0.005247,0.004889,0.000069,0.140154,0.068274,0.091564,0.000043,0.114535,0.059698,0.000141,0.281207
1392,0.000908,0.025062,0.010904,0.010731,0.000126,0.214348,0.106302,0.161633,0.000582,0.174787,0.060510,-0.000496,0.251232
1393,0.001191,0.028413,0.012858,0.012605,0.000210,0.242500,0.119748,0.176289,0.000660,0.177608,0.093560,0.000254,0.393643
1394,-0.002469,-0.013039,-0.010718,-0.011197,-0.000771,0.000275,0.016658,-0.014499,-0.002045,-0.000257,-0.042742,-0.002017,-0.032785
1395,0.000699,0.016233,0.007920,0.007791,0.000023,0.120078,0.057571,0.089642,0.000250,0.089121,0.055262,0.000113,0.203469
1396,0.000922,0.010289,0.006169,0.006366,0.000173,0.046472,0.020904,0.044215,0.000534,0.033453,0.021017,0.000673,0.003725
1397,-0.000075,0.003901,0.000600,0.000530,-0.000040,0.077933,0.041470,0.048453,-0.000198,0.068880,0.031935,0.000022,0.127191
1398,0.001730,0.022816,0.012110,0.012261,0.000475,0.141568,0.072945,0.120525,0.000868,0.102516,0.069237,0.000357,0.214105
1399,0.000617,0.010372,0.005090,0.005079,0.000058,0.061071,0.027955,0.047840,0.000268,0.049878,0.032470,0.000354,0.111302
1400,0.000106,-0.000694,0.000392,0.000464,-0.000058,-0.045649,-0.023413,-0.028910,-0.000237,-0.044457,0.003326,-0.000073,0.000794
1401,0.000917,0.013323,0.006718,0.006529,0.000340,0.090358,0.040142,0.077121,0.000827,0.068037,0.037367,0.000612,0.110692
1402,0.001296,0.013502,0.007944,0.007955,0.000381,0.055995,0.023975,0.053542,0.000885,0.036592,0.032468,0.000257,0.128956
1403,0.000226,0.005234,0.002334,0.002354,0.000012,0.026047,0.008305,0.030023,0.000015,0.013043,0.004870,0.000156,-0.005065
1404,-0.000633,-0.000158,-0.001432,-0.001522,-0.000207,0.021816,0.010133,0.009979,-0.000708,0.013665,-0.000931,-0.000281,-0.032046
1405,0.000503,0.012976,0.005975,0.005815,0.000136,0.121167,0.059899,0.086507,0.000348,0.096830,0.041853,0.000012,0.158338
1406,-0.000764,-0.006904,-0.004082,-0.004162,-0.000188,-0.038908,-0.020360,-0.031535,-0.000652,-0.035184,-0.014986,-0.000275,-0.043693
1407,-0.000280,-0.002789,-0.001895,-0.001970,-0.000121,-0.015050,-0.009933,-0.011150,-0.000203,-0.012343,0.001333,0.000185,-0.014872
1408,-0.000152,0.000011,-0.000981,-0.001140,-0.000090,0.033182,0.016824,0.008747,-0.000479,0.027989,0.017265,0.000257,0.072190
1409,-0.000350,0.011230,0.002572,0.002292,-0.000033,0.141751,0.075996,0.093337,-0.000056,0.111676,0.021504,-0.000288,0.118094
1410,-0.000561,-0.007423,-0.004057,-0.003992,-0.000226,-0.070011,-0.036414,-0.045271,-0.000461,-0.057338,-0.017251,0.000051,-0.118541
1411,-0.000609,-0.008103,-0.004318,-0.004303,-0.000147,-0.060946,-0.031632,-0.045024,-0.000395,-0.051579,-0.010097,-0.000006,-0.037323
1412,-0.000709,-0.002534,-0.002883,-0.002887,-0.000233,0.000795,-0.003657,-0.000154,-0.000321,0.005814,-0.011382,-0.000014,-0.070819
1413,-0.000247,-0.006475,-0.003088,-0.003085,-0.000013,-0.050399,-0.021446,-0.044269,-0.000380,-0.026991,-0.006954,0.000451,-0.061940
1414,-0.000273,-0.008771,-0.003748,-0.003633,-0.000136,-0.114619,-0.057467,-0.069783,-0.000288,-0.098665,-0.024183,-0.000070,-0.114806
1415,-0.000507,-0.004215,-0.002683,-0.002640,-0.000175,-0.011101,-0.005770,-0.009060,-0.000205,-0.018326,-0.003619,-0.000198,-0.046668
1416,-0.000156,0.002674,0.000930,0.001009,-0.000221,0.006038,0.000557,0.008271,-0.000337,0.000914,0.004998,-0.000295,-0.004920
1417,-0.001479,-0.012997,-0.008531,-0.008669,-0.000368,-0.053406,-0.021983,-0.052263,-0.001259,-0.031689,-0.046592,-0.000927,-0.138238
1418,-0.000215,-0.016024,-0.006870,-0.006698,0.000081,-0.167303,-0.080228,-0.109021,-0.000355,-0.141194,-0.006092,0.001584,-0.066388
1419,0.000268,-0.013310,-0.004765,-0.004675,0.000260,-0.160282,-0.078142,-0.108641,-0.000030,-0.121661,0.014183,0.000955,0.127226
1420,0.000859,0.011033,0.005308,0.005363,0.000045,0.066542,0.027135,0.055737,0.000344,0.066224,-0.002659,-0.000680,-0.024767
1421,0.000014,-0.000700,-0.000617,-0.000781,0.000036,0.003779,0.000534,0.006372,0.000310,0.008361,-0.009366,-0.000051,-0.058393
1422,0.000743,0.002035,0.002404,0.002503,0.000088,-0.035371,-0.018054,-0.009654,0.000410,-0.030423,-0.011903,0.000006,-0.116486
1423,0.001572,0.020258,0.010066,0.010267,0.000233,0.135835,0.066419,0.111914,0.000419,0.101420,0.087226,-0.000412,0.300852
1424,0.000864,-0.001773,0.001876,0.002324,0.000206,-0.106211,-0.050460,-0.053880,0.000227,-0.095667,-0.001025,0.000277,-0.031558
1425,0.000312,-0.008627,-0.002486,-0.002393,0.000099,-0.130775,-0.065757,-0.083082,-0.000156,-0.103419,-0.018346,0.000579,-0.117062
1426,0.000584,-0.000646,0.000756,0.000541,0.000113,-0.049277,-0.021384,-0.034289,-0.000062,-0.018136,-0.020272,-0.000177,-0.080453
1427,0.000507,0.011970,0.005387,0.005390,0.000016,0.076708,0.039119,0.063888,0.000115,0.056655,0.036119,0.000116,0.115104
1428,0.001456,0.020046,0.010138,0.010212,0.000428,0.135456,0.064037,0.114912,0.001246,0.104239,0.054775,0.000403,0.177812
1429,0.001822,-0.000054,0.004412,0.004768,0.000369,-0.113516,-0.052331,-0.063366,0.000914,-0.085083,-0.006092,0.001064,-0.096895
1430,0.000456,0.013389,0.006262,0.006107,-0.000119,0.108726,0.052106,0.061981,-0.000312,0.083863,0.045463,-0.000855,0.217430
1431,0.001748,0.018840,0.011646,0.011742,0.000217,0.077047,0.036154,0.071920,0.000640,0.058007,0.078934,0.001272,0.247034
1432,0.001799,0.038335,0.017822,0.017484,0.000341,0.277953,0.148696,0.227810,0.001336,0.202161,0.096941,0.000001,0.382641
1433,0.001760,-0.000979,0.003710,0.003957,0.000521,-0.119156,-0.056634,-0.071487,0.000594,-0.085243,0.016864,0.001357,0.009921
1434,0.001583,0.010540,0.007775,0.007966,0.000407,0.016957,0.009488,0.004338,0.000423,0.019659,0.094320,0.001013,0.463902
1435,0.002417,0.018727,0.013333,0.013747,0.000615,0.031389,0.011830,0.037710,0.001199,0.031124,0.123648,0.001391,0.620476
1436,0.001838,0.013787,0.009634,0.009700,0.000503,0.029266,0.013212,0.019798,0.000707,0.035129,0.092170,0.000834,0.456282
1437,0.002434,0.030818,0.018173,0.018608,0.000569,0.164653,0.085579,0.134465,0.001653,0.118421,0.137883,0.001011,0.595558
1438,0.002570,0.038987,0.020892,0.020636,0.000418,0.238751,0.116458,0.181524,0.000979,0.176744,0.137152,0.001376,0.477047
1439,0.001460,0.011564,0.008770,0.008880,0.000252,0.007132,0.004149,0.016058,0.000391,0.001901,0.089960,0.000851,0.391454
1440,0.002194,0.021365,0.013872,0.014180,0.000435,0.071080,0.036128,0.057828,0.000673,0.065392,0.104682,0.000932,0.434922
1441,0.002201,0.033558,0.018582,0.018499,0.000314,0.194134,0.095562,0.142456,0.000785,0.141384,0.162796,0.001531,0.650884
1442,0.001101,-0.006534,0.000543,0.000788,0.000248,-0.156376,-0.077277,-0.100261,0.000184,-0.122169,-0.001158,-0.000071,0.006939
1443,0.000445,-0.001347,0.000329,0.000532,0.000238,-0.066457,-0.034867,-0.047272,-0.000176,-0.034752,0.001809,0.000403,0.003055
1444,0.000228,0.007040,0.003872,0.003969,-0.000132,0.028793,0.022939,0.009684,-0.000361,0.029406,0.016969,-0.002664,0.104434
1445,-0.000122,-0.015081,-0.006258,-0.006230,-0.000045,-0.177910,-0.084306,-0.117453,-0.000271,-0.143174,-0.037051,-0.000211,-0.099321
1446,0.000241,0.005065,0.001003,0.000956,0.000108,0.030111,0.018453,0.026876,-0.000193,0.041113,-0.000303,-0.000832,-0.026391
1447,-0.000566,-0.017627,-0.007829,-0.007884,-0.000089,-0.179552,-0.087004,-0.126060,-0.000369,-0.138158,-0.045196,-0.000101,-0.137766
1448,0.000106,-0.011150,-0.004341,-0.004390,0.000088,-0.134673,-0.066385,-0.094164,0.000125,-0.096960,-0.025569,0.000212,-0.082320
1449,0.000676,-0.000126,0.001625,0.001837,0.000152,-0.060704,-0.029327,-0.032890,0.000307,-0.051390,-0.004821,-0.000040,-0.039657
1450,0.000592,-0.002953,-0.000388,-0.000284,0.000256,-0.041284,-0.022443,-0.033979,0.000544,-0.018074,-0.020233,0.000343,-0.100673
1451,0.001376,-0.002812,0.002036,0.002440,0.000381,-0.109457,-0.055586,-0.065611,0.000568,-0.083256,-0.017803,0.000439,-0.095389
1452,-0.000158,-0.008815,-0.003754,-0.003895,0.000058,-0.092450,-0.050907,-0.066518,-0.000019,-0.061161,-0.017945,0.000737,-0.130441
1453,0.001332,0.016361,0.009442,0.009292,0.000459,0.092983,0.047002,0.071652,0.000940,0.086512,0.023756,0.000468,0.116338
1454,0.001484,0.058340,0.022747,0.021894,0.000121,0.492540,0.254975,0.371312,0.000704,0.407150,0.131312,-0.001065,0.656515
1455,0.000643,0.027686,0.012112,0.012423,0.000033,0.242192,0.127593,0.193602,0.000568,0.172264,0.073517,-0.000501,0.252023
1456,0.000154,-0.001390,-0.000612,-0.000560,-0.000015,-0.031602,-0.018554,-0.022890,-0.000033,-0.013185,-0.007611,-0.000517,-0.026610
1457,0.000149,-0.004965,-0.001638,-0.001592,0.000009,-0.089719,-0.044507,-0.061460,-0.000123,-0.060548,-0.026091,-0.000617,-0.066395
1458,0.000510,0.013737,0.006195,0.005958,0.000053,0.136691,0.075898,0.079729,0.000440,0.119543,0.097035,0.000366,0.441830
1459,0.000667,0.008267,0.004181,0.004295,0.000289,0.046974,0.029003,0.021932,0.000369,0.055106,0.021187,-0.000086,0.105897
1460,0.001280,0.042120,0.018929,0.018284,-0.000055,0.378899,0.220663,0.260789,0.000377,0.242132,0.159481,-0.000901,0.631311
1461,0.000752,0.021016,0.009059,0.008660,0.000179,0.165615,0.100843,0.122659,0.000225,0.123659,0.037736,-0.000765,0.219884
1462,0.002474,0.060197,0.027819,0.026970,0.000429,0.457312,0.235851,0.348814,0.001229,0.341312,0.171252,-0.000045,0.741418
1463,0.000161,-0.005532,-0.001853,-0.001672,0.000192,-0.075883,-0.033882,-0.055175,-0.000103,-0.053342,-0.001683,-0.000089,0.019505
1464,-0.000300,0.030162,0.009164,0.008028,-0.000250,0.398441,0.209900,0.267885,-0.000276,0.307807,0.338264,-0.001922,1.955418
1465,-0.000170,0.025803,0.008067,0.007137,-0.000218,0.316342,0.156542,0.215186,0.000058,0.251064,0.268828,-0.000528,1.512816
1466,0.001029,0.040427,0.017477,0.016913,0.000027,0.367115,0.189656,0.258388,0.000412,0.288223,0.143336,-0.000977,0.717777
1467,0.001355,0.034164,0.015751,0.015031,0.000299,0.298647,0.144463,0.200587,0.000614,0.263294,0.103173,0.000034,0.475613
1468,0.000834,0.036970,0.015383,0.014536,0.000238,0.362620,0.188038,0.246545,0.000276,0.299612,0.194777,-0.000253,1.074364
1469,0.000725,0.012794,0.006852,0.006861,0.000171,0.078712,0.035897,0.058928,0.000814,0.065580,0.079464,0.000455,0.414628
1470,0.000743,0.032412,0.013071,0.012452,-0.000097,0.314323,0.157837,0.226479,0.000637,0.239951,0.252304,-0.000281,1.370145
1471,-0.000375,-0.012311,-0.005186,-0.005279,-0.000204,-0.133337,-0.067440,-0.092509,-0.000710,-0.114355,-0.025899,0.000368,-0.147346
1472,0.000432,0.012052,0.005797,0.005485,0.000310,0.111267,0.052331,0.065580,0.000117,0.094744,0.031942,-0.000148,0.154541
1473,0.002647,0.035821,0.019249,0.019208,0.000879,0.217818,0.106049,0.157385,0.001033,0.174097,0.061296,0.000178,0.246740
1474,0.000450,-0.007085,-0.002242,-0.002006,0.000221,-0.102607,-0.049931,-0.063664,0.000044,-0.079686,0.010355,0.000971,0.025804
1475,-0.000387,-0.002964,-0.001918,-0.001670,-0.000399,-0.047791,-0.021463,-0.023906,-0.000755,-0.054387,0.012862,-0.001312,0.110048
1476,-0.000944,-0.019304,-0.009604,-0.009579,-0.000454,-0.180334,-0.086965,-0.119510,-0.000856,-0.158106,-0.039708,-0.000467,-0.155768
1477,-0.000272,-0.003879,-0.002056,-0.001807,-0.000354,-0.052129,-0.027353,-0.020999,-0.000439,-0.064546,0.000359,-0.001057,0.064756
1478,-0.000242,0.002333,0.000395,0.000411,-0.000363,0.017117,0.008465,0.017236,-0.000317,0.008420,-0.004822,-0.000245,-0.001821
1479,0.001152,0.014489,0.007919,0.007836,0.000350,0.089681,0.039780,0.048822,0.000136,0.074661,0.042035,-0.000118,0.201398
1480,-0.000437,0.010208,0.004350,0.004681,-0.000483,0.073845,0.047155,0.054682,-0.000521,0.031496,0.052562,-0.002502,0.494435
1481,0.000653,0.006556,0.003509,0.003666,0.000049,0.010475,0.002809,0.014651,-0.000128,0.006076,0.039562,-0.000493,0.281576
1482,-0.000376,-0.016076,-0.007176,-0.007013,-0.000354,-0.193518,-0.091595,-0.119951,-0.000825,-0.169952,-0.011136,-0.000451,0.059239
1483,-0.000168,-0.000925,-0.000403,-0.000369,-0.000263,-0.042655,-0.016681,-0.021998,-0.000250,-0.045898,0.023587,-0.001069,0.191377
1484,0.000818,0.015469,0.006971,0.006752,-0.000021,0.128130,0.067544,0.114246,0.000769,0.089602,0.056852,0.000423,0.183598
1485,-0.000067,-0.005544,-0.002915,-0.002791,-0.000129,-0.088103,-0.038906,-0.045382,-0.000228,-0.080782,0.016547,-0.000224,0.193315
1486,0.001413,0.015827,0.007684,0.007389,0.000223,0.082358,0.040151,0.087440,0.000819,0.056283,0.056860,0.001209,0.205754
1487,0.000980,0.044362,0.019170,0.019284,-0.000006,0.367874,0.200600,0.260204,0.000447,0.254198,0.128553,-0.000685,0.674036
1488,0.000678,-0.002196,0.000214,0.000283,-0.000045,-0.063569,-0.035427,-0.017881,0.000088,-0.051938,-0.000468,0.000391,0.052330
1489,-0.000231,0.035097,0.015012,0.015545,-0.000546,0.335752,0.184084,0.229229,-0.000048,0.225804,0.123261,-0.002242,0.699142
1490,-0.000747,-0.020996,-0.009990,-0.010104,-0.000415,-0.191479,-0.093945,-0.123242,-0.000777,-0.160673,-0.037499,0.000184,-0.130135
1491,-0.000829,-0.017586,-0.008628,-0.008530,-0.000399,-0.156679,-0.072351,-0.096894,-0.000694,-0.139891,-0.024948,0.000112,-0.101866
1492,0.002219,0.013421,0.009108,0.010459,0.000588,0.028321,0.016627,0.053811,0.001646,-0.000150,0.039283,0.000780,0.108939
1493,-0.000371,-0.006780,-0.003695,-0.003534,-0.000255,-0.056928,-0.023443,-0.026118,-0.000163,-0.058110,0.012462,0.000594,0.001006
1494,-0.001283,-0.020535,-0.010186,-0.010265,-0.000401,-0.171622,-0.080670,-0.108132,-0.000987,-0.150452,-0.041410,0.000161,-0.176642
1495,-0.000373,-0.010124,-0.004550,-0.004441,-0.000039,-0.106370,-0.046391,-0.076454,-0.000657,-0.090677,-0.014782,0.000866,-0.090086
1496,-0.000121,-0.005612,-0.002436,-0.002327,-0.000140,-0.065095,-0.029178,-0.035659,-0.000116,-0.065354,-0.027540,-0.000151,-0.131450
1497,0.000040,-0.004259,-0.000880,-0.000850,0.000149,-0.055829,-0.024452,-0.040445,0.000502,-0.043468,-0.026430,-0.000206,-0.130727
1498,0.001915,0.030590,0.016747,0.016852,0.000446,0.190717,0.087289,0.123225,0.000420,0.160104,0.069595,0.000120,0.282467
1499,0.000236,0.031626,0.012563,0.012591,-0.000433,0.277873,0.158180,0.200896,-0.000111,0.175209,0.107058,-0.001355,0.593787
1500,-0.000658,-0.031473,-0.013711,-0.013454,-0.000211,-0.329042,-0.155057,-0.215250,-0.000927,-0.286489,-0.019869,0.001003,-0.013209
1501,0.000297,0.003905,0.002229,0.002421,-0.000208,0.012544,0.006191,0.023393,-0.000033,-0.000475,0.014428,0.000214,0.010802
1502,-0.000277,-0.014246,-0.006607,-0.006585,0.000041,-0.135535,-0.066634,-0.085822,-0.000406,-0.105498,-0.016954,0.001095,-0.092450
1503,0.001524,0.013904,0.008141,0.007799,0.000355,0.060102,0.020072,0.036750,0.000381,0.065074,0.026475,0.000741,0.061293
1504,0.001097,0.006414,0.004500,0.004652,0.000582,0.022792,0.012287,0.004988,0.000099,0.038400,0.050856,0.001452,0.200943
1505,-0.000645,-0.009776,-0.004847,-0.004915,-0.000326,-0.098846,-0.048797,-0.063268,-0.000606,-0.081903,-0.027378,0.000111,-0.155997
1506,0.001219,0.014808,0.007796,0.007566,0.000302,0.103301,0.047187,0.068878,0.000870,0.097880,0.033861,0.000347,0.161051
1507,0.000194,-0.003355,-0.000533,-0.000314,-0.000139,-0.089920,-0.042823,-0.053571,-0.000135,-0.080387,-0.030473,-0.000696,-0.065877
1508,0.000703,0.002512,0.002360,0.002374,0.000106,-0.033844,-0.018219,-0.014077,0.000216,-0.024545,0.004697,0.000459,0.014617
1509,0.001326,0.028073,0.015368,0.015892,-0.000062,0.169534,0.093638,0.124657,0.000698,0.102847,0.086090,-0.001936,0.532907
1510,-0.000319,0.005367,0.001614,0.001475,-0.000294,0.088028,0.046651,0.055137,-0.000133,0.064326,0.016204,-0.001016,0.063898
1511,-0.000891,0.003830,0.000594,0.000235,-0.000461,0.111454,0.062868,0.058527,-0.001022,0.066465,0.042238,-0.002428,0.261908
1512,-0.000407,0.024659,0.009054,0.008618,-0.000302,0.277970,0.147345,0.201990,0.000006,0.208721,0.093788,0.000713,0.404587
1513,0.000458,0.014762,0.007222,0.006967,-0.000010,0.137241,0.068229,0.088829,0.000522,0.105152,0.049902,-0.000427,0.214986
1514,0.000809,0.013719,0.006179,0.005967,0.000404,0.148833,0.076348,0.098420,0.001065,0.129617,0.062243,0.001355,0.197498
1515,0.001134,0.001016,0.002857,0.002744,0.000533,-0.045447,-0.021267,-0.028830,0.001192,-0.022993,-0.004007,0.001692,-0.114601
1516,0.000628,0.010249,0.005088,0.004984,0.000306,0.076070,0.033007,0.048775,-0.000011,0.078488,0.062830,0.001983,0.272711
1517,0.000918,0.009034,0.005727,0.005875,0.000155,0.025326,0.010391,0.010877,0.000165,0.027191,0.074204,0.000296,0.387433
1518,0.000553,0.017047,0.008499,0.008206,0.000108,0.153367,0.070321,0.098676,0.000460,0.134464,0.046347,-0.000669,0.229047
1519,-0.000325,-0.014568,-0.007728,-0.008261,0.000206,-0.118235,-0.064827,-0.078919,-0.000627,-0.081892,-0.019070,0.001365,-0.097192
1520,0.000718,0.017525,0.007885,0.007684,0.000115,0.135843,0.063110,0.092062,0.000126,0.106580,0.058125,0.000101,0.255584
1521,0.001770,0.037236,0.017155,0.016717,0.000305,0.261229,0.128408,0.222745,0.000779,0.192411,0.228786,0.000770,1.118426
1522,-0.000096,-0.006598,-0.003538,-0.003893,-0.000057,-0.061582,-0.034045,-0.041144,-0.000237,-0.036760,-0.015915,0.000568,-0.081845
1523,0.000484,-0.004270,-0.001309,-0.001379,0.000244,-0.045104,-0.025168,-0.025466,0.000208,-0.031880,0.000209,0.001374,-0.059338
1524,0.001550,-0.010383,-0.002525,-0.002772,0.000594,-0.154467,-0.081846,-0.092575,0.000493,-0.096954,-0.032797,0.002440,-0.246295
1525,0.001511,0.005245,0.004042,0.003496,0.000402,-0.015071,-0.012318,-0.000718,0.000540,0.006569,0.059850,0.002959,0.195793
1526,0.001189,0.019340,0.009669,0.009533,0.000132,0.140973,0.066487,0.107957,0.000778,0.110481,0.046069,-0.000464,0.189266
1527,-0.000133,-0.004431,-0.001750,-0.001842,-0.000017,-0.040027,-0.020586,-0.028224,-0.000190,-0.038747,0.012757,-0.000524,0.108523
1528,0.000388,-0.008546,-0.004274,-0.004350,0.000195,-0.098661,-0.054542,-0.053724,-0.000105,-0.085141,-0.010851,0.001110,-0.106042
1529,-0.000301,-0.007458,-0.003999,-0.004213,0.000000,-0.053229,-0.029492,-0.035123,-0.000352,-0.044668,0.005923,-0.000090,0.015731
1530,0.002284,0.009945,0.004750,0.003238,0.000599,0.009776,-0.017773,0.027501,0.000464,0.057109,3.589154,0.005014,12.941333
1531,0.000535,-0.003784,-0.001171,-0.001558,0.000310,-0.062243,-0.033266,-0.038368,0.000008,-0.047464,0.027734,0.002063,0.037112
1532,0.001311,0.017631,0.011011,0.010951,0.000217,0.099983,0.056026,0.066788,0.000934,0.083404,0.065861,-0.000017,0.293842
1533,0.000561,0.001187,0.000769,0.000695,0.000194,-0.004213,-0.005514,-0.000243,0.000052,0.006938,0.022077,0.000672,0.062491
1534,0.002830,0.008075,0.005323,0.003997,0.000754,-0.049656,-0.045804,-0.013733,0.000567,0.012166,3.666882,0.006479,13.158963
1535,0.002295,0.004745,0.003618,0.002486,0.000633,-0.044895,-0.037659,-0.015988,0.000511,-0.000759,1.459581,0.005946,6.418049
1536,0.002124,0.012670,0.006119,0.005272,0.000803,0.038865,0.000047,0.053278,0.000779,0.054763,1.380097,0.005881,6.197457
1537,-0.000152,-0.020054,-0.009188,-0.009235,0.000178,-0.183571,-0.093546,-0.123733,-0.000391,-0.141345,-0.047651,0.001388,-0.219449
1538,0.001477,0.002854,0.000139,-0.001730,0.000471,-0.012395,-0.044238,-0.006314,-0.000245,0.111703,14.161209,0.003881,41.275024
1539,0.000590,-0.007491,-0.004865,-0.006010,0.000278,-0.063677,-0.059103,-0.039222,-0.000592,0.029643,8.564310,0.005079,26.405979
1540,0.003120,0.010907,0.006136,0.004446,0.001144,-0.011511,-0.034830,0.012870,0.000553,0.098589,9.734503,0.006621,29.660934
1541,0.002027,-0.000989,0.000288,-0.001205,0.000655,-0.097435,-0.073366,-0.049478,0.000164,-0.004318,8.232205,0.007043,26.320908
1542,0.001113,0.002115,-0.000873,-0.002705,0.000390,-0.019350,-0.045183,-0.008692,-0.000429,0.095809,12.478959,0.005935,37.281597
1543,0.001403,-0.001589,-0.001683,-0.003462,0.000364,-0.043198,-0.055459,-0.023516,-0.000191,0.079980,13.029970,0.006295,38.847729
1544,0.005696,0.066785,0.031859,0.028418,0.001599,0.391589,0.148599,0.312895,0.002704,0.441879,12.670835,0.008368,38.001125
1545,0.001890,0.013769,0.005158,0.003507,0.000538,0.072715,-0.001454,0.063285,-0.000132,0.167908,13.576262,0.003250,40.165737
1546,0.003841,0.030219,0.014707,0.012257,0.000982,0.133413,0.024870,0.117489,0.001111,0.242989,14.412958,0.007004,42.758808
1547,0.005830,0.098558,0.043976,0.040592,0.001370,0.655534,0.298806,0.510009,0.002910,0.559134,10.844197,0.004581,32.329720
1548,0.002789,0.022267,0.010269,0.009028,0.000938,0.103238,0.019981,0.093762,0.000847,0.146818,8.191063,0.006643,25.525919
1549,0.005530,0.065018,0.029243,0.026112,0.001586,0.392593,0.147172,0.307428,0.002816,0.410363,12.954798,0.005127,38.158997
1550,0.003957,0.005426,0.007485,0.005325,0.001050,-0.147091,-0.097526,-0.084306,0.001400,-0.029583,7.765317,0.008627,24.757977
1551,0.003987,0.072293,0.022881,0.019085,0.000731,0.664873,0.288872,0.504425,0.002177,0.607366,13.077445,0.001563,37.091995
1552,0.003971,0.037621,0.016721,0.013429,0.001284,0.249170,0.094824,0.172645,0.002424,0.293368,10.571774,0.009695,32.453598
1553,0.003271,0.021661,0.010016,0.008468,0.000695,0.151180,0.045091,0.108924,0.001304,0.178465,2.876356,0.005649,10.379754
1554,0.004031,0.026835,0.016425,0.015666,0.001147,0.078376,0.024559,0.075017,0.001956,0.108999,1.456865,0.006199,6.170269
1555,-0.000687,-0.015974,-0.007030,-0.006323,-0.000075,-0.165615,-0.071114,-0.115331,-0.001015,-0.140365,0.012214,-0.000090,0.251069
1556,0.000829,0.013441,0.007271,0.007614,0.000392,0.112593,0.061054,0.067556,0.000664,0.099180,0.091116,0.000305,0.442376
1557,0.003634,0.039260,0.020193,0.019903,0.001342,0.244979,0.124563,0.193154,0.003188,0.175821,0.267776,0.001732,1.175853
1558,0.002304,0.073549,0.033853,0.034096,0.000388,0.551133,0.309983,0.414525,0.001082,0.384337,0.186705,-0.001480,0.935491
1559,0.003295,0.094116,0.041040,0.040111,0.000294,0.673763,0.352285,0.536051,0.001352,0.466622,0.273543,-0.000921,1.247993
1560,-0.000759,-0.011462,-0.006482,-0.006505,-0.000113,-0.073298,-0.035568,-0.050349,-0.000739,-0.059285,-0.006442,0.001067,-0.030357
1561,0.001516,0.014495,0.007498,0.007462,0.000246,0.059632,0.018100,0.050043,0.000388,0.055273,0.038038,0.001978,0.165555
1562,0.000277,-0.002738,-0.000954,-0.000925,0.000022,-0.053946,-0.024220,-0.037273,-0.000118,-0.039464,-0.004107,0.002100,-0.084127
1563,-0.001185,-0.009118,-0.005580,-0.005595,-0.000355,-0.049307,-0.020797,-0.037485,-0.001033,-0.045443,-0.002969,0.000350,0.002231
1564,0.000373,-0.010715,-0.004254,-0.004759,0.000318,-0.150394,-0.085088,-0.104857,-0.000265,-0.120146,-0.052832,0.000290,-0.170680
1565,0.003498,0.030193,0.019297,0.019234,0.001059,0.121688,0.052602,0.105575,0.002713,0.106399,0.078162,0.001539,0.231949
1566,0.000624,0.005442,0.003883,0.003728,0.000181,0.010473,0.002043,0.014809,0.000453,0.007195,-0.000021,-0.000149,-0.021905
1567,0.000714,-0.004900,-0.001302,-0.001505,0.000197,-0.095463,-0.053884,-0.064896,-0.000049,-0.068722,-0.014925,0.000591,-0.037612
1568,0.000165,-0.010958,-0.004809,-0.005774,0.000240,-0.115484,-0.063481,-0.077834,-0.000739,-0.077270,-0.014584,0.000574,-0.031613
1569,0.000136,-0.010984,-0.004156,-0.004272,0.000123,-0.112129,-0.056458,-0.073773,-0.000169,-0.082173,-0.030681,0.000569,-0.161501
1570,0.003724,0.006282,0.008337,0.008075,0.001214,-0.066454,-0.037940,-0.033113,0.001013,-0.028662,0.135541,0.004764,0.390560
1571,0.002244,0.003306,0.004359,0.003375,0.000736,-0.027445,-0.016846,-0.014308,0.000540,0.019423,0.088566,0.002587,0.314980
1572,0.002801,0.017631,0.011811,0.011310,0.000735,0.045367,0.018173,0.049692,0.001091,0.071000,0.106437,0.003820,0.333079
1573,0.001696,0.093169,0.038799,0.039159,0.000128,0.812700,0.530285,0.626133,0.000820,0.534848,0.304744,-0.001775,1.059825
1574,0.004739,0.085421,0.039791,0.038865,0.001206,0.575103,0.281156,0.460310,0.002219,0.437806,0.679795,0.002585,3.131961
1575,0.004056,0.292942,0.106309,0.102456,0.000671,1.966932,1.298851,1.739321,0.002520,1.256177,1.030387,-0.001576,4.040526
1576,-0.000342,-0.007433,-0.001618,-0.001097,-0.000116,-0.082676,-0.020131,-0.063357,-0.000657,-0.079299,0.024152,-0.002468,0.089642
1577,-0.001089,-0.011021,-0.004016,-0.004150,-0.000129,-0.094893,-0.032700,-0.074356,-0.000384,-0.075602,0.069102,-0.002347,0.416989
1578,0.003533,0.031436,0.016094,0.015816,0.000990,0.121272,0.047678,0.125841,0.002060,0.107238,0.445241,0.004433,2.186967
1579,0.003671,0.026487,0.015628,0.015481,0.000929,0.098884,0.034220,0.096410,0.001683,0.100467,0.196213,0.004290,0.812786
1580,0.003978,0.042750,0.022776,0.022170,0.001086,0.223759,0.091000,0.202107,0.002108,0.174417,0.252291,0.002203,1.192208
1581,0.001656,-0.000445,0.001620,0.001954,0.000683,-0.047215,-0.031653,-0.024191,0.000778,-0.029305,-0.006836,0.001777,-0.107936
1582,0.001882,-0.000112,0.003025,0.002887,0.000840,-0.086751,-0.052001,-0.061145,0.000487,-0.062617,-0.028207,0.000457,-0.057790
1583,0.002966,0.012136,0.006543,0.006176,0.001277,0.035288,-0.008394,0.051983,0.000974,0.073234,1.204411,0.008016,5.105888
1584,0.003617,0.033661,0.017183,0.017100,0.001376,0.210363,0.084806,0.180009,0.001677,0.183013,0.281480,0.005702,1.202066
1585,0.003656,0.015240,0.009743,0.009188,0.001452,0.029822,-0.008221,0.043246,0.001420,0.078601,0.834918,0.006609,4.007799
1586,0.002643,0.009686,0.004967,0.003989,0.001070,-0.002643,-0.024267,0.027181,0.000919,0.038450,0.806391,0.004627,4.127144
1587,0.002951,0.014102,0.007216,0.006318,0.001319,0.061763,0.007672,0.061939,0.001250,0.104846,0.810837,0.007684,3.897959
1588,0.002691,0.011933,0.005392,0.004602,0.001313,0.087067,0.019590,0.094950,0.001088,0.124220,0.927916,0.008395,4.437925
1589,0.006508,0.086363,0.041624,0.039017,0.001954,0.509950,0.207430,0.431502,0.002933,0.444308,5.105334,0.005302,17.076548
1590,0.003669,0.056595,0.023210,0.022573,0.001536,0.387359,0.168201,0.321673,0.001556,0.305094,0.725778,0.004297,3.521575
1591,0.004387,0.027062,0.014462,0.013312,0.001711,0.119204,0.026544,0.113658,0.001504,0.145937,0.850763,0.006460,4.087165
1592,0.004503,0.126111,0.051233,0.049189,0.001165,0.961838,0.481428,0.779211,0.003826,0.693317,4.013521,0.002502,13.064175
1593,0.005764,0.069510,0.032101,0.031292,0.002053,0.447171,0.197725,0.391330,0.005087,0.348448,0.872093,0.003606,3.472717
1594,0.003317,0.001460,0.006173,0.005867,0.001252,-0.144743,-0.088579,-0.068082,0.002713,-0.090427,0.004994,0.002995,-0.150697
1595,0.002522,0.078601,0.023655,0.020617,0.000509,0.739596,0.349528,0.590272,0.001378,0.588781,3.317204,0.004719,10.255721
1596,0.001809,-0.007657,-0.003368,-0.003910,0.000915,-0.120395,-0.071902,-0.062523,0.001377,-0.068027,0.438781,0.007399,2.476579
1597,0.002375,0.011652,0.008048,0.008195,0.000755,-0.023595,-0.013622,0.005698,0.001577,0.005593,0.141624,0.005513,0.301842
1598,0.000766,0.014460,0.008398,0.008892,0.000211,0.105592,0.078336,0.075336,0.001447,0.081341,0.091544,0.000359,0.269001
1599,0.001461,0.000896,0.004586,0.005150,0.000866,-0.083794,-0.018746,-0.071536,0.000441,-0.041746,0.113473,0.001331,0.568356
1600,0.002303,0.004031,0.006538,0.006917,0.000882,-0.082105,-0.036089,-0.050694,0.001404,-0.044417,0.045042,0.003192,0.001357
1601,0.001506,0.005467,0.005650,0.006109,0.000534,-0.038398,-0.017681,-0.025028,0.000745,-0.024448,0.025375,0.001971,-0.009472
1602,0.000216,0.001222,0.002163,0.002460,0.000201,0.000677,0.012657,-0.003601,0.000680,-0.001192,0.053968,-0.000457,0.229801
1603,-0.000430,0.003031,0.000513,0.000535,-0.000412,0.019612,0.013288,0.022889,-0.000297,-0.000298,-0.006088,-0.001721,-0.038327
1604,0.002531,0.023910,0.014555,0.014709,0.000502,0.077224,0.034283,0.078488,0.001015,0.044161,0.035260,0.000138,0.124238
1605,-0.000235,0.002639,-0.000047,-0.000232,-0.000098,0.020601,0.012818,0.022912,0.000387,0.011422,-0.002823,-0.000341,-0.001362
1606,0.003369,0.034739,0.018008,0.018171,0.000742,0.158037,0.075112,0.142812,0.001751,0.096812,0.401838,0.004278,1.755725
1607,-0.000200,-0.004340,-0.002396,-0.002248,-0.000040,-0.061373,-0.027728,-0.034315,-0.000074,-0.057956,-0.008717,-0.000280,-0.073610
1608,-0.000288,-0.019312,-0.009625,-0.009751,-0.000153,-0.220711,-0.106629,-0.140483,-0.000294,-0.189412,-0.064403,0.000559,-0.225903
1609,0.000042,0.003923,0.001208,0.001350,0.000017,0.012386,0.008518,0.032645,0.000254,-0.013597,0.042755,0.001307,0.105140
1610,0.002385,0.015429,0.010434,0.011280,0.000712,0.024303,0.017599,0.033400,0.001037,0.009775,0.046747,0.002429,0.048533
1611,-0.002377,-0.017260,-0.011030,-0.011159,-0.000682,-0.088818,-0.037540,-0.056525,-0.001118,-0.095997,-0.038971,-0.001930,-0.086073
1612,0.002232,0.001130,0.002846,0.003031,0.000550,-0.087485,-0.049486,-0.044107,0.000695,-0.058083,0.032279,0.003832,-0.024976
1613,-0.000239,-0.007871,-0.004315,-0.004436,-0.000208,-0.090224,-0.046974,-0.043314,-0.000232,-0.084694,-0.035047,-0.000479,-0.133797
1614,0.001670,-0.016051,-0.005211,-0.004862,0.000566,-0.227657,-0.113871,-0.140599,0.000914,-0.178272,0.012652,0.004574,-0.107703
1615,0.002693,0.010773,0.008923,0.009664,0.000706,-0.050028,-0.022042,-0.014086,0.000901,-0.036013,0.036560,0.002714,0.046603
1616,0.001021,0.017003,0.006992,0.007173,0.000215,0.115702,0.056025,0.115822,0.001181,0.081717,0.056475,0.001563,0.157164
1617,0.002375,0.042717,0.022862,0.021943,0.000533,0.276638,0.135549,0.183911,0.001460,0.250179,0.090480,0.000144,0.371697
1618,0.003568,0.037789,0.020727,0.020148,0.001060,0.224337,0.098007,0.161082,0.001360,0.207553,0.116423,0.001821,0.591694
1619,0.001983,0.017933,0.010825,0.010120,0.000491,0.101051,0.037989,0.071318,0.000776,0.114497,0.034511,0.001190,0.127472
1620,0.001669,0.019967,0.010323,0.009931,0.000664,0.158828,0.075020,0.106198,0.000926,0.152011,0.051123,0.001691,0.204569
1621,0.000385,-0.007826,-0.004807,-0.005051,0.000042,-0.092264,-0.050663,-0.053710,0.000078,-0.063305,-0.028962,0.000659,-0.099237
1622,0.002253,0.019439,0.009751,0.009958,0.000652,0.113165,0.047915,0.110373,0.001463,0.083608,0.079542,0.001535,0.260322
1623,0.003285,0.031764,0.016138,0.016187,0.001088,0.191229,0.078250,0.158292,0.001789,0.172843,0.133740,0.003645,0.524243
1624,-0.001425,-0.017392,-0.009026,-0.008874,-0.000410,-0.134429,-0.059806,-0.088396,-0.000291,-0.118756,-0.034208,-0.001078,-0.103730
1625,0.001933,0.036405,0.016798,0.017292,0.000599,0.258878,0.124584,0.218495,0.001545,0.183830,0.163021,0.000916,0.711824
1626,0.002464,0.029720,0.015344,0.015902,0.000769,0.197207,0.097072,0.162320,0.001278,0.156243,0.129419,0.002066,0.590165
1627,0.000773,0.023336,0.009372,0.009635,0.000179,0.201708,0.098440,0.166625,0.001027,0.137337,0.101801,0.000198,0.458025
1628,0.000972,0.019699,0.010714,0.011233,0.000148,0.125053,0.068229,0.100640,0.000316,0.086096,0.039048,-0.000492,0.176101
1629,-0.000328,-0.007973,-0.004027,-0.003775,-0.000177,-0.089234,-0.044920,-0.053372,0.000187,-0.077699,-0.020847,0.000163,-0.096794
1630,0.005004,0.148833,0.071341,0.070631,0.000966,0.979315,0.543144,0.760397,0.002735,0.730402,0.339858,-0.000722,1.460397
1631,0.001909,0.022661,0.011872,0.012008,0.000516,0.140512,0.061318,0.113588,0.000989,0.111919,0.058400,0.001639,0.218492
1632,0.001348,0.013387,0.006973,0.007102,0.000400,0.076625,0.032225,0.062838,0.000634,0.062192,0.032032,0.001436,0.137755
1633,0.005193,0.036134,0.024333,0.024744,0.001375,0.132384,0.049614,0.111925,0.001548,0.128071,0.104696,0.002598,0.313409
1634,0.000801,-0.013913,-0.004612,-0.004113,0.000212,-0.165187,-0.084879,-0.101910,0.000800,-0.137866,-0.057453,0.000492,-0.283789
1635,0.004374,-0.014056,-0.000360,0.000226,0.001109,-0.252918,-0.128526,-0.150274,0.000859,-0.198900,-0.028889,0.003518,-0.249974
1636,0.001161,-0.019757,-0.005852,-0.005418,0.000231,-0.238474,-0.115974,-0.149325,0.000365,-0.195376,-0.048041,0.001077,-0.231923
1637,0.003167,-0.007699,0.000607,0.001024,0.000864,-0.174984,-0.091155,-0.088765,0.001441,-0.129740,-0.030218,0.002526,-0.218566
1638,0.008063,0.024364,0.023116,0.024375,0.001980,-0.028847,-0.030676,0.029241,0.002169,-0.008035,0.204587,0.005002,0.621703
1639,0.005535,0.014812,0.013925,0.014321,0.001352,-0.049086,-0.039470,0.008368,0.002215,-0.014711,0.245115,0.004070,1.068286
1640,0.002507,-0.022696,-0.007551,-0.007415,0.000712,-0.279072,-0.139631,-0.170493,0.000938,-0.226260,-0.064277,0.003338,-0.375618
1641,0.005867,0.073139,0.037055,0.037410,0.001673,0.461536,0.189447,0.404925,0.002199,0.341339,0.334098,0.002873,1.566616
1642,0.005534,0.079020,0.038146,0.038770,0.001592,0.518176,0.230378,0.475385,0.002951,0.349963,0.321380,0.001548,1.425388
1643,0.001549,0.017802,0.011874,0.012251,0.000642,0.084575,0.058202,0.048817,0.000867,0.074444,0.022271,0.000810,0.032495
1644,0.004949,-0.015060,0.000899,0.000487,0.001201,-0.299122,-0.156060,-0.196168,0.000904,-0.187798,-0.025129,0.004060,-0.116031
1645,0.000923,-0.039352,-0.015981,-0.016216,0.000182,-0.411240,-0.198796,-0.266781,-0.000120,-0.339408,-0.075877,0.003170,-0.275117
1646,0.002694,-0.033108,-0.011380,-0.011338,0.000685,-0.369176,-0.182194,-0.240173,0.000009,-0.292488,-0.066555,0.003094,-0.216940
1647,0.002530,-0.023508,-0.006912,-0.006668,0.000639,-0.303768,-0.150250,-0.186764,0.000714,-0.240400,-0.044676,0.002855,-0.182666
1648,0.001728,-0.037967,-0.014722,-0.014964,0.000492,-0.401088,-0.196033,-0.258980,0.000066,-0.323164,-0.065243,0.003790,-0.282291
1649,0.002887,-0.030418,-0.010011,-0.010057,0.000605,-0.361197,-0.179578,-0.232272,0.000129,-0.271817,-0.042525,0.005169,-0.258732
1650,0.003137,-0.007435,0.000208,0.000180,0.000611,-0.212089,-0.108532,-0.113743,0.000807,-0.149340,0.024315,0.005043,-0.062462
1651,0.006354,0.031375,0.025245,0.026376,0.001782,0.069892,0.006566,0.079175,0.001312,0.069006,0.099921,0.003833,0.195501
1652,0.001570,0.016284,0.009432,0.009099,0.000396,0.083280,0.034496,0.041245,0.000190,0.093906,0.030702,0.001279,0.127146
1653,0.002660,-0.015217,-0.003108,-0.002998,0.000705,-0.224698,-0.117589,-0.137145,0.001056,-0.163890,-0.019571,0.002342,-0.181162
1654,0.006059,0.006867,0.011359,0.011479,0.001367,-0.126721,-0.073578,-0.048174,0.002224,-0.080491,0.003882,0.003158,-0.136974
1655,0.024948,0.046791,0.037879,0.035848,0.007721,0.086848,0.025944,0.088526,0.021076,0.116133,2.922287,0.008534,10.531283
1656,0.004424,-0.007942,0.002264,0.002222,0.000920,-0.217579,-0.114042,-0.128711,0.001236,-0.152732,-0.027231,0.003046,-0.254905
1657,0.001479,0.021661,0.009661,0.010051,0.000275,0.124404,0.052424,0.119861,0.000315,0.086367,0.084135,0.001385,0.333123
1658,0.000017,0.014181,0.005705,0.005766,0.000131,0.136508,0.065960,0.089148,0.000245,0.110920,0.026579,0.000588,0.112075
1659,0.004221,0.012687,0.010954,0.011249,0.001179,-0.017479,-0.026033,0.014256,0.000934,0.007419,0.049214,0.003932,0.076782
1660,0.002120,-0.000479,0.001916,0.001926,0.000498,-0.113666,-0.060906,-0.056830,0.000554,-0.078743,-0.001648,0.003802,-0.155156
1661,-0.000473,0.000749,-0.000839,-0.001064,-0.000101,0.020778,0.004364,0.007592,-0.000512,0.015444,0.005538,0.000691,0.004232
1662,0.003800,0.014269,0.011013,0.011184,0.001069,-0.004809,-0.017727,0.019350,0.001185,0.020471,0.062251,0.004327,0.103317
1663,0.002136,0.016557,0.009916,0.009912,0.000777,0.106615,0.035870,0.073244,0.000437,0.093717,0.054182,0.001602,0.194778
1664,0.001197,-0.001096,0.002180,0.002061,0.000519,-0.042981,-0.027646,-0.040973,0.000556,-0.022010,-0.011090,0.000538,-0.078090
1665,-0.000796,-0.013008,-0.007732,-0.007918,-0.000285,-0.146425,-0.066623,-0.090013,-0.000664,-0.136179,-0.045002,0.000251,-0.202425
1666,0.001690,0.017800,0.012363,0.012379,0.000398,0.072472,0.046273,0.032167,0.000556,0.066516,0.041786,0.000055,0.146784
1667,-0.000313,-0.005153,-0.002601,-0.002590,-0.000139,-0.084327,-0.036173,-0.043599,-0.000364,-0.080399,0.010326,0.000985,0.017474
1668,0.001634,0.025857,0.014466,0.014910,0.000382,0.169063,0.087903,0.127836,0.000667,0.122672,0.076150,0.000125,0.324365
1669,0.000815,0.016710,0.008512,0.009018,0.000199,0.122066,0.066496,0.107446,0.000687,0.068402,0.041749,-0.000450,0.187706
1670,0.000999,0.004844,0.003429,0.003824,0.000362,0.013529,0.002475,0.022706,0.000596,-0.001202,0.062749,0.001875,0.145677
1671,0.003075,0.038193,0.021731,0.020780,0.000510,0.230058,0.104936,0.152528,0.001140,0.201913,0.251209,0.000425,1.419834
1672,-0.000285,-0.008952,-0.004446,-0.004661,0.000191,-0.079121,-0.040454,-0.051654,0.000648,-0.071142,0.062447,0.000887,0.415115
1673,-0.000834,-0.033555,-0.015853,-0.016459,-0.000000,-0.305920,-0.151393,-0.211913,-0.000284,-0.246027,-0.071461,0.001210,-0.198744
1674,0.000781,-0.036580,-0.013858,-0.015287,0.000411,-0.374096,-0.187862,-0.258059,0.000349,-0.276770,-0.125855,0.002108,-0.536965
1675,-0.000516,-0.022854,-0.010206,-0.010878,0.000004,-0.206084,-0.105373,-0.144286,0.000156,-0.169672,-0.058114,0.000769,-0.200841
1676,-0.000149,-0.026768,-0.011268,-0.011458,0.000092,-0.267374,-0.128854,-0.188488,-0.000203,-0.226343,-0.055866,0.000766,-0.212301
1677,0.001912,0.042958,0.021389,0.020990,0.000268,0.307024,0.154114,0.240174,0.000736,0.253686,0.420627,0.000622,2.130318
1678,-0.000031,-0.003051,-0.002461,-0.002594,-0.000030,-0.018519,-0.011991,-0.025826,-0.000323,-0.009293,-0.014425,0.000649,-0.068339
1679,0.004107,0.046079,0.027760,0.027901,0.000893,0.261574,0.150597,0.198448,0.001759,0.187171,0.102775,-0.000926,0.465182
1680,0.001023,0.009973,0.004953,0.005226,-0.000070,0.043232,0.019196,0.023604,-0.000664,0.043603,0.009632,-0.001075,0.093114
1681,0.001857,-0.006169,0.000778,0.001118,0.000364,-0.125280,-0.058114,-0.092411,0.000585,-0.098412,-0.029253,-0.000274,-0.167166
1682,0.002988,-0.017732,-0.002406,-0.002024,0.000796,-0.228325,-0.125575,-0.167289,0.002156,-0.145819,-0.043384,0.001853,-0.221378
1683,-0.000901,-0.024644,-0.011545,-0.011252,-0.000578,-0.202547,-0.094937,-0.151049,-0.001522,-0.163109,-0.057912,0.000133,-0.277766
1684,0.004890,0.415171,0.139278,0.137570,0.001379,2.528031,1.694862,2.295132,0.004014,1.539389,3.259416,-0.000663,10.984068
1685,-0.000924,-0.027697,-0.013102,-0.013098,-0.000675,-0.239625,-0.120149,-0.161907,-0.002084,-0.189567,-0.074506,-0.000099,-0.255634
1686,-0.002827,-0.032511,-0.018632,-0.018670,-0.001128,-0.226289,-0.113384,-0.162675,-0.002813,-0.174466,-0.067459,0.002165,-0.263602
1687,-0.002512,-0.021511,-0.014281,-0.014728,-0.000994,-0.118599,-0.062682,-0.084405,-0.002702,-0.092868,-0.026983,0.001105,-0.080605
1688,-0.002314,-0.018662,-0.012305,-0.012245,-0.001085,-0.109177,-0.053588,-0.085930,-0.002785,-0.071731,-0.040390,-0.000141,-0.089410
1689,-0.000209,-0.022609,-0.010423,-0.010977,-0.000039,-0.237023,-0.117811,-0.151845,-0.001099,-0.193616,0.007962,0.002996,0.086874
1690,0.002368,0.045976,0.023156,0.022814,0.000555,0.292071,0.160295,0.240432,0.001366,0.188607,0.169566,0.001320,0.551871
1691,0.001187,-0.038034,-0.015374,-0.015996,0.000163,-0.385421,-0.183991,-0.272253,-0.000056,-0.305512,-0.081615,0.001346,-0.342525
1692,0.001995,-0.023691,-0.005770,-0.005790,0.000340,-0.308293,-0.145445,-0.216588,0.000130,-0.265356,-0.066793,-0.000145,-0.391119
1693,0.004123,-0.007059,0.005615,0.005537,0.000876,-0.209940,-0.106057,-0.157086,0.001360,-0.128815,0.044075,0.002933,-0.106014
1694,0.001665,-0.030194,-0.009567,-0.009505,0.000402,-0.342079,-0.162979,-0.245033,0.000115,-0.281483,-0.035062,0.000945,-0.156621
1695,0.004101,0.000935,0.008512,0.008744,0.000905,-0.143208,-0.070979,-0.108276,0.001399,-0.088438,0.063855,0.002130,0.016929
1696,0.003309,-0.010543,0.002321,0.002445,0.000828,-0.227320,-0.108285,-0.166982,0.000957,-0.163814,0.003234,0.002134,-0.114549
1697,0.002779,-0.023125,-0.004605,-0.004422,0.000587,-0.311114,-0.150232,-0.219643,0.000342,-0.248593,-0.038309,0.001783,-0.285358
1698,0.000608,-0.014013,-0.004825,-0.004701,0.000123,-0.184092,-0.088086,-0.128225,-0.000395,-0.150836,-0.015207,0.000385,-0.063250
1699,0.002896,0.035819,0.021462,0.022556,0.000841,0.144200,0.085997,0.103777,0.001275,0.093403,0.131232,0.000751,0.560403
1700,0.001272,0.022433,0.011301,0.011960,0.000393,0.135903,0.075166,0.105976,0.001164,0.079426,0.038755,-0.000764,0.251003
1701,0.000891,0.165768,0.078538,0.076959,-0.000493,1.294666,0.772870,0.904426,-0.000921,0.903120,0.922341,-0.002255,4.155682
1702,0.000509,0.000656,-0.000088,0.000054,0.000079,-0.026541,-0.007103,-0.002402,-0.000080,-0.041652,0.059653,0.001100,0.193277
1703,0.002540,0.031654,0.016910,0.017238,0.000670,0.184519,0.108066,0.188221,0.001019,0.118136,0.267421,0.001962,0.997512
1704,0.001741,0.014604,0.008100,0.009289,0.000291,0.015512,0.018605,0.033086,0.000361,-0.027333,0.108708,0.001370,0.363844
1705,0.004391,0.068438,0.033386,0.038145,0.000495,0.383944,0.222875,0.288421,0.000845,0.198234,0.265606,-0.000461,0.959045
1706,0.000603,-0.032662,-0.013691,-0.014260,0.000040,-0.355250,-0.168096,-0.231142,-0.001006,-0.312920,-0.019268,0.002881,-0.134925
1707,-0.000417,-0.017487,-0.008850,-0.009107,-0.000332,-0.160824,-0.073002,-0.100624,-0.001399,-0.151116,0.066872,0.002506,0.126324
1708,0.001898,0.026442,0.016305,0.017332,0.000322,0.122247,0.058707,0.078910,0.000925,0.102830,0.018477,-0.001071,0.141732
1709,0.001009,0.010371,0.006651,0.006044,0.000310,0.133434,0.065956,0.103384,0.001124,0.112571,0.116362,0.000586,0.584977
1710,0.001610,0.029513,0.016790,0.017524,0.000221,0.240773,0.125622,0.142099,0.000969,0.207818,0.034824,-0.001333,0.230943
1711,0.001540,0.042680,0.020757,0.022618,-0.000016,0.305278,0.150115,0.198577,0.000538,0.227787,0.025897,-0.001235,0.072447
1712,-0.000490,0.009347,0.003609,0.003509,-0.000301,0.150998,0.067814,0.095764,0.000017,0.121778,0.044800,-0.000680,0.284376
1713,0.000422,0.017114,0.006768,0.006367,0.000008,0.155134,0.073969,0.114055,0.000265,0.122720,0.083619,0.000637,0.349599
1714,0.000704,0.008237,0.006382,0.006972,0.000093,0.030358,0.010788,0.024506,0.000175,0.016215,0.005494,-0.000933,0.026507
1715,-0.011409,-0.049149,-0.024056,-0.020639,0.170805,-0.026294,-0.037269,-0.053602,0.034883,0.073567,0.216099,3.729004,0.277573
1716,0.019837,0.027703,0.030508,0.024885,0.089096,0.030600,0.025469,0.018289,0.032879,0.043510,1.398075,1.262360,3.797287
1717,0.054953,0.028208,0.017701,0.016170,0.203653,0.010059,0.015354,-0.002939,0.092655,0.039120,-0.071705,-0.152771,-0.066467
1718,0.000902,0.035402,0.031975,0.027365,0.059727,0.044200,0.038275,0.029497,-0.012233,0.061451,0.155117,1.669769,0.618477
1719,0.017441,0.017261,0.021162,0.020290,0.155388,0.021040,0.006575,0.009943,0.032255,0.051474,-0.658688,-0.247009,-2.200684
1720,0.094760,0.040807,0.014146,0.005807,0.316371,0.118921,0.063616,0.036813,0.112688,0.147335,0.196541,2.939423,0.365463
1721,-0.032576,-0.089058,-0.040358,-0.035617,-0.168689,-0.159728,-0.125343,-0.145218,-0.030975,-0.161273,0.773697,5.063477,2.233269
1722,-0.030535,-0.052259,-0.047259,-0.044643,-0.027427,-0.104096,-0.099445,-0.080525,0.035325,-0.102462,0.623871,4.278656,1.037659
1723,-0.046329,-0.010012,0.008200,0.007259,-0.041425,-0.008325,-0.007967,-0.029992,-0.074636,-0.005472,1.519703,1.920441,3.901329
1724,-0.046196,0.013230,0.022608,0.013596,-0.166245,0.033993,0.021862,-0.027481,-0.057425,0.028962,2.932213,4.333862,7.904221
1725,0.030670,-0.035688,-0.073896,-0.056388,-0.101213,-0.111874,-0.102855,-0.069553,-0.116331,-0.131067,-1.475342,-0.013397,-3.073593
1726,0.027109,0.119521,0.093918,0.072530,0.219809,0.276510,0.196161,0.125541,0.037201,0.348550,2.916176,8.464508,8.003418
1727,0.012125,-0.041267,0.058005,0.053018,0.006227,-0.089290,-0.114818,-0.059698,0.131741,-0.060911,0.774460,0.858490,0.345367
1728,0.016790,-0.014068,-0.002836,-0.004676,-0.127762,-0.085054,-0.069959,-0.097038,0.004218,-0.076838,0.576931,2.326691,1.483299
1729,-0.008548,0.009849,0.017173,0.014668,-0.114018,-0.015328,-0.009124,-0.003388,0.014863,-0.039477,0.806717,0.576263,2.232124
1730,-0.019995,0.001350,0.006390,0.001190,0.045033,0.024546,-0.001053,-0.010787,0.024288,0.045556,0.721214,3.101379,1.978844
1731,-0.060078,-0.060914,-0.025579,-0.023125,-0.103602,-0.075226,-0.065129,-0.056934,0.000868,-0.056396,0.798237,3.352203,2.243271
1732,-0.043382,-0.084819,-0.046332,-0.039015,-0.041837,-0.101401,-0.087951,-0.121090,-0.027832,-0.066103,0.224564,1.770264,0.555054
1733,0.010877,0.060454,0.044383,0.035402,0.180955,0.145937,0.112734,0.119507,0.066397,0.136385,1.721195,2.667480,4.507965
1734,0.018774,0.028897,0.016777,0.017723,-0.205223,-0.014863,-0.015297,-0.028652,0.042367,-0.028759,1.383625,5.137085,4.191124
1735,-0.112746,-0.151802,-0.093624,-0.080948,-0.334612,-0.224159,-0.194744,-0.176163,-0.105514,-0.218652,-0.529980,-3.351044,-2.015999
1736,0.113556,0.104962,0.069732,0.064042,0.385705,0.184615,0.159667,0.135636,0.121155,0.188844,1.077721,6.228119,4.073875
1737,-0.028664,0.023382,0.004136,0.003019,0.197960,0.123157,0.100401,0.109593,0.016176,0.159181,0.719540,0.837860,1.554245
1738,0.065008,0.085341,0.055377,0.048190,0.183102,0.106041,0.101548,0.076001,0.129907,0.089831,1.613365,5.856323,5.172577
1739,0.066634,0.099206,0.083180,0.071966,-0.001700,0.099611,0.070010,0.013951,0.033934,0.114030,1.712215,6.410553,5.643204
1740,0.076239,0.048872,0.035639,0.030709,0.303485,0.110703,0.078774,0.072691,0.113133,0.136211,0.535728,3.932465,1.543892
1741,0.078827,0.141387,0.107030,0.088735,0.210779,0.266975,0.195940,0.138195,0.127076,0.264181,3.338356,5.717163,10.102867
1742,-0.217014,-0.217704,-0.083931,-0.070644,-0.431384,-0.227278,-0.200396,-0.163590,-0.163171,-0.198844,-0.126408,-2.812897,-2.093834
1743,0.107956,0.246966,0.161601,0.136190,0.614347,0.452135,0.360092,0.379158,0.218588,0.461586,1.938461,0.069336,6.104378
1744,0.018835,0.099626,0.064501,0.054206,0.275695,0.181630,0.142446,0.152207,0.024407,0.213982,0.438618,-1.187042,1.570419
1745,0.233283,0.328674,0.251883,0.223686,0.702513,0.609398,0.459110,0.469975,0.310140,0.589155,3.681370,-2.786072,10.117493
1746,0.168327,0.348320,0.199664,0.163450,0.836771,0.677550,0.521753,0.538033,0.210308,0.677454,2.891808,-0.881805,9.279205
1747,-0.022440,0.019119,0.019253,0.015290,-0.184183,0.015713,-0.011235,0.013939,-0.010388,0.023612,1.137611,1.546173,3.622040
1748,0.046274,0.152724,0.101000,0.087074,0.133267,0.250295,0.170435,0.213882,0.055851,0.270091,1.789673,0.769318,5.499504
1749,0.139076,0.179280,0.090070,0.074589,0.568772,0.243216,0.201299,0.176060,0.131285,0.255969,0.293579,2.064789,1.609001
1750,0.097909,0.216733,0.135484,0.112199,0.562119,0.357532,0.285341,0.301000,0.162015,0.404321,1.627502,1.417389,4.829849
1751,0.053474,0.040637,0.016179,0.013475,0.157815,0.023216,0.015135,-0.005734,-0.019099,0.057466,0.207245,0.172821,0.661865
1752,0.229105,0.180264,0.086008,0.070460,0.819787,0.301075,0.213591,0.256222,0.331958,0.296248,-0.582951,2.963470,-1.094292
1753,0.081756,0.102436,0.074623,0.064308,0.419506,0.179720,0.139177,0.137568,0.103580,0.174157,1.216263,4.292786,3.711708
1754,-0.047028,-0.020641,-0.009446,-0.011370,-0.100881,0.036685,0.027109,-0.028185,-0.033422,0.040762,1.938904,0.558777,4.756439
1755,0.054415,0.054741,0.035677,0.028487,0.291189,0.113254,0.077274,0.080549,0.034534,0.124653,0.560184,2.327698,1.196243
1756,0.043571,-0.067720,-0.030343,-0.023838,0.129565,-0.120080,-0.084916,-0.113145,0.072219,-0.109474,-0.788399,1.832489,-1.769577
1757,-0.050411,-0.021979,0.006807,0.005712,-0.046058,-0.037276,-0.041364,-0.056417,-0.068621,0.034814,0.927547,1.269348,1.878975
1758,-0.039918,-0.012146,-0.012775,-0.008888,-0.121774,-0.068079,-0.049634,-0.042708,0.014192,-0.080922,0.709961,6.561310,2.668900
1759,0.041866,0.101601,0.077971,0.064528,0.179943,0.124192,0.081525,0.048579,-0.001949,0.194777,1.171200,0.636963,3.124107
1760,0.100341,0.120818,0.083964,0.071116,0.450178,0.227223,0.172814,0.112397,0.071980,0.224235,1.558239,5.489716,5.426865
1761,-0.111923,-0.105594,-0.035264,-0.032879,-0.162206,-0.095456,-0.097903,-0.158895,-0.122271,-0.040653,2.002514,4.130707,4.682457
1762,-0.097056,-0.079469,-0.037881,-0.034348,-0.218841,-0.048759,-0.056928,-0.063173,-0.122809,-0.054971,0.345528,-1.521606,0.030457
1763,0.080889,0.112703,0.055643,0.049355,0.531907,0.297811,0.227722,0.249017,0.097155,0.267878,0.611313,-0.086609,1.655014
1764,0.109725,0.188598,0.122915,0.104395,0.500631,0.384909,0.283221,0.299020,0.122080,0.365247,2.171356,3.512421,6.436958
1765,0.136117,0.312285,0.185785,0.155712,0.616010,0.626033,0.478466,0.509472,0.229676,0.575337,3.318001,2.901703,10.642937
1766,0.000163,-0.024730,-0.049010,-0.056567,0.536823,0.190114,0.151137,0.238288,0.149545,0.198208,1.714622,-5.473419,4.104408
1767,-0.126682,-0.063680,-0.026611,-0.030886,-0.085854,0.012431,-0.036184,-0.102601,-0.149673,0.082613,1.804592,-3.111572,3.776505
1768,0.110152,0.168423,0.125712,0.099439,0.398355,0.373390,0.260444,0.246745,0.053998,0.451168,3.874119,3.048370,10.319801
1769,-0.043158,0.091352,0.064414,0.042410,0.196900,0.307418,0.202585,0.142862,-0.038649,0.367901,3.930492,-2.246887,9.415894
1770,-0.002490,0.155813,0.149528,0.114603,0.214094,0.356244,0.201260,0.255173,-0.036647,0.488672,3.840225,-3.061890,8.572960
1771,0.022966,0.067020,0.063502,0.047267,0.014913,0.143724,0.093779,0.068913,0.020942,0.169934,2.450081,4.959076,7.225639
1772,0.054392,0.172508,0.135108,0.104485,0.323936,0.420004,0.276715,0.263687,0.020342,0.493113,4.755032,2.004364,12.040604
1773,0.162973,0.353651,0.255521,0.212535,0.338627,0.517238,0.394546,0.357465,0.105907,0.567153,3.849503,3.537750,11.001244
1774,0.078274,0.219398,0.183105,0.151702,0.273450,0.337483,0.245937,0.249509,0.058881,0.421885,3.152409,1.226166,8.478508
1775,0.046249,0.151443,0.117014,0.096319,-0.011174,0.236303,0.174342,0.163281,0.013090,0.293273,2.859642,3.473511,8.126259
1776,0.022059,0.038075,0.045682,0.032587,0.208579,0.126481,0.087818,0.116405,0.016431,0.148711,2.408325,6.047638,7.026344
1777,0.010770,0.143732,0.129936,0.101739,0.274215,0.293003,0.214486,0.205476,-0.003445,0.349083,4.492794,8.261902,12.720886
1778,0.042012,0.022656,0.018529,0.015144,0.089150,0.060142,0.040583,0.107014,0.078936,0.047983,1.143326,1.532928,3.344879
1779,-0.034820,0.003040,0.031040,0.024751,-0.172898,0.032044,0.006836,-0.039163,-0.017230,0.040298,2.431564,8.025574,6.243111
1780,-0.079108,-0.195140,-0.125097,-0.105253,0.006948,-0.290082,-0.214186,-0.201173,0.033895,-0.292107,-1.956635,3.306183,-5.758183
1781,-0.031711,0.081420,0.076968,0.060720,0.036987,0.157092,0.111266,0.090219,0.049399,0.228356,2.748604,3.149567,7.557747
1782,-0.019184,0.047255,0.053981,0.040948,0.339766,0.188935,0.150979,0.166057,-0.031159,0.233730,1.994625,3.846222,5.695335
1783,0.061673,0.089737,0.074987,0.062278,0.230554,0.099223,0.074730,0.078799,0.044599,0.182353,1.815384,6.850159,5.352097
1784,-0.050102,0.107208,0.085592,0.065108,-0.139337,0.166839,0.118297,0.080141,-0.061052,0.203532,2.319187,1.721008,6.762474
1785,-0.106045,-0.012773,0.014480,0.005648,-0.310853,-0.010083,-0.017192,-0.013878,-0.059642,-0.000711,2.356392,4.150787,7.220612
1786,0.003041,0.034475,0.053054,0.040851,0.076649,0.119124,0.090927,0.050670,-0.008580,0.175757,0.105026,-3.859680,-0.218613
1787,0.039521,0.062672,0.053153,0.043488,-0.045133,0.050892,0.033902,-0.011694,0.026021,0.080873,1.509659,3.206787,4.236832
1788,0.108730,0.109500,0.097105,0.082866,0.416882,0.212764,0.150948,0.132184,0.098632,0.277627,1.209869,1.531677,3.050377
1789,-0.107690,0.011463,0.000149,-0.013610,0.630338,0.276235,0.237654,0.240338,0.012257,0.378160,0.499023,-5.442352,-0.248276
1790,0.211839,0.421794,0.295037,0.246911,0.800529,0.691221,0.525321,0.547304,0.261873,0.733458,3.813793,3.770905,10.483879
1791,0.134973,0.083708,0.058351,0.051616,0.451239,0.078186,0.058966,0.028121,0.151502,0.133715,0.655682,6.289337,2.309494
1792,0.219955,0.508502,0.360939,0.308144,0.771801,0.853610,0.660662,0.753042,0.290224,0.906485,5.222412,6.636536,15.536140
1793,0.062050,0.282735,0.196793,0.169966,0.500847,0.404039,0.317233,0.468650,0.089810,0.437555,1.895123,-0.268585,5.433510
1794,0.359398,0.561892,0.344397,0.291199,1.187310,0.950637,0.727901,0.781597,0.429481,0.905330,5.087955,7.162903,15.884178
1795,0.099619,-0.017383,-0.019161,-0.017334,0.100625,-0.146340,-0.116793,-0.128940,0.055619,-0.117295,-0.863941,0.518066,-1.080498
1796,-0.055228,-0.120697,-0.063962,-0.050050,-0.108397,-0.210226,-0.166807,-0.206698,-0.164088,-0.195767,-0.944393,2.741241,-2.686897
1797,0.158148,0.075482,0.027641,0.025255,0.340095,0.061689,0.053411,0.050115,0.140194,0.061471,0.126640,3.221405,1.770317
1798,0.004784,0.084183,0.066654,0.053666,-0.004145,0.151238,0.108055,0.084780,0.035460,0.182933,2.974586,2.911163,8.098289
1799,-0.066396,-0.141065,-0.040765,-0.024789,-0.292036,-0.237489,-0.225169,-0.196215,-0.048820,-0.257665,-2.566048,-2.345428,-7.457760
1800,0.090671,0.280572,0.230531,0.193956,0.372547,0.483999,0.351920,0.368655,0.117334,0.488460,3.815552,5.226532,11.363762
1801,0.183774,0.432995,0.283798,0.238959,0.952084,0.749061,0.575939,0.723619,0.417259,0.689745,4.822781,9.462860,14.708344
1802,-0.101342,-0.016399,0.011038,0.007193,-0.252817,0.007339,-0.015431,-0.005604,-0.058887,-0.008175,1.890091,3.398102,4.325020
1803,-0.389489,-0.363857,-0.164070,-0.136297,-0.703011,-0.437300,-0.348290,-0.364120,-0.358861,-0.345208,0.718193,4.390839,-0.604454
1804,-0.508745,-0.564422,-0.259760,-0.236680,-1.104864,-0.602213,-0.572085,-0.521340,-0.257723,-0.446757,6.289928,15.385559,8.972298
1805,-0.099308,-0.146318,-0.107999,-0.084398,-0.245365,-0.275345,-0.181884,-0.175541,-0.028881,-0.375197,-1.535572,-0.803680,-3.276024
1806,-0.041503,0.019486,0.032453,0.028516,0.030432,0.120903,0.096023,0.133547,0.012146,0.085631,1.347408,1.529755,3.954445
1807,-0.042736,-0.006455,0.008254,0.011891,-0.180998,-0.008753,-0.018097,-0.010301,-0.043152,-0.034881,0.723015,2.081665,2.190910
1808,-0.095822,-0.038526,-0.029349,-0.024102,-0.130634,-0.094743,-0.036966,-0.032843,-0.027359,-0.137457,0.581558,2.103363,2.387764
1809,-0.087269,-0.068565,-0.021891,-0.016650,-0.123567,-0.036607,-0.029090,-0.040490,-0.040049,-0.048433,1.061409,1.940704,2.383705
1810,-0.013760,-0.001694,0.019001,0.012968,0.035062,0.030579,0.009524,-0.057672,-0.023145,0.068608,1.361446,2.568695,3.366951
1811,-0.049692,-0.038671,0.000012,-0.002847,-0.022753,0.008956,-0.016554,-0.040089,-0.013021,0.033394,2.572296,3.916870,6.760384
1812,-0.178398,-0.343874,-0.197625,-0.162119,-0.211089,-0.388025,-0.309773,-0.347501,-0.066557,-0.367537,-2.775063,-3.227875,-8.608768
1813,-0.236620,-0.319883,-0.152400,-0.130163,-0.534178,-0.379074,-0.325656,-0.391951,-0.193067,-0.350206,0.101437,1.361847,-1.048050
1814,-0.466197,-0.802059,-0.455968,-0.374052,-1.193042,-0.970048,-0.780649,-0.893528,-0.400608,-0.953321,-4.462518,-7.623169,-13.743843
1815,-0.285047,-0.399261,-0.209201,-0.179281,-0.592740,-0.530223,-0.423863,-0.446626,-0.205811,-0.495348,-0.574890,-2.250275,-2.704254
1816,-0.000891,-0.046394,-0.030411,-0.025333,0.177294,-0.078645,-0.056835,-0.033516,0.043401,-0.085148,-1.141029,0.708496,-3.580147
1817,-0.179722,-0.208297,-0.116358,-0.102773,0.005034,-0.223420,-0.173163,-0.184507,-0.022012,-0.142347,-0.233135,0.681946,-1.535126
1818,-0.059255,-0.050048,-0.010059,-0.009667,0.067113,-0.066370,-0.050620,-0.076978,0.046278,-0.018042,0.507385,0.821930,0.835564
1819,0.163961,0.246072,0.140392,0.116147,1.198524,0.485371,0.398573,0.433929,0.300997,0.494766,0.114616,-5.580536,0.134430
1820,-0.178056,-0.117234,-0.038969,-0.031771,-0.293449,-0.140623,-0.102275,-0.139631,-0.163872,-0.098753,0.077087,-2.624908,0.506676
1821,0.032018,0.004100,0.024254,0.019519,0.309904,-0.012046,0.005036,-0.010834,0.124926,0.051054,-0.951149,1.569855,-2.405640
1822,-0.026387,-0.078459,-0.052661,-0.040594,0.178825,-0.120470,-0.070755,-0.055802,0.087495,-0.119458,-1.326057,3.661102,-2.851547
1823,-0.015491,0.099636,0.099364,0.083965,0.239354,0.280386,0.206716,0.216801,0.014656,0.330610,4.785667,9.428192,13.072571
1824,0.073351,0.057242,0.044163,0.038317,0.594994,0.183790,0.147919,0.126446,0.226393,0.246886,-0.586338,2.231903,-1.520935
1825,-0.020911,0.067560,0.058760,0.043787,0.286000,0.245309,0.190740,0.252612,0.084915,0.274250,5.309467,11.683136,14.881126
1826,-0.164506,-0.158986,-0.057279,-0.046187,-0.652555,-0.263968,-0.234731,-0.325263,-0.240484,-0.224061,0.991001,-0.425232,2.050972
1827,-0.156404,-0.034175,-0.016359,-0.016543,-0.407892,-0.053696,-0.038443,-0.049362,-0.148181,-0.074125,0.742340,-5.645782,1.236565
1828,-0.246305,-0.399817,-0.223225,-0.187150,-0.786437,-0.601390,-0.487213,-0.573084,-0.271087,-0.538318,-2.190136,-0.317261,-6.122120
1829,-0.239349,-0.337028,-0.193704,-0.156944,-0.953561,-0.466332,-0.429073,-0.417567,-0.312347,-0.443910,-3.836287,-10.394012,-11.083382
1830,0.252853,0.526816,0.295535,0.242218,1.367640,0.978926,0.789757,0.959275,0.682768,0.838555,6.837482,4.365295,16.748825
1831,0.007286,-0.079897,-0.011205,-0.007781,-0.081866,-0.102475,-0.096406,-0.144085,0.043685,-0.050653,-0.603802,3.078156,-1.376503
1832,-0.038698,-0.188101,-0.085994,-0.068473,-0.400797,-0.335223,-0.285323,-0.368957,-0.053851,-0.254240,-1.062256,3.486359,-3.413063
1833,0.178833,0.222330,0.176371,0.146630,0.511154,0.349661,0.211270,0.221825,0.057779,0.422819,0.519253,-0.350128,2.191826
1834,0.053450,-0.164791,-0.062358,-0.052521,0.003396,-0.291107,-0.278804,-0.349673,-0.004624,-0.189868,-2.727016,3.676514,-7.129662
1835,-0.027407,-0.016764,0.063829,0.046357,-0.117802,-0.024952,-0.074865,-0.095016,-0.103548,0.134364,1.155746,2.335510,3.329102
1836,0.028764,-0.027571,0.002286,0.004143,-0.268636,-0.126513,-0.110240,-0.203250,-0.091699,-0.054524,0.041779,7.889618,1.368401
1837,0.737082,1.569520,0.978257,0.826471,4.225004,3.504331,2.676474,2.800308,1.322997,3.274767,12.002327,7.300537,37.312347
1838,0.089168,-0.209714,-0.116442,-0.097613,0.148112,-0.264638,-0.197739,-0.305724,0.101601,-0.226280,-4.013928,1.270050,-10.977707
1839,0.113349,0.139779,0.101866,0.091590,0.145952,0.141694,0.145771,0.042883,0.123178,0.138771,1.608440,11.817200,5.750015
1840,0.224930,0.131398,0.102087,0.097112,0.411455,0.117691,0.102188,-0.018021,0.176049,0.136983,1.293686,17.271362,6.087151
1841,0.007851,-0.321577,-0.208674,-0.170375,-0.326456,-0.529309,-0.414725,-0.600420,-0.040783,-0.492056,-2.418949,9.611023,-5.888580
1842,0.023849,-0.240678,-0.124765,-0.099845,-0.096963,-0.419214,-0.346454,-0.476140,-0.021973,-0.321389,-2.714878,7.582886,-6.976429
1843,-0.014808,-0.222836,-0.106211,-0.081619,-0.243856,-0.400214,-0.318608,-0.459771,-0.069523,-0.342314,-1.776123,8.053467,-4.117672
1844,0.156293,0.000416,-0.049597,-0.032322,0.446794,-0.022767,-0.001408,-0.094959,0.280859,-0.098453,2.561470,13.594055,5.033936
1845,-0.060016,-0.191643,-0.121669,-0.097202,-0.266579,-0.328102,-0.246262,-0.330819,-0.064750,-0.343360,-1.275143,2.547638,-3.860142
1846,-0.015379,-0.152616,-0.133342,-0.105190,-0.179039,-0.276261,-0.192969,-0.322526,0.033015,-0.317343,0.316269,8.993500,0.462219
1847,0.332938,0.305043,0.202790,0.177530,0.819222,0.287247,0.245325,0.147167,0.312372,0.358959,0.886425,17.271179,5.931953
1848,0.043905,-0.162758,-0.113027,-0.084940,0.226143,-0.303032,-0.204397,-0.380660,0.004775,-0.263593,-2.697102,6.009888,-6.622784
1849,0.377100,0.394070,0.278605,0.239357,0.845946,0.521979,0.406481,0.377286,0.372996,0.473400,4.050514,12.151550,14.193382
1850,0.069662,-0.005085,0.026217,0.031903,-0.175335,-0.103506,-0.111515,-0.201596,-0.091215,-0.048418,-0.708755,5.108978,-0.843987
1851,0.268080,0.229282,0.158945,0.140570,0.578910,0.267199,0.176717,0.083866,0.157966,0.344601,0.789097,8.379974,4.600372
1852,0.247200,0.472672,0.294224,0.253235,0.853484,0.728939,0.584116,0.623355,0.412722,0.639003,4.165096,3.369537,11.798737
1853,0.047257,-0.131119,-0.036209,-0.029000,0.045585,-0.194540,-0.193776,-0.227324,0.045590,-0.170305,-2.150669,1.028412,-6.037914
1854,0.181871,0.453816,0.321226,0.269875,0.985811,0.743942,0.555961,0.560463,0.198680,0.835636,5.615612,11.116302,16.403069
1855,0.135871,0.178233,0.116207,0.098833,0.313513,0.246660,0.172306,0.185147,0.086491,0.269467,1.405712,2.697906,5.729347
1856,0.102123,0.189942,0.140657,0.102188,1.231167,0.431288,0.261127,0.231136,0.068930,0.781567,3.235806,3.076233,7.772408
1857,0.129097,0.057930,0.056512,0.042585,0.421011,0.150025,0.081039,0.079030,0.084267,0.211115,0.382786,1.591003,1.986710
1858,0.154065,0.118137,0.076100,0.058879,0.618802,0.259929,0.178901,0.141281,0.058282,0.348797,-0.072056,-0.923767,0.845589
1859,0.398077,0.527857,0.345450,0.297431,1.589700,0.951950,0.709979,0.775651,0.649850,1.030178,2.638546,3.451660,7.404617
1860,0.670710,0.627328,0.539201,0.436844,3.182590,1.500187,1.107150,1.196782,1.245663,1.466926,6.061440,19.810425,15.413452
1861,0.218087,0.427255,0.292884,0.241416,1.079690,0.664230,0.513973,0.638269,0.381948,0.766238,3.453423,5.405914,10.062279
1862,0.051239,0.094981,0.033085,0.023945,0.169303,0.215152,0.157464,0.196952,0.111545,0.117810,1.871243,-4.155701,3.505714
1863,-0.002577,-0.003444,-0.004794,-0.009226,0.015452,0.099123,0.035650,0.074520,0.022571,0.084241,0.652390,-3.302979,0.493172
1864,-0.165564,-0.216687,-0.109092,-0.091073,-0.382510,-0.208859,-0.183925,-0.200991,-0.083521,-0.200622,0.301956,0.062195,-0.286728
1865,-0.099833,-0.076361,-0.035965,-0.031809,-0.177563,-0.073640,-0.062421,-0.071726,-0.031754,-0.064031,1.147743,2.223206,2.622215
1866,-0.269109,-0.355850,-0.231934,-0.193729,-0.808681,-0.476422,-0.367144,-0.417119,-0.239170,-0.477061,-1.956936,-6.572815,-6.300346
1867,-0.131606,-0.228956,-0.126509,-0.105466,-0.380483,-0.315889,-0.263030,-0.277947,-0.119612,-0.295116,-1.079025,-1.146271,-3.307640
1868,-0.270758,-0.533242,-0.358347,-0.291290,-0.868765,-0.689714,-0.538698,-0.642819,-0.318116,-0.720387,-3.145309,-2.734955,-9.494820
1869,-0.025446,-0.066068,-0.048204,-0.043420,-0.096761,-0.035946,-0.024773,0.018906,0.019949,-0.108462,-0.666286,-3.828918,-2.436104
1870,-0.011123,-0.056237,-0.048785,-0.040169,0.022178,-0.064177,-0.048100,-0.047498,0.066743,-0.108126,0.168755,2.732697,0.699097
1871,-0.012881,-0.119039,-0.098254,-0.087630,-0.077188,-0.109725,-0.097760,-0.103053,0.021881,-0.146769,-0.519360,-6.717224,-2.823402
1872,0.214146,-0.301913,-0.231926,-0.203956,1.271199,-0.349212,-0.329863,-0.295061,0.534932,-0.151181,-5.854527,-0.951477,-17.324306
1873,0.184593,0.142900,0.065580,0.060422,0.685182,0.235204,0.207870,0.198353,0.354568,0.115716,0.679535,5.844849,2.302757
1874,0.315175,0.420881,0.263866,0.218745,1.102345,0.655227,0.515242,0.478501,0.320055,0.622681,2.797939,5.882050,8.806892
1875,0.165046,0.089455,0.048356,0.040426,0.520381,0.069879,0.072876,0.058471,0.176472,0.052872,-0.659645,4.417664,-0.585541
1876,0.079383,0.138133,0.066093,0.054115,0.451814,0.282055,0.268179,0.187190,0.157682,0.240339,-0.021221,-3.920166,0.214165
1877,0.141786,0.052073,-0.006595,-0.005879,0.466631,-0.009449,0.039990,-0.024655,0.154066,-0.037794,-1.787418,4.601929,-3.411041
1878,0.045607,-0.125707,-0.107603,-0.097238,0.448252,-0.059843,-0.030737,-0.103918,0.097481,-0.047565,-2.589294,-2.870483,-7.910015
1879,0.091573,0.242435,0.195763,0.154703,0.286396,0.478091,0.357539,0.378733,0.069515,0.521383,4.421963,-0.321838,12.058632
1880,0.133388,0.209359,0.162318,0.129122,0.362993,0.338023,0.232882,0.304526,0.152318,0.356181,2.624748,0.825195,7.022827
1881,-0.014794,0.003713,0.009181,0.005966,-0.112801,0.049551,0.026278,0.053501,-0.065149,0.021670,0.817585,-1.775024,2.247833
1882,-0.125989,-0.389912,-0.233134,-0.201329,0.011483,-0.344337,-0.228765,-0.343610,-0.080942,-0.377532,-1.870770,-5.181793,-5.700527
1883,-0.041359,-0.148021,-0.093884,-0.079620,-0.055758,-0.144805,-0.077363,-0.158995,-0.011596,-0.232095,0.140793,5.274689,1.748123
1884,-0.376295,-0.661862,-0.383955,-0.326492,-0.827231,-0.705141,-0.544606,-0.572622,-0.313199,-0.794207,-4.393203,-10.232910,-13.305344
1885,0.149192,0.422801,0.296823,0.248877,0.687537,0.616846,0.491426,0.503651,0.184309,0.660830,3.743443,6.165558,12.032578
1886,-0.335476,-0.829213,-0.517201,-0.426821,-0.986058,-1.054555,-0.785960,-0.899307,-0.255378,-1.185675,-5.764425,-6.604919,-17.130825
1887,-0.620127,-1.223591,-0.736028,-0.606313,-1.876785,-1.503907,-1.191042,-1.327271,-0.607702,-1.581543,-6.938308,-9.833313,-21.391220
1888,0.435624,0.838663,0.579408,0.486470,1.775571,1.361714,1.013582,1.046978,0.518373,1.442997,6.785221,12.332214,20.884712
1889,-0.577183,-1.154107,-0.735163,-0.600667,-1.887339,-1.475236,-1.130014,-1.250735,-0.590208,-1.629622,-7.860775,-12.325745,-23.463947
1890,-0.748433,-1.615980,-1.009070,-0.823552,-2.441261,-2.119525,-1.618527,-1.762462,-0.818057,-2.313296,-12.895517,-23.192047,-39.300102
1891,-0.459538,-1.423635,-0.892341,-0.728740,-1.470819,-1.817902,-1.409981,-1.602251,-0.312328,-1.981252,-9.644690,-1.074036,-29.454872
1892,-0.718076,-1.598812,-0.991717,-0.813425,-2.229789,-2.086197,-1.572868,-1.676749,-0.662883,-2.280772,-12.982735,-22.272614,-39.529167
1893,-0.592898,-1.230505,-0.712627,-0.582222,-1.721667,-1.542143,-1.248929,-1.351966,-0.552759,-1.588658,-8.866899,-12.726837,-28.020561
1894,-0.361820,-0.778026,-0.506314,-0.411402,-1.072334,-1.106117,-0.862085,-0.992995,-0.422665,-1.064469,-6.145595,-8.447235,-18.067001
1895,-0.306197,-0.434704,-0.232753,-0.198531,-0.620324,-0.393075,-0.315683,-0.396176,-0.330011,-0.408360,-1.005146,-5.265991,-3.738247
1896,-0.568985,-1.319052,-0.829973,-0.678952,-1.845805,-1.627646,-1.275388,-1.451228,-0.552777,-1.750982,-9.906778,-14.441925,-30.464546
1897,-0.629316,-1.344269,-0.820422,-0.677304,-1.949215,-1.548615,-1.214112,-1.384372,-0.662381,-1.728475,-8.480254,-17.285217,-26.754421
1898,-0.793537,-1.681427,-1.024107,-0.840294,-2.458803,-2.172822,-1.679827,-1.799590,-0.852363,-2.318068,-12.643360,-22.738708,-38.471680
1899,-1.076830,-2.211312,-1.325976,-1.076227,-3.245755,-2.971116,-2.298406,-2.531560,-1.225574,-3.115948,-15.282106,-41.199509,-47.466797
1900,-0.878123,-1.803586,-1.077418,-0.876995,-2.607328,-2.289108,-1.812918,-2.037474,-0.913785,-2.397236,-11.814780,-25.782837,-37.375717
1901,-0.758898,-1.485886,-0.892952,-0.741816,-2.244708,-1.797498,-1.454374,-1.606442,-0.827132,-1.918801,-9.603766,-28.273254,-29.875046
1902,0.036613,0.032308,0.060159,0.054762,0.224504,0.027133,-0.032906,-0.013549,0.083920,0.107396,1.645866,8.862946,3.823601
1903,-0.559185,-1.309837,-0.843057,-0.690660,-1.643704,-1.751597,-1.383302,-1.567809,-0.583705,-1.732107,-9.335581,-6.922028,-29.597355
1904,0.888469,1.454946,0.964042,0.819886,3.943505,2.602228,1.923981,1.941939,1.065533,2.680599,8.961884,16.461761,27.263542
1905,-0.666417,-1.542838,-0.941562,-0.766784,-2.078721,-1.974671,-1.550056,-1.738589,-0.631382,-2.061473,-11.852978,-17.765930,-36.723099
1906,-0.809921,-1.835665,-1.110305,-0.899522,-2.526184,-2.365242,-1.870472,-2.050138,-0.850882,-2.475574,-12.304020,-16.435181,-38.629749
1907,-0.829956,-1.751855,-1.052803,-0.856810,-2.597751,-2.267384,-1.753502,-1.920258,-0.878786,-2.404409,-13.023922,-26.123779,-40.206741
1908,-1.038476,-2.064974,-1.220565,-0.992847,-3.163417,-2.719244,-2.117279,-2.326974,-1.197717,-2.838660,-14.613958,-38.571533,-45.844246
1909,-1.033920,-1.952178,-1.159716,-0.943420,-3.107392,-2.542272,-1.987861,-2.215813,-1.227641,-2.614714,-13.159481,-32.069763,-41.068993
1910,-0.925158,-1.871477,-1.120406,-0.912963,-2.843596,-2.441715,-1.903166,-2.070379,-1.033827,-2.575744,-13.207503,-30.182587,-40.847717
1911,-0.749910,-1.620000,-0.974001,-0.793614,-2.324455,-2.061225,-1.641792,-1.822814,-0.784258,-2.114279,-10.821802,-15.691376,-33.821720
1912,0.830218,1.370482,0.917997,0.779513,3.338075,2.311781,1.747375,1.737803,1.017088,2.439061,5.799839,8.364471,20.172012
1913,-0.535228,-1.307344,-0.813973,-0.665458,-1.624357,-1.572912,-1.241843,-1.509535,-0.613194,-1.629832,-8.233758,-9.608612,-25.504307
1914,0.103235,0.017550,-0.034607,-0.027721,0.259101,0.038953,0.029500,0.025897,0.187266,-0.045033,0.301498,1.154144,0.179237
1915,-0.477346,-1.202954,-0.762891,-0.622719,-1.569424,-1.552771,-1.223176,-1.371854,-0.465936,-1.633720,-8.590283,-5.627167,-26.226624
1916,-0.324044,-0.706741,-0.451875,-0.371016,-1.144077,-1.005651,-0.757385,-0.867485,-0.371553,-1.029292,-6.031423,-5.549835,-17.273354
1917,-0.575252,-1.044281,-0.638136,-0.520265,-1.844736,-1.323118,-1.043060,-1.168291,-0.573929,-1.341838,-5.858257,-5.078339,-18.187828
1918,0.265862,0.431023,0.329938,0.284670,0.703805,0.541328,0.383566,0.361689,0.104554,0.704986,0.709511,2.435791,4.159981
1919,-0.578596,-1.000836,-0.577169,-0.477634,-1.751650,-1.193870,-0.976965,-1.134584,-0.582805,-1.156330,-3.738698,-0.340912,-12.639462
1920,0.063961,0.228035,0.151603,0.129667,-0.003349,0.286882,0.225034,0.215338,0.026188,0.288703,1.002689,-8.407166,3.432854
1921,0.230694,0.665434,0.452252,0.381661,0.603106,0.869741,0.711547,0.718390,0.209719,0.887912,4.463936,2.391754,16.315506
1922,0.158085,0.361123,0.233228,0.193547,0.430486,0.452223,0.338805,0.317742,0.145275,0.541021,1.451317,-3.228973,5.400108
1923,-0.419544,-0.502553,-0.299112,-0.244237,-1.335773,-0.735464,-0.564495,-0.612268,-0.459957,-0.723260,-2.743183,-8.534515,-7.388893
1924,0.083663,0.256602,0.157648,0.134668,0.017938,0.178898,0.178805,0.112299,-0.006286,0.228343,2.888691,3.091217,11.056396
1925,0.035132,0.085475,0.073184,0.067045,0.104495,0.049327,0.035294,-0.028582,0.002252,0.123646,0.837124,1.658112,3.536674
1926,0.008567,0.155386,0.133207,0.114355,0.233447,0.239185,0.173721,0.078744,-0.108913,0.364852,1.510490,-2.076996,4.694191
1927,0.297604,0.696382,0.481760,0.399819,1.469289,1.222321,0.873837,0.736920,0.230819,1.397166,6.877453,5.801331,19.760536
1928,0.074349,0.099430,0.028871,0.022225,0.320551,0.216451,0.186069,0.131551,0.152908,0.153031,3.375053,-0.112122,8.190727
1929,0.039544,0.086604,0.057512,0.049534,0.173890,0.192557,0.142879,0.053335,0.011923,0.247569,0.029949,-2.201294,0.926292
1930,-0.139100,-0.155476,-0.106964,-0.089996,-0.341800,-0.171966,-0.123423,-0.182173,-0.147761,-0.159048,-0.033100,-5.094177,0.206833
1931,-0.013940,-0.162038,-0.113915,-0.099219,-0.184143,-0.192486,-0.153101,-0.230787,-0.061620,-0.181942,-1.077232,-0.042511,-2.059608
1932,0.155863,0.185479,0.130096,0.109864,0.918666,0.453857,0.306375,0.179010,0.071722,0.573637,1.655453,6.598846,6.063416
1933,0.119587,0.275591,0.185158,0.147213,0.263516,0.313049,0.248421,0.242027,0.013356,0.404439,3.926720,4.808594,12.152901
1934,-0.161054,-0.243222,-0.120909,-0.092052,-0.483355,-0.316030,-0.292393,-0.333280,-0.162853,-0.267593,-1.065674,2.021088,-2.870308
1935,-0.112746,-0.476831,-0.189126,-0.123140,0.090690,-0.805197,-0.739019,-0.634776,0.090594,-0.777605,-10.826164,-0.535767,-32.800133
1936,-0.107576,-0.118018,-0.041868,-0.034395,-0.252128,-0.115928,-0.129530,-0.135737,-0.166499,-0.049576,1.037426,4.074402,3.116524
1937,0.405203,0.614245,0.395624,0.330968,1.796370,1.156606,0.865598,0.705273,0.314324,1.275718,2.766335,3.401306,10.789314
1938,0.135234,0.128891,0.031165,0.010163,0.403389,0.210494,0.168112,0.085473,0.055020,0.224889,3.362820,1.305237,8.573494
1939,0.323383,0.506387,0.325588,0.266504,1.198946,0.845431,0.650268,0.587702,0.286397,0.906566,2.363937,-0.227020,8.371315
1940,0.086838,0.140546,0.028745,0.023530,0.303477,0.318904,0.272873,0.119687,-0.031941,0.326542,0.631798,-3.166565,4.252464
1941,1.178965,2.367459,1.448682,1.247774,5.058515,5.045085,3.881291,4.040889,1.878550,4.276459,14.793972,-5.577423,48.718269
1942,-0.103339,-0.249686,-0.227353,-0.187036,-0.250365,-0.408062,-0.247861,-0.353502,-0.178369,-0.453327,-4.517172,-10.039459,-12.282726
1943,-0.028515,-0.108213,-0.147599,-0.123789,-0.132052,-0.119057,-0.026199,-0.167459,-0.119820,-0.205857,-0.535091,-5.854523,-1.439018
1944,0.271279,0.477266,0.339988,0.293574,1.290240,0.919216,0.687073,0.498150,0.096821,1.099353,3.276424,6.875580,13.147179
1945,0.319674,0.575934,0.385067,0.319927,1.038239,0.796476,0.603881,0.489547,0.121577,1.010775,3.128220,1.905273,11.316277
1946,0.331971,0.624256,0.449023,0.393052,0.857837,0.867350,0.631073,0.584246,0.292460,0.997116,3.468643,1.900360,13.346886
1947,0.361512,0.671054,0.396288,0.330264,1.209085,1.201229,0.933221,0.883032,0.304925,1.217743,4.868294,-4.297607,16.282341
1948,0.306996,0.151461,0.119815,0.111377,1.084043,0.258732,0.176436,0.130938,0.312264,0.369765,-1.842918,10.324921,-3.178299
1949,1.057406,1.718902,1.224729,1.047130,3.422469,2.476644,1.850593,1.962456,1.104520,2.554757,10.949493,21.247620,33.865021
1950,0.579303,0.744401,0.518790,0.440822,2.052022,1.028129,0.757492,0.807694,0.793224,1.112144,3.895496,15.244843,12.115768
1951,1.629038,2.932226,1.887813,1.621312,7.137294,6.053979,4.503704,4.763067,2.769196,5.244174,26.137424,21.750458,72.765839
1952,0.365682,0.453888,0.355868,0.305382,1.196085,0.527604,0.353090,0.463089,0.553947,0.574215,1.881012,12.220490,5.672356
1953,0.907280,1.913508,1.141816,0.963294,3.530340,3.278897,2.559590,2.861781,1.556933,2.619747,13.993572,-1.033295,32.786293
1954,0.193311,-0.134796,-0.084655,-0.078416,0.697489,-0.164869,-0.136556,-0.235128,0.287220,-0.037597,-1.953712,3.175262,-5.558895
1955,0.154850,0.062304,0.082797,0.070390,0.615818,0.062055,0.015585,-0.029586,0.263720,0.230800,-0.962784,3.341095,-2.908142
1956,0.244545,0.232014,0.183339,0.160889,0.670129,0.215718,0.132083,0.192156,0.317679,0.279598,-1.443752,3.214661,-1.719048
1957,0.399181,0.638937,0.507939,0.445462,1.312210,1.104616,0.784800,0.685349,0.383911,1.283505,8.155350,29.047821,26.080070
1958,0.256439,0.272549,0.229196,0.196620,0.947152,0.306122,0.244117,0.264518,0.327371,0.428512,-0.657604,6.420380,-0.340950
1959,0.801709,1.419557,0.936360,0.788098,3.040846,2.393865,1.911506,1.963092,1.392030,2.091683,9.200230,8.091797,23.461403
1960,0.215970,-0.135558,-0.173063,-0.157203,0.392852,-0.304670,-0.237564,-0.341329,0.177420,-0.246179,0.814495,12.026672,2.343796
1961,0.013902,-0.570957,-0.383335,-0.295052,-0.165394,-1.158746,-0.817590,-0.883134,-0.007427,-1.166947,-12.480043,1.145172,-33.968586
1962,0.150372,0.086842,0.054986,0.046514,0.244465,-0.042786,0.000622,-0.021735,0.105705,-0.047093,-1.541447,1.737610,-2.557579
1963,0.197268,-0.170660,-0.048153,-0.032779,0.659584,-0.125845,-0.078013,-0.129013,0.525252,-0.120901,-3.436397,11.338165,-10.045750
1964,0.043562,0.437916,0.367998,0.319323,0.429534,0.617883,0.445382,0.386099,-0.120138,0.818933,4.423164,7.466095,13.401939
1965,-0.061178,-0.130834,-0.015330,0.003936,0.070914,-0.300073,-0.207857,-0.210845,-0.017889,-0.200854,-4.353456,5.481506,-10.343636
1966,-0.034314,0.350558,0.313349,0.261787,0.100986,0.615295,0.437969,0.482678,-0.184336,0.682475,4.577728,0.469818,12.620811
1967,0.401444,0.702889,0.402921,0.331640,1.622968,1.268087,0.973879,1.021863,0.636708,1.045149,5.212250,1.797180,13.733505
1968,0.214144,0.294827,0.122514,0.100855,0.734694,0.504148,0.408973,0.379121,0.265100,0.362128,2.079102,-0.436340,5.005165
1969,-0.030297,-0.024148,0.022477,0.000338,0.313576,0.186500,0.124895,0.149732,0.228777,0.164640,5.039463,7.235260,8.742584
1970,0.138868,0.335015,0.251946,0.219219,0.684371,0.440064,0.336971,0.303989,0.091382,0.524897,1.984600,4.488129,5.771721
1971,0.485796,0.592025,0.382117,0.334712,1.430586,0.730288,0.669415,0.748230,0.632854,0.587384,1.907021,13.675476,8.021706
1972,0.057037,0.013524,-0.026473,-0.029356,0.226154,0.131625,0.102530,0.020473,0.006762,0.134124,1.404530,-0.228607,5.450691
1973,0.817937,1.243970,0.790447,0.662543,2.973643,2.096087,1.596616,1.906734,1.227050,1.776162,8.259430,12.285339,23.221870
1974,0.342668,0.300785,0.078534,0.051496,1.641502,0.474019,0.378789,0.353185,0.648877,0.464316,0.811642,4.873016,-1.384468
1975,0.504921,0.745584,0.453305,0.381683,1.477710,1.158981,0.908202,1.139326,0.654251,0.936108,2.224453,-1.819031,8.981361
1976,-0.005296,0.044877,0.029424,0.042686,-0.207949,-0.010021,0.059141,0.058180,-0.039281,-0.119878,-1.442638,-1.083588,-2.514580
1977,0.102798,0.083332,0.072395,0.073155,0.491265,0.146608,0.171378,0.157729,0.261147,0.045382,-1.771542,-1.645813,-4.843155
1978,-0.004750,0.298879,0.264965,0.240183,-0.026607,0.492482,0.430007,0.412963,0.004960,0.422947,3.923923,4.852264,13.108322
1979,0.523135,1.107497,0.792397,0.683461,1.716045,1.444438,1.142931,1.334826,0.683536,1.379286,3.479290,6.816223,13.102554
1980,0.571640,0.784093,0.537571,0.466482,1.543959,1.173291,0.915601,0.939695,0.795659,1.092408,6.895004,22.181549,20.857826
1981,0.263291,0.426682,0.320153,0.278067,0.864066,0.722501,0.562981,0.582764,0.413871,0.645622,4.023773,10.897064,11.867210
1982,-0.083840,-0.140761,-0.081739,-0.069724,-0.131423,-0.181896,-0.121605,-0.139265,-0.018887,-0.165974,0.766533,7.369904,2.754219
1983,0.310380,0.557760,0.389304,0.316044,0.982822,0.894287,0.639099,0.609529,0.283375,1.010998,6.123341,6.419250,19.489983
1984,0.449715,0.835588,0.589326,0.494933,1.316897,1.230017,0.901265,0.936398,0.435250,1.321359,6.820438,6.817902,20.564728
1985,-0.009270,-0.176204,-0.091757,-0.072503,-0.077727,-0.206059,-0.162835,-0.184405,0.014918,-0.176650,-1.136745,6.289154,-2.303352
1986,0.209870,0.303711,0.187462,0.142373,0.802865,0.683538,0.537504,0.503304,0.289021,0.608529,4.306156,1.429474,14.135681
1987,0.098948,0.014069,0.031172,0.040374,0.083182,0.031867,0.092208,0.078553,0.179215,-0.004191,-0.470417,5.830658,-0.409889
1988,0.155206,0.249897,0.131887,0.097819,0.397513,0.431598,0.344348,0.297096,0.153858,0.424983,3.195507,-0.154327,9.638557
1989,-0.421295,-0.893668,-0.632753,-0.525058,-1.173815,-1.482542,-1.112877,-1.273035,-0.389765,-1.297245,-7.015070,-7.016388,-23.810551
1990,0.255019,0.407012,0.330181,0.283782,0.901253,0.565829,0.342251,0.287789,0.117255,0.798735,5.984550,21.558868,17.943352
1991,-0.105527,-0.129663,-0.088812,-0.068105,-0.423864,-0.246586,-0.157364,-0.201519,-0.186265,-0.244355,0.395569,7.496613,2.278946
1992,0.317564,0.641785,0.482173,0.420877,0.934443,0.914174,0.714986,0.849921,0.364010,0.842483,3.743660,6.858582,13.445946
1993,0.164042,0.372020,0.273715,0.229759,0.589763,0.418609,0.360812,0.440849,0.166867,0.452401,1.609505,4.805664,6.950768
1994,-0.009095,0.120914,0.045727,0.049629,-0.032467,0.070606,0.156226,0.219556,0.046465,-0.062283,0.164860,1.240204,2.592201
1995,0.020106,0.330924,0.271401,0.237387,0.836491,0.579176,0.442828,0.428074,0.078234,0.636200,1.320900,2.973846,2.734703
1996,0.044722,0.049459,0.034786,0.052838,0.186737,0.045296,0.100642,0.196888,0.135661,-0.107855,-3.660712,-2.299866,-8.714184
1997,-0.076221,0.068882,0.051924,0.051357,0.173004,0.230619,0.228509,0.328162,0.075702,0.101174,-2.336613,-9.441376,-6.208454
1998,0.092229,-0.003497,-0.009027,0.004462,0.937238,0.087194,0.107185,0.056983,0.215375,0.038355,-7.121815,-9.543182,-19.869572
1999,0.039880,0.079447,0.133160,0.143381,0.274123,0.010818,0.006107,0.139512,0.230057,-0.069321,-5.131168,-4.289948,-14.814953
2000,0.241565,0.597520,0.389170,0.324828,1.095128,1.024019,0.774468,0.928542,0.402575,0.913918,4.315899,8.414764,12.962639
2001,0.401679,0.706241,0.472858,0.401953,1.524644,1.205470,0.894904,0.898836,0.438438,1.125000,3.947964,7.663971,12.026535
2002,0.197994,0.459879,0.303159,0.268294,0.562610,0.736107,0.574032,0.650667,0.286861,0.616123,3.175800,4.488708,9.884743
2003,-0.142739,-0.526479,-0.345856,-0.293369,-0.634133,-0.871846,-0.638519,-0.685570,-0.120266,-0.812552,-3.135536,1.991150,-8.430714
2004,0.212316,0.249173,0.189716,0.157481,0.908395,0.402280,0.224805,0.134965,0.077677,0.566629,3.111145,10.795410,8.546005
2005,-0.052038,-0.239647,-0.151046,-0.116541,-0.259570,-0.406118,-0.297644,-0.296014,-0.063913,-0.446410,-2.304016,3.921387,-5.865730
2006,-0.309118,-0.456688,-0.323948,-0.264903,-0.791712,-0.599263,-0.424251,-0.373971,-0.258286,-0.703276,-3.684236,-8.559814,-11.837116
2007,-0.003836,-0.124258,-0.087353,-0.072482,0.006405,-0.159754,-0.100523,-0.107198,0.066031,-0.219595,-1.561897,-1.366821,-4.292751
2008,-0.259356,-0.497342,-0.350468,-0.289755,-0.645867,-0.633253,-0.456589,-0.471336,-0.180641,-0.702549,-2.685143,-2.434814,-9.586571
2009,0.003255,0.073946,0.057324,0.044266,-0.015183,0.131026,0.104918,0.101632,-0.038753,0.090490,1.271847,-4.155487,3.577316
2010,0.219101,0.527652,0.375664,0.298207,1.093079,0.916289,0.625822,0.528728,0.107577,1.087774,5.128567,-1.836090,12.131752
2011,0.116506,0.232644,0.220695,0.192024,0.394353,0.254872,0.163997,0.071997,-0.068233,0.421401,0.109982,-7.327667,0.964745
2012,0.013783,0.127660,0.072890,0.066707,-0.140781,0.138935,0.124512,0.143972,0.030234,0.054039,2.764458,1.111115,7.353447
2013,-0.257130,-0.364173,-0.257722,-0.217285,-0.936207,-0.421804,-0.325257,-0.320351,-0.257192,-0.572796,-1.166302,-6.608826,-5.184513
2014,-0.544919,-1.322076,-0.845531,-0.702847,-1.565600,-1.749892,-1.324561,-1.345993,-0.465782,-1.821543,-12.294239,-21.986115,-37.467072
2015,-0.376156,-0.883124,-0.553796,-0.459489,-1.162567,-1.077101,-0.799506,-0.896674,-0.431789,-1.169771,-8.190340,-12.889099,-24.861839
2016,-0.847001,-1.895029,-1.170439,-0.964549,-2.533698,-2.425128,-1.847313,-1.929908,-0.792565,-2.499178,-13.860401,-27.005768,-43.040939
2017,0.264430,0.452060,0.323802,0.277640,0.781780,0.542150,0.421212,0.434453,0.261380,0.569941,1.118744,5.790253,5.063881
2018,-0.673056,-1.399580,-0.915304,-0.752915,-1.942522,-1.746596,-1.275825,-1.343033,-0.484948,-1.920498,-10.837440,-17.164490,-32.821259
2019,-1.037345,-2.350598,-1.403188,-1.152592,-3.010683,-3.146097,-2.403162,-2.589295,-1.178953,-3.136414,-15.943848,-42.563095,-49.895859
2020,0.483407,1.009243,0.718637,0.617211,1.749902,1.423831,1.056144,1.054528,0.505789,1.570470,5.793938,12.920807,18.759331
2021,-0.779063,-1.727087,-1.109553,-0.915460,-2.334826,-2.257238,-1.655339,-1.742987,-0.743733,-2.430333,-13.030195,-24.262207,-39.834671
2022,-1.501521,-3.226622,-1.814257,-1.496132,-4.065749,-4.609773,-3.425378,-3.756008,-2.057800,-4.448310,-16.820185,-80.350220,-54.503475
2023,-1.270056,-2.763054,-1.592726,-1.307174,-3.504596,-3.800808,-2.866769,-3.095785,-1.541765,-3.727636,-16.074446,-51.585953,-51.355507
2024,-1.473473,-3.251363,-1.820891,-1.501433,-3.928530,-4.620801,-3.420314,-3.750871,-1.903996,-4.487974,-17.105541,-80.419876,-55.105900
2025,-0.970381,-2.438458,-1.432017,-1.176004,-2.747658,-3.357233,-2.585125,-2.789525,-1.031796,-3.299877,-16.019115,-37.191376,-50.340759
2026,-0.500976,-1.278684,-0.820374,-0.680850,-1.447522,-1.642008,-1.266248,-1.457444,-0.376096,-1.580556,-7.813353,-4.858398,-23.474609
2027,-1.022990,-2.361117,-1.382060,-1.137446,-2.945576,-3.175419,-2.452843,-2.667259,-1.286368,-3.096401,-15.683541,-43.905014,-49.470390
2028,-1.180229,-2.700656,-1.568384,-1.284656,-3.413675,-3.679119,-2.790776,-3.028152,-1.482080,-3.585912,-15.648144,-58.224442,-49.767952
2029,-1.254638,-2.982425,-1.669399,-1.364837,-3.720255,-4.126765,-3.123064,-3.472754,-1.736285,-3.931445,-16.268248,-82.274673,-53.293755
2030,-1.650050,-3.531403,-1.939033,-1.601183,-4.444907,-5.102055,-3.733450,-4.089944,-2.349125,-4.966215,-17.810150,-101.834503,-57.819202
2031,-1.696514,-3.564054,-1.959009,-1.617702,-4.578320,-5.158500,-3.759191,-4.130095,-2.344148,-5.071405,-17.902639,-107.348785,-58.657494
2032,-1.612473,-3.520703,-1.923629,-1.586948,-4.298295,-5.103796,-3.730472,-4.103662,-2.244527,-4.967967,-17.769339,-103.137436,-58.273884
2033,-1.571984,-3.457029,-1.908128,-1.572678,-4.296669,-4.978948,-3.656263,-4.013175,-2.160518,-4.852198,-17.642752,-99.605530,-57.131100
2034,-1.160416,-2.688659,-1.546428,-1.277413,-3.265683,-3.849817,-2.932554,-3.250161,-1.606564,-3.587336,-16.203184,-61.405045,-51.328209
2035,0.747495,1.361871,1.000799,0.852578,2.319092,1.822890,1.297792,1.270463,0.538740,2.069125,5.206638,-0.249481,17.814735
2036,-1.565305,-3.391310,-1.870600,-1.539894,-4.311464,-4.862395,-3.586429,-3.939475,-2.112320,-4.729022,-17.461212,-102.539581,-57.111725
2037,-1.497625,-3.425661,-1.891637,-1.557423,-4.163995,-4.904952,-3.608677,-3.972867,-2.072769,-4.778425,-17.519711,-96.980362,-57.154190
2038,-1.608559,-3.395135,-1.884333,-1.553185,-4.380634,-4.860402,-3.572034,-3.907316,-2.123531,-4.753623,-17.445763,-97.144547,-56.387047
2039,-1.690237,-3.497115,-1.916031,-1.579927,-4.669966,-5.038634,-3.692887,-4.064713,-2.346719,-4.923637,-17.841867,-116.944382,-58.477592
2040,-1.523308,-3.368795,-1.853154,-1.524492,-4.312581,-4.812953,-3.553594,-3.930121,-2.158026,-4.672240,-17.425962,-99.584290,-56.807358
2041,-1.525240,-3.402548,-1.892851,-1.558107,-4.217060,-4.849526,-3.558034,-3.884657,-2.025499,-4.778654,-17.489361,-90.670135,-56.479099
2042,-1.694613,-3.530298,-1.930271,-1.586241,-4.208108,-5.110535,-3.787391,-4.146590,-2.087256,-4.994423,-17.668806,-105.514038,-58.342171
2043,-1.415887,-3.110396,-1.741447,-1.428775,-4.028967,-4.280190,-3.202896,-3.598727,-1.906954,-4.143101,-16.680660,-85.432236,-54.130520
2044,-0.813250,-1.611652,-1.039337,-0.846431,-2.422629,-2.033901,-1.505497,-1.603895,-0.825028,-2.229275,-10.966392,-20.097351,-33.423054
2045,-1.108624,-2.520961,-1.486516,-1.212398,-3.264614,-3.328364,-2.506598,-2.807240,-1.418768,-3.351834,-15.694146,-47.211121,-49.044373
2046,-0.458806,-0.864046,-0.611852,-0.499251,-1.367270,-1.052372,-0.758905,-0.818858,-0.491740,-1.256312,-5.571626,-12.442078,-16.444466
2047,-0.840329,-1.752705,-1.122757,-0.914346,-2.622200,-2.329853,-1.733678,-1.864270,-0.902012,-2.475035,-11.354739,-20.973083,-34.414524
2048,-0.681748,-1.490635,-0.958033,-0.787742,-1.975049,-1.895067,-1.435804,-1.628710,-0.759555,-1.963200,-8.549445,-13.357758,-27.464260
2049,-0.178581,-0.130466,-0.109268,-0.084059,-0.644623,-0.105042,-0.049821,-0.033207,-0.223985,-0.256711,1.527416,-3.146149,3.848053
2050,-0.093852,-0.202524,-0.133638,-0.115697,-0.289886,-0.155171,-0.121690,-0.164205,-0.078733,-0.217584,0.279472,-1.098938,-0.647133
2051,0.011866,-0.031388,0.010218,-0.004525,0.295993,0.174748,0.092620,-0.102570,-0.042270,0.308394,3.124928,0.366241,6.489647
2052,0.131028,0.399513,0.309485,0.260002,0.310188,0.427238,0.329278,0.313518,0.148756,0.528088,2.525021,3.691620,8.681221
2053,-0.141522,-0.293024,-0.222415,-0.183405,-0.560075,-0.544887,-0.393372,-0.399063,-0.182886,-0.623663,-3.175831,-6.775146,-10.061489
2054,0.354363,0.515409,0.395297,0.332434,0.762666,0.619700,0.424254,0.451164,0.313318,0.607801,3.501465,-0.494720,9.730667
2055,-0.096067,-0.130126,-0.084439,-0.073532,-0.302655,-0.207966,-0.151922,-0.125203,-0.104226,-0.270271,-0.742538,-5.863831,-2.888039
2056,-0.424469,-0.649181,-0.408063,-0.335649,-1.211089,-0.928543,-0.701045,-0.785149,-0.575844,-0.870231,-4.513083,-9.207031,-13.240383
2057,0.006918,-0.129351,-0.071053,-0.070809,0.219017,-0.150420,-0.160285,-0.190064,-0.037927,-0.057916,-1.234306,-3.591248,-4.069332
2058,1.240016,1.455410,1.132144,1.015025,2.615633,2.164876,1.565557,1.326452,1.098166,2.105078,6.011036,-10.890167,19.441475
2059,-0.059175,-0.270344,-0.183041,-0.157614,0.032276,-0.375017,-0.278892,-0.297389,0.059914,-0.342717,-3.141117,2.659241,-9.377903
2060,-0.248126,-0.482068,-0.322736,-0.271903,-0.786078,-0.704773,-0.554282,-0.561058,-0.399770,-0.659920,-3.813113,-7.388367,-11.211628
2061,-0.056221,-0.122951,-0.098431,-0.085897,-0.199808,-0.190600,-0.169379,-0.083595,-0.104043,-0.206616,-3.627921,-10.693634,-10.622589
2062,0.258249,0.390209,0.237309,0.201937,0.791535,0.540298,0.452059,0.477508,0.307506,0.478879,1.874771,1.713501,6.880066
2063,0.125513,-0.086071,-0.037571,-0.007523,0.198350,-0.270613,-0.160409,-0.173729,0.179260,-0.276877,-2.253410,5.811005,-5.163326
2064,0.132308,0.009609,0.041000,0.061887,0.392453,-0.215488,-0.135081,-0.042926,0.404861,-0.204015,-2.865334,6.962494,-7.498951
2065,-0.096086,-0.563226,-0.358838,-0.279074,-0.555127,-0.968229,-0.695391,-0.768447,-0.065295,-0.903374,-3.817500,8.749969,-9.821163
2066,0.179136,0.038673,0.028681,0.034762,0.399961,0.061450,0.070691,0.062428,0.195543,-0.006175,0.229805,5.549438,2.420319
2067,-0.184479,-0.608675,-0.454834,-0.356334,-0.746799,-1.056501,-0.698218,-0.717913,-0.123928,-1.108678,-6.146813,-0.182678,-16.518169
2068,0.035617,-0.251176,-0.184633,-0.140029,0.109385,-0.290578,-0.191490,-0.191598,0.188360,-0.379243,-2.093880,5.675995,-5.412361
2069,-0.423109,-0.919613,-0.655642,-0.536653,-1.221132,-1.326897,-0.958331,-0.984437,-0.431403,-1.432058,-8.599965,-12.646759,-25.359570
2070,0.948539,2.146898,1.392226,1.211161,3.342086,3.552816,2.765693,2.759616,0.988692,3.101779,9.824741,-2.035583,33.963921
2071,-0.282687,-0.486205,-0.343643,-0.277516,-0.864222,-0.722544,-0.512865,-0.506907,-0.302096,-0.754828,-4.109527,-6.426361,-11.100712
2072,0.153911,0.520132,0.370227,0.283167,0.699865,0.850238,0.602261,0.689988,0.160466,0.983885,4.789654,-2.306610,11.687614
2073,-0.521763,-1.346290,-0.838162,-0.694183,-1.687311,-1.958910,-1.481678,-1.603943,-0.600535,-1.818554,-7.453210,-5.409637,-23.125599
2074,0.146572,0.007602,-0.005858,0.012202,0.172822,-0.050975,-0.009310,0.071515,0.161577,-0.104559,-2.373650,-7.760742,-5.610928
2075,-0.025229,-0.129539,-0.094626,-0.060812,-0.319304,-0.193581,-0.154551,-0.096150,0.022576,-0.218084,0.242817,2.486816,2.300049
2076,1.327640,2.017940,1.517380,1.341546,2.819919,2.178441,1.714641,1.893629,1.101268,2.158123,7.155205,29.900208,29.193459
2077,0.272386,0.262728,0.200592,0.186057,0.886052,0.323868,0.207415,0.175117,0.193003,0.382586,1.379257,8.732117,6.100349
2078,0.225338,0.125337,0.118275,0.127217,0.163435,-0.084698,-0.021687,0.075848,0.220927,-0.188769,-2.464005,-0.834869,-4.510876
2079,0.292166,0.304349,0.172914,0.139134,0.592938,0.339125,0.219265,0.304327,0.242175,0.235474,0.381855,-6.335205,1.862442
2080,0.040882,-0.749055,-0.206379,-0.099686,-0.304575,-1.158124,-1.077880,-0.902705,0.547700,-1.197509,-11.582862,3.985931,-37.092896
2081,0.270604,0.534807,0.395805,0.331326,1.156528,0.981794,0.669568,0.565800,0.216143,1.046855,11.007755,22.656799,28.839813
2082,0.231691,0.236706,0.166487,0.143467,0.585637,0.489275,0.321488,0.291679,0.280100,0.464428,3.759270,6.919464,10.735214
2083,-0.046879,0.127026,0.092472,0.088101,0.136140,0.267941,0.176549,0.061591,-0.292677,0.276515,2.699226,-1.130554,6.801697
2084,-0.014306,0.006413,0.016866,0.017049,0.023323,-0.045646,-0.113146,0.026340,-0.126606,0.004730,-1.676121,-9.522247,-4.396065
2085,0.956986,0.064444,0.044334,0.067083,1.734680,-0.354448,0.027462,0.089322,1.569132,-0.348026,-7.804709,25.502411,-21.255947
2086,-0.405641,-0.420889,-0.303775,-0.215511,-1.324198,-0.861323,-0.583980,-0.616175,-0.681183,-0.913167,-10.578278,-16.312103,-28.174191
2087,0.564291,1.166900,0.807063,0.711819,1.377254,1.430098,1.191642,1.307791,0.592489,1.194310,5.727295,7.148193,16.878212
2088,0.183741,0.184114,0.167253,0.149655,0.695311,0.421504,0.273504,0.246211,0.265554,0.484621,1.983807,6.828461,4.624687
2089,0.055664,0.439961,0.242979,0.212745,0.629954,0.386239,0.304798,0.344797,0.093685,0.295584,0.329029,-3.041351,-1.128899
2090,-0.084172,-0.289113,-0.163155,-0.129222,-0.134906,-0.436707,-0.376032,-0.436490,-0.095942,-0.272952,-1.802349,-1.232025,-6.785385
2091,-0.163147,-0.393889,-0.269607,-0.226208,-0.293976,-0.629414,-0.453483,-0.466414,-0.045417,-0.529604,-3.629458,-0.319244,-9.993183
2092,1.261580,2.280792,1.512157,1.335166,4.104702,4.781237,3.536987,3.570888,1.571698,4.080361,17.967182,23.013702,61.646591
2093,-0.197904,-0.557414,-0.383366,-0.325787,-0.434842,-0.814555,-0.616764,-0.582320,-0.107136,-0.844981,-6.949979,-10.818665,-20.402248
2094,-0.498235,-1.126717,-0.726706,-0.598782,-1.126507,-1.543982,-1.151792,-1.219123,-0.412336,-1.542938,-10.020360,-8.243530,-28.989731
2095,0.533629,0.705699,0.494595,0.457178,1.348113,0.872868,0.685938,0.813420,0.623384,0.676931,-1.300079,-4.938965,-3.118866
2096,0.111906,0.136796,0.104381,0.106350,0.274375,0.213772,0.262567,0.157560,0.200171,0.062170,2.016968,9.148315,6.426537
2097,0.356717,0.310044,0.243200,0.217522,1.115431,0.414392,0.314328,0.227168,0.355950,0.499306,3.778625,21.708252,11.842896
2098,-0.659098,-1.791829,-1.118828,-0.918024,-1.559701,-2.469720,-1.958523,-1.903681,-0.484021,-2.284436,-13.504556,-0.809204,-39.542099
2099,-1.198452,-2.282666,-1.323796,-1.075640,-2.853811,-3.170477,-2.572990,-2.522842,-1.328452,-2.696223,-11.910944,4.350281,-35.116241
2100,-0.886147,-1.947128,-1.102424,-0.897498,-2.057146,-2.701236,-2.203641,-2.216759,-0.927863,-2.181111,-11.429241,-0.766144,-34.712444
2101,-0.944079,-1.930618,-1.150056,-0.948173,-1.929181,-2.515800,-2.091103,-1.922712,-0.628685,-2.017807,-8.206147,2.938538,-25.566139
2102,1.005825,0.619593,0.729409,0.657055,2.618358,0.983767,0.575538,0.933980,1.195307,1.085125,5.096142,58.000244,16.121666
2103,-0.952396,-2.312923,-1.343130,-1.085326,-2.402649,-3.280985,-2.594129,-2.559674,-1.057512,-2.742267,-15.625715,-7.019684,-46.200027
2104,-0.940534,-2.105486,-1.202465,-0.968455,-2.404415,-2.995113,-2.443729,-2.398127,-1.111101,-2.328048,-11.336882,5.075439,-35.515102
2105,-1.209567,-2.474938,-1.414020,-1.146181,-3.031215,-3.496461,-2.766974,-2.727081,-1.362031,-3.014668,-16.062737,-23.694336,-48.063316
2106,-1.169021,-2.520767,-1.451381,-1.169180,-2.818866,-3.566249,-2.812230,-2.745604,-1.158575,-3.035115,-15.420275,-11.397430,-45.766510
2107,-1.157393,-2.543431,-1.417035,-1.137393,-2.642289,-3.797531,-3.005366,-2.935886,-1.257410,-3.147446,-15.021349,5.458984,-44.795883
2108,-1.325312,-2.542609,-1.492078,-1.207089,-3.200974,-3.605501,-2.831188,-2.792615,-1.399689,-3.211354,-16.233807,-22.578003,-48.018852
2109,-1.174306,-2.247828,-1.327786,-1.080061,-3.063574,-3.055729,-2.481651,-2.294160,-1.213334,-2.751754,-15.670683,-25.605316,-47.344505
2110,-1.179732,-2.418941,-1.419311,-1.143676,-3.076733,-3.402387,-2.665061,-2.548768,-1.268354,-3.000748,-16.050121,-14.684906,-46.972816
2111,-0.964160,-2.068248,-1.219214,-0.993468,-2.607750,-2.884137,-2.308050,-2.233637,-1.016232,-2.561869,-14.270993,-13.610107,-41.863182
2112,-0.527084,-1.355970,-0.831363,-0.686695,-1.251506,-1.831483,-1.496009,-1.482998,-0.656063,-1.593515,-9.656651,-8.853882,-27.876881
2113,-0.936814,-2.112268,-1.192973,-0.978630,-2.412102,-3.176740,-2.568672,-2.530807,-1.160118,-2.495600,-13.628609,-12.413635,-40.120392
2114,0.666400,1.447723,0.940543,0.846227,2.020636,2.849713,2.245728,2.303718,1.118392,2.275983,5.915726,-4.203125,22.828850
2115,-0.776153,-1.273243,-0.804095,-0.650059,-2.258678,-2.003184,-1.447152,-1.356446,-0.649547,-1.967421,-10.368546,-11.860504,-30.597462
2116,-0.180709,0.017112,-0.003672,0.007664,-0.696120,-0.097367,0.013362,0.158428,-0.111655,-0.306095,-3.288540,-5.651794,-8.857914
2117,-0.092415,-0.147726,-0.109913,-0.075549,-0.366689,-0.310189,-0.129090,-0.068202,0.088362,-0.493016,-5.002429,-1.521942,-14.027699
2118,-0.558675,-0.772368,-0.486295,-0.414266,-1.128740,-0.885141,-0.714167,-0.638479,-0.315937,-0.851240,-1.347267,9.386505,-8.825840
2119,-0.442677,-0.566067,-0.347186,-0.274198,-0.929784,-0.656406,-0.496944,-0.441898,-0.211815,-0.658059,-3.273827,1.061340,-11.566936
2120,0.022315,0.110579,0.047621,0.052875,-0.085888,0.160018,0.210304,0.310324,0.247406,-0.089929,-1.850742,-0.902771,-4.367947
2121,-0.163764,-0.234052,-0.134420,-0.120403,-0.347610,-0.225464,-0.176697,-0.116112,0.089089,-0.169875,1.438351,5.233765,3.095192
2122,-0.318441,-0.662997,-0.393236,-0.340378,-0.903186,-1.032480,-0.814905,-0.761822,-0.241344,-0.813529,-3.666913,-5.009521,-12.279583
2123,-0.182255,-0.223916,-0.169422,-0.145598,-0.298705,-0.246118,-0.155104,-0.106212,-0.026755,-0.366567,-1.966011,-7.951355,-6.930794
2124,0.362841,0.628354,0.461210,0.408804,1.547582,1.051826,0.729500,0.521763,0.055692,1.261326,0.317810,-7.958130,4.263054
2125,1.421923,2.091954,1.710669,1.552257,2.945907,2.650690,2.096658,2.504353,1.460813,2.161438,-1.557018,-5.834808,0.472366
2126,-0.052024,-0.405101,-0.179976,-0.116026,-0.616097,-1.052772,-0.743486,-0.786492,-0.178757,-0.834376,-9.862083,-4.903290,-27.719376
2127,-0.040889,0.670334,0.469481,0.398696,-0.465581,0.960307,0.817132,1.003555,-0.014838,0.739112,3.938046,-7.308655,11.425682
2128,-0.329380,-0.827270,-0.453992,-0.352441,-0.881330,-1.504689,-1.202329,-1.368255,-0.674561,-1.157075,-12.541271,-26.626038,-36.948799
2129,-0.108302,-0.118255,0.019314,0.044995,0.038920,-0.363039,-0.321180,-0.519831,-0.444172,-0.001042,-5.135122,-12.733337,-13.148285
2130,0.385032,1.778237,1.231778,1.081925,1.142286,3.043625,2.451921,2.718994,0.527289,2.497881,15.777763,9.566132,46.738937
2131,-0.076534,-0.359593,-0.183969,-0.138073,0.048127,-0.631144,-0.510598,-0.665391,-0.280682,-0.330659,-6.642620,-12.740173,-17.230259
2132,-0.469231,-0.971539,-0.567963,-0.457797,-1.116447,-1.504732,-1.183648,-1.276120,-0.498563,-1.145185,-9.549775,-9.571869,-27.921749
2133,-0.217184,-0.582401,-0.350403,-0.288835,-0.538878,-0.720870,-0.580555,-0.634743,-0.300539,-0.527183,-6.882501,-18.008148,-19.575329
2134,-0.190225,-0.475262,-0.226929,-0.162545,-0.255461,-0.797705,-0.673579,-0.788325,-0.365537,-0.363732,-3.728988,4.286316,-12.399609
2135,0.399559,0.918188,0.695822,0.608067,0.509928,1.483209,1.014109,0.968615,0.154279,1.700443,1.733231,-17.670288,4.219154
2136,-0.255415,-0.504178,-0.349923,-0.301392,-0.871132,-0.589981,-0.416238,-0.468366,-0.127686,-0.630605,-5.365412,-15.738098,-14.606174
2137,-0.167207,-0.282729,-0.232177,-0.206879,-0.392453,-0.359609,-0.184269,-0.206132,0.065054,-0.582190,-7.111225,-9.243805,-17.660374
2138,-0.175061,-1.354267,-0.863162,-0.694579,-1.183955,-2.257972,-1.570680,-1.640136,0.134533,-2.255209,-15.786537,-2.587646,-46.045769
2139,-0.508070,-0.830266,-0.559276,-0.449858,-1.806838,-1.379182,-0.923260,-0.890258,-0.403105,-1.498921,-13.388756,-25.225067,-39.445465
2140,-0.699363,-1.132889,-0.705464,-0.567716,-2.063547,-1.720752,-1.287678,-1.260092,-0.624089,-1.638129,-12.503044,-23.681183,-37.060219
2141,-0.582906,-1.124357,-0.675686,-0.561617,-1.744729,-1.783347,-1.364694,-1.416213,-0.703199,-1.548296,-13.828878,-31.809418,-41.111160
2142,-0.432637,-0.348934,-0.296580,-0.256075,-0.966414,0.038627,-0.038756,0.048973,-0.219012,-0.120628,1.399525,-20.128784,7.944862
2143,0.737059,1.140513,0.657871,0.559802,1.746507,2.669436,1.869296,1.859340,1.025170,2.332639,16.683971,8.574524,56.590431
2144,-0.153081,-0.749866,-0.518413,-0.407260,-0.799658,-1.226156,-0.855811,-0.779747,0.135032,-1.374246,-10.785251,-5.297333,-31.041161
2145,0.957028,1.810110,1.261188,1.130510,3.520495,3.983571,3.012073,3.298160,1.640375,2.870050,13.941700,29.652618,48.535881
2146,-0.034939,0.102796,0.062563,0.065283,0.366823,0.359595,0.292720,0.299831,0.148795,0.120269,0.353683,1.140839,0.909210
2147,-0.104557,-0.409674,-0.266816,-0.200919,-0.332249,-0.707122,-0.474550,-0.544937,-0.033482,-0.732727,-8.341691,-10.659973,-23.081383
2148,-0.043437,-0.292091,-0.176169,-0.133305,-0.202708,-0.354156,-0.187689,-0.126260,0.243571,-0.541515,-6.615550,-8.259247,-19.107658
2149,-0.053972,-0.545634,-0.324750,-0.264054,-0.077774,-0.967559,-0.763002,-0.833547,-0.201839,-0.789275,-8.988374,-15.752045,-26.135071
2150,-0.099744,-0.482253,-0.327600,-0.263491,-0.093420,-0.749738,-0.587760,-0.658674,-0.158572,-0.713420,-10.840519,-22.730865,-32.181202
2151,0.423243,0.552844,0.392715,0.338794,1.761479,0.834404,0.608926,0.472030,0.297259,0.786153,1.572857,-2.965393,6.205063
2152,0.264852,-0.048158,0.002865,0.007942,0.835015,-0.126624,-0.111407,-0.134650,0.319263,-0.014683,-3.679362,-1.159851,-11.027996
2153,-0.099596,-0.975941,-0.642617,-0.520985,0.045356,-1.730395,-1.301835,-1.491884,-0.083298,-1.553288,-14.355635,-16.938477,-42.017395
2154,0.020019,0.159219,0.126271,0.113788,0.226040,0.306705,0.201154,0.187659,0.066623,0.252756,3.059982,5.600586,5.760857
2155,-0.220350,0.010778,0.008412,0.021799,-0.616182,0.002110,0.034091,0.067582,-0.193999,-0.055732,-0.457653,-3.237000,-2.133286
2156,0.123190,0.242754,0.117020,0.100797,0.484588,0.621305,0.471760,0.400943,0.268098,0.473584,2.309605,-0.185272,9.142342
2157,0.181477,-0.284158,-0.151458,-0.124141,0.493706,-0.617110,-0.508356,-0.742689,-0.055752,-0.479460,-8.544686,-19.688599,-25.536652
2158,0.156627,0.252798,0.201253,0.170096,0.521239,0.408876,0.268365,0.298016,0.075852,0.413757,3.017120,3.379608,8.888191
2159,-0.777699,-1.097035,-0.549131,-0.441268,-1.917669,-1.799083,-1.430029,-1.466570,-0.934611,-1.375772,-4.078792,-7.520447,-14.843700
2160,-0.166600,-0.200105,-0.095052,-0.081287,-0.127260,-0.401302,-0.306881,-0.237001,-0.190858,-0.314349,-0.863903,-1.994629,-3.197868
2161,-0.012452,-0.172839,-0.107901,-0.087805,0.473800,-0.269428,-0.334127,-0.410988,-0.333738,-0.139991,-2.423164,-16.253418,-8.680347
2162,0.129849,0.343785,0.303428,0.255597,0.812140,0.481747,0.272936,0.188510,-0.104093,0.810341,6.015862,14.457672,14.627472
2163,0.702013,1.373536,0.846628,0.711603,2.574666,3.468445,2.402464,2.362432,0.761976,3.196787,20.989445,1.138367,62.911850
2164,-0.447500,0.278892,0.145036,0.092444,-0.468882,1.420938,0.930780,1.073489,-0.452935,1.443775,15.568760,-19.571228,42.361214
2165,-0.084263,-0.158268,-0.064246,-0.051804,-0.283829,-0.247516,-0.180993,-0.229944,-0.176173,-0.235454,-4.360669,-16.012939,-13.336403
2166,-0.210222,-0.261672,-0.062654,-0.047629,-0.208751,-0.497553,-0.506816,-0.579401,-0.259873,-0.160782,-1.326069,0.504822,-8.964668
2167,-0.224043,-0.100005,-0.060712,-0.047321,-0.470719,-0.125200,-0.065757,-0.149135,-0.177107,-0.170957,-1.435051,-8.311401,-6.050869
2168,0.123219,-0.076001,-0.011579,-0.025702,0.606734,0.257718,0.280188,0.276093,0.601587,0.089579,0.306683,-3.301575,-1.267548
2169,-0.242293,-0.342113,-0.158778,-0.129244,-0.787532,-0.595876,-0.506127,-0.442229,-0.604086,-0.344325,-4.316493,-22.767151,-13.777332
2170,-0.266368,-0.416828,-0.227092,-0.174133,-0.936964,-0.877218,-0.631444,-0.727058,-0.514155,-0.697443,-3.507613,1.042450,-9.838909
2171,0.291691,1.207731,0.779516,0.625938,1.426665,3.372763,2.660337,2.550490,0.476572,2.367716,11.779114,-30.309387,31.459755
2172,-0.208218,-0.082879,-0.057808,-0.040358,-0.286131,0.032033,-0.007441,-0.117821,-0.274592,0.078531,2.026814,-1.343689,3.826569
2173,0.201243,0.324244,0.095285,0.066320,1.530798,0.876010,0.637195,0.526590,0.469121,0.849883,7.804775,10.353363,19.549088
2174,0.170785,-0.283684,-0.152889,-0.136559,0.971004,-0.246892,-0.317212,-0.480729,0.025948,-0.015330,-2.580711,-11.057037,-9.147076
2175,0.165650,0.207366,0.125385,0.118533,0.330230,0.123849,0.177659,0.097314,0.306718,0.087378,-2.696804,9.505920,-4.680344
2176,0.080288,0.214347,0.232181,0.211394,0.165792,0.239663,0.077611,-0.049276,-0.273257,0.485242,2.418858,1.179169,8.071411
2177,-0.048061,0.197570,0.128326,0.109762,-0.234243,0.448081,0.372244,0.307619,-0.130109,0.310048,5.264694,12.694580,15.657150
2178,0.184428,0.115060,0.164636,0.141020,0.806772,0.010938,-0.003506,-0.188565,0.017796,0.239356,-2.450897,-6.387115,-6.250854
2179,0.119758,0.214046,0.155392,0.142480,0.377602,0.233127,0.214591,0.140472,0.167281,0.264415,0.191383,11.918671,2.108788
2180,-0.346237,-0.377495,-0.211989,-0.184512,-0.409374,-0.258327,-0.228181,-0.405144,-0.169654,-0.149203,-4.246768,-31.624481,-14.255421
2181,-0.205705,0.105106,0.032642,0.029028,-0.291983,0.175430,0.192750,0.067643,-0.236924,0.190221,2.815002,5.553802,8.871864
2182,-0.082946,0.150889,0.073065,0.059171,-0.257023,0.112480,0.165513,0.156136,-0.210249,0.124850,-1.317448,-10.676056,-1.006111
2183,-0.127523,-0.096189,-0.054639,-0.032249,-0.603972,-0.422554,-0.295776,-0.314519,-0.183937,-0.314999,-2.795696,3.086609,-7.015255
2184,0.573200,0.651571,0.439167,0.358639,1.673317,1.424682,0.969976,0.933790,0.661877,1.435857,2.745155,-15.020325,9.223518
2185,0.516624,0.055361,0.081673,0.051057,1.390716,0.998593,0.760043,1.007236,0.739626,0.663439,-4.565017,-49.240265,-17.990948
2186,-0.228787,-0.025183,-0.032679,-0.029099,-0.553583,0.110821,0.106676,0.206811,-0.016591,-0.012752,1.972172,0.406921,1.855453
2187,-0.079822,-0.083414,-0.095766,-0.092475,0.271556,0.385453,0.222076,0.275854,0.072267,0.210090,-1.164604,-23.886902,-5.618031
2188,0.170287,0.153932,0.080898,0.076773,0.755167,0.546011,0.354981,0.272429,0.339281,0.479542,3.905857,5.754272,9.130875
2189,0.122235,0.149666,0.089705,0.083141,0.016273,0.391995,0.319407,0.273063,0.069689,0.281386,-2.135792,-11.554047,-5.068096
2190,0.071645,0.145176,0.082101,0.078615,0.021786,0.161049,0.150542,0.151340,0.149632,0.137279,-0.829544,0.724274,-1.329269
2191,0.015085,0.105896,0.133269,0.114434,0.190961,0.141156,0.078924,0.008950,-0.139958,0.223911,2.423649,0.241028,6.541756
2192,0.149925,0.329914,0.180180,0.158146,0.548433,0.669520,0.519669,0.572237,0.319986,0.484678,0.716446,-3.973083,2.489952
2193,0.078632,0.230056,0.144814,0.132369,0.066802,0.434222,0.342949,0.317541,0.276909,0.344352,6.229767,21.876831,17.166008
2194,0.137462,0.466535,0.350464,0.300141,0.620553,0.866803,0.676492,0.607366,0.096870,0.829993,6.288918,10.862427,18.518806
2195,-0.047690,-0.276783,-0.154540,-0.129724,0.002844,-0.592316,-0.495239,-0.510973,-0.190963,-0.403907,-4.069028,-11.272186,-12.643944
2196,0.077028,-0.026308,-0.010870,0.003313,0.242453,-0.126746,-0.100152,-0.192754,0.074464,-0.066103,-3.174557,-4.581329,-9.969681
2197,0.139512,0.136751,0.106120,0.085391,1.075768,0.214553,0.144686,0.087712,-0.002425,0.331846,0.781559,-0.997253,3.481041
2198,-0.254148,-0.271794,-0.204262,-0.156977,-0.870643,-0.549372,-0.368395,-0.438274,-0.287712,-0.567126,-6.406675,-18.938812,-17.720753
2199,0.005994,-0.074111,-0.077238,-0.063414,-0.082272,0.015890,-0.010007,0.025220,0.110986,0.003868,0.273888,4.712585,0.999359
2200,0.090479,0.140311,0.074501,0.064951,0.236655,0.364324,0.252976,0.291149,0.193630,0.326338,0.365192,-6.798126,0.869614
2201,0.003945,0.000223,0.002961,0.002676,0.006804,0.001372,-0.003622,-0.007191,0.004275,0.005875,-0.013264,0.046280,-0.073306
2202,0.001319,-0.006070,-0.000582,0.000109,-0.003531,-0.021645,-0.021272,-0.027727,-0.003410,-0.024411,-0.026491,0.012927,-0.113698
2203,-0.002744,-0.004072,-0.004570,-0.002587,-0.002425,-0.010666,-0.010133,-0.001692,-0.001186,-0.024446,0.007240,-0.020757,0.048023
2204,-0.003927,-0.018552,-0.010289,-0.004804,-0.011245,-0.075126,-0.055997,-0.072267,-0.005982,-0.115810,-0.049957,-0.014001,-0.168461
2205,0.001709,-0.004803,-0.004437,-0.003998,0.006023,-0.006954,-0.004657,-0.001629,0.006251,-0.008073,0.006252,0.019148,0.047442
2206,-0.003479,-0.026311,-0.014730,-0.010173,-0.005483,-0.074826,-0.057903,-0.069422,-0.004001,-0.086307,-0.022127,-0.011761,-0.056034
2207,-0.002792,-0.025972,-0.011873,-0.009331,-0.001652,-0.045294,-0.038646,-0.047508,-0.001709,-0.043176,-0.006590,-0.010336,-0.007187
2208,-0.004842,-0.020384,-0.019523,-0.012611,-0.009608,-0.079941,-0.056740,-0.064221,-0.006286,-0.109283,-0.007813,-0.046696,0.021011
2209,0.003053,0.022590,0.012513,0.011817,0.002668,0.034348,0.023759,0.031198,0.002664,0.026680,-0.006139,0.011786,-0.038786
2210,0.002306,-0.003044,-0.003541,-0.003648,0.001124,-0.019634,-0.014794,-0.018194,0.001541,-0.020177,-0.014614,0.016094,-0.055925
2211,-0.002406,-0.042453,-0.024246,-0.017136,-0.002005,-0.112455,-0.087218,-0.107245,-0.001056,-0.126311,-0.027634,-0.008521,-0.064453
2212,0.000071,-0.020075,-0.009871,-0.007146,0.001390,-0.049052,-0.036755,-0.050265,0.001243,-0.056446,-0.015178,0.010774,-0.042852
2213,-0.003270,-0.042360,-0.024345,-0.015798,-0.002755,-0.125967,-0.096259,-0.115001,-0.001618,-0.146894,-0.035734,-0.004585,-0.091957
2214,0.002725,-0.050586,-0.025910,-0.012558,0.004743,-0.181558,-0.145280,-0.172212,0.005857,-0.224188,-0.055089,0.015678,-0.144817
2215,0.014594,0.051501,0.039303,0.029670,0.035335,0.114695,0.091976,0.089622,0.021401,0.106523,0.033805,0.171846,0.116715
2216,-0.007512,0.018794,0.008001,0.005963,-0.019023,0.071517,0.043451,0.066290,-0.015826,0.057626,-0.003450,-0.050927,-0.089273
2217,0.009116,0.051335,0.031656,0.021520,0.018643,0.119596,0.109428,0.112251,0.013782,0.134639,0.039267,0.092823,0.079952
2218,0.009324,0.074426,0.043786,0.032892,0.012013,0.144920,0.137641,0.145511,0.010859,0.142433,0.046794,0.061169,0.094630
2219,0.003621,-0.002341,-0.004315,-0.002304,0.004503,-0.045432,-0.020860,-0.031372,0.003934,-0.077298,-0.011393,0.026206,-0.031835
2220,0.007236,0.081714,0.042859,0.031895,0.013545,0.185095,0.152768,0.176318,0.011314,0.182709,0.052472,0.036387,0.120187
2221,-0.001515,-0.052121,-0.031621,-0.020759,-0.003715,-0.171600,-0.120084,-0.146242,0.000827,-0.222251,-0.033932,-0.026784,-0.057096
2222,0.005021,-0.015856,-0.006457,-0.003264,0.009776,-0.059186,-0.035896,-0.042326,0.008501,-0.083485,-0.028739,0.048148,-0.088424
2223,0.005059,-0.044788,-0.023730,-0.014822,0.011327,-0.146146,-0.107501,-0.131737,0.010021,-0.168761,-0.053014,0.054513,-0.158416
2224,0.010871,-0.057919,-0.023314,-0.016678,0.024696,-0.161445,-0.121676,-0.156621,0.020812,-0.160325,-0.050663,0.130146,-0.141015
2225,-0.008556,0.025497,0.005411,0.002970,-0.020429,0.074419,0.050910,0.079614,-0.016032,0.048358,0.000401,-0.064526,-0.057527
2226,-0.008515,0.047405,0.021420,0.013293,-0.028992,0.137954,0.108151,0.140984,-0.022290,0.104782,0.039485,-0.065046,0.035237
2227,-0.006673,0.046657,0.015921,0.011931,-0.018203,0.113317,0.081935,0.121114,-0.013814,0.075374,0.011764,-0.057418,-0.028137
2228,-0.006680,0.003014,-0.005529,-0.004287,-0.020155,-0.001730,-0.006732,0.011678,-0.015240,-0.043042,-0.023297,-0.035892,-0.125591
2229,-0.004280,0.028258,0.009721,0.006329,-0.023642,0.052645,0.038369,0.052048,-0.017056,0.012115,0.002523,-0.052341,-0.054177
2230,-0.007682,0.001433,-0.009506,-0.008150,-0.021175,-0.004839,-0.011286,-0.000551,-0.016772,-0.039522,-0.013996,-0.060163,-0.085013
2231,-0.001963,0.024460,0.003344,0.003912,-0.010907,0.037610,0.027402,0.059275,-0.006732,-0.011841,0.002750,-0.046886,0.011256
2232,-0.009952,-0.011269,-0.018134,-0.014714,-0.028538,-0.024499,-0.032854,-0.020295,-0.022171,-0.050994,-0.023842,-0.093782,-0.117087
2233,-0.005608,-0.064015,-0.039188,-0.026390,-0.012011,-0.180216,-0.137270,-0.161352,-0.007230,-0.234800,-0.051450,-0.034461,-0.129229
2234,0.005243,0.040316,0.025862,0.019959,-0.001025,0.101068,0.066854,0.087658,0.000621,0.102242,0.022240,-0.018514,0.041698
2235,0.000694,-0.041549,-0.022759,-0.014471,0.001827,-0.118349,-0.089863,-0.110173,0.004297,-0.148805,-0.040243,0.003060,-0.104421
2236,0.007920,0.019617,0.011614,0.008966,0.007471,0.048037,0.031844,0.033940,0.006864,0.040631,-0.010591,0.041281,-0.083389
2237,-0.002967,0.023599,0.004444,0.003810,-0.006220,0.047431,0.034835,0.053877,-0.004220,0.033800,0.024585,-0.034960,0.110470
2238,0.001273,0.047350,0.019405,0.011264,0.004591,0.152277,0.126882,0.152843,0.002784,0.166858,0.091762,-0.029447,0.348003
2239,-0.003299,0.013957,0.002842,0.001765,-0.007048,0.043966,0.033818,0.056140,-0.004865,0.023174,0.006230,-0.015698,-0.001850
2240,-0.002604,0.022110,0.010848,0.008412,-0.011511,0.051738,0.033934,0.036908,-0.008134,0.046573,0.001110,-0.023670,-0.049327
2241,-0.007546,-0.001164,-0.004443,-0.001468,-0.017044,-0.006473,-0.009487,-0.007171,-0.011952,-0.042884,-0.021769,-0.047243,-0.124864
2242,0.010432,0.035252,0.021232,0.015959,0.017213,0.108196,0.067203,0.093838,0.012978,0.137722,0.030225,0.036363,0.059375
2243,-0.004501,-0.042464,-0.026920,-0.020310,-0.003013,-0.118411,-0.085732,-0.089581,-0.000665,-0.129301,-0.020009,-0.003744,-0.025537
2244,-0.003064,-0.017568,-0.012463,-0.010405,0.001119,-0.051648,-0.034454,-0.034683,0.000152,-0.045135,0.012232,0.006967,0.074391
2245,0.000697,-0.045394,-0.030284,-0.023595,0.005605,-0.130918,-0.090302,-0.092580,0.006764,-0.150702,-0.022786,0.016473,-0.004008
2246,0.012368,0.005350,0.000668,-0.002997,0.034097,0.033311,0.031270,0.049590,0.026224,0.057355,0.057865,0.079652,0.272573
2247,0.005664,0.013985,0.012542,0.007581,0.008686,0.038635,0.029133,0.027071,0.004092,0.063790,0.011981,0.059398,0.017436
2248,0.010781,-0.014670,-0.008580,-0.011203,0.028033,-0.013521,-0.002009,-0.021663,0.020714,0.020610,0.029792,0.069127,0.123241
2249,-0.003501,0.012567,0.006860,0.007541,-0.008413,0.015915,0.009701,0.020638,-0.006319,0.009006,-0.016492,-0.015239,-0.080983
2250,-0.003792,-0.008072,-0.009040,-0.007693,-0.008637,-0.011664,-0.016588,-0.046315,-0.008636,-0.017215,0.002807,-0.025653,-0.034930
2251,-0.003357,-0.019494,-0.017282,-0.012446,-0.006280,-0.068345,-0.046716,-0.068031,-0.005016,-0.104447,-0.009873,-0.024538,0.004225
2252,-0.001533,0.030547,0.017960,0.012429,-0.001463,0.135261,0.092994,0.103164,-0.003959,0.143425,0.055386,-0.008153,0.103033
2253,0.003192,-0.004407,-0.006790,-0.004899,0.005564,-0.025775,-0.021487,-0.036223,0.003651,-0.027872,-0.000288,0.021365,0.005955
2254,0.005891,0.042555,0.029649,0.022352,0.001383,0.129774,0.091527,0.099209,-0.001176,0.138458,0.028173,0.008319,0.041375
2255,-0.004711,0.015247,0.007420,0.006384,-0.011593,0.045535,0.026023,0.029798,-0.010317,0.037364,0.001152,-0.024198,-0.044142
2256,-0.000864,-0.037891,-0.022926,-0.017049,0.000026,-0.092820,-0.068287,-0.094275,0.000346,-0.104449,-0.009950,-0.009372,-0.005850
2257,0.003087,-0.010864,-0.005019,-0.002265,0.001596,-0.035481,-0.030694,-0.044866,0.001167,-0.044176,-0.027866,0.034369,-0.118433
2258,0.003834,-0.046754,-0.028934,-0.021017,0.010907,-0.136529,-0.099733,-0.126127,0.009535,-0.143009,-0.017082,0.023946,0.001234
2259,0.009360,-0.042313,-0.031027,-0.027898,0.026218,-0.092421,-0.058896,-0.070996,0.023363,-0.073775,0.022829,0.044752,0.191143
2260,0.008546,-0.035846,-0.012532,-0.006111,0.024524,-0.084613,-0.071210,-0.075259,0.017364,-0.083050,-0.021076,0.097744,-0.032459
2261,-0.007170,-0.123515,-0.070245,-0.054347,-0.020665,-0.292300,-0.218553,-0.307770,-0.011697,-0.359578,-0.093635,-0.026566,-0.272063
2262,0.000528,0.022014,0.014968,0.010210,0.007232,0.087219,0.062306,0.064413,0.004504,0.106008,0.032475,0.029208,0.041869
2263,-0.000757,-0.093310,-0.038373,-0.040962,0.007328,-0.084360,-0.058265,-0.055729,0.006751,-0.046870,-0.019693,0.069804,-0.092840
2264,0.001519,-0.072830,-0.039343,-0.027437,0.002983,-0.160828,-0.135312,-0.177470,0.004023,-0.205553,-0.061260,0.023610,-0.198796
2265,0.011429,0.105422,0.065151,0.049101,0.033935,0.301260,0.231168,0.308189,0.024971,0.330169,0.115069,0.105565,0.380939
2266,-0.002030,-0.032755,-0.022351,-0.018033,-0.004815,-0.070017,-0.058052,-0.079859,-0.004746,-0.082785,-0.007688,-0.010712,-0.012026
2267,0.012623,0.072542,0.039663,0.031230,0.030954,0.175563,0.128220,0.171851,0.021695,0.202958,0.106055,0.075627,0.431168
2268,0.012465,0.083101,0.038197,0.028700,0.021517,0.181005,0.141369,0.187827,0.016264,0.197655,0.120836,0.013965,0.487157
2269,-0.007340,-0.049101,-0.025163,-0.019040,-0.013360,-0.087413,-0.066400,-0.092018,-0.009508,-0.110392,-0.048797,-0.019992,-0.183400
2270,-0.000505,-0.022903,-0.012707,-0.012389,0.001385,-0.028338,-0.017192,-0.028788,0.003057,-0.034155,0.004753,-0.006025,0.015045
2271,0.013516,0.069071,0.038465,0.029474,0.027959,0.198797,0.145672,0.195162,0.020704,0.217829,0.108060,0.039877,0.394218
2272,0.013727,0.108658,0.055668,0.041401,0.015024,0.265733,0.192049,0.234684,0.007786,0.307222,0.154846,0.030938,0.528821
2273,0.007088,-0.037523,-0.023164,-0.016194,0.010897,-0.098606,-0.091673,-0.101965,0.005571,-0.095653,0.000942,0.041949,0.077169
2274,0.003532,-0.039263,-0.023573,-0.013582,0.000602,-0.128818,-0.109112,-0.135245,-0.000253,-0.149050,-0.053911,0.024554,-0.159406
2275,0.008438,-0.267654,-0.163251,-0.128189,0.009564,-0.651829,-0.490915,-0.670252,0.016016,-0.759604,-0.127718,0.047051,-0.273466
2276,0.011994,-0.217713,-0.135398,-0.103518,0.017939,-0.535089,-0.412799,-0.556475,0.018504,-0.628888,-0.115488,0.061172,-0.240811
2277,0.002710,0.175845,0.076545,0.059505,0.001962,0.425858,0.328312,0.437599,-0.000038,0.391100,0.159562,-0.006468,0.518731
2278,0.093154,0.178196,0.139393,0.102741,0.301689,0.448424,0.448083,0.560826,0.206148,0.489331,0.287948,0.939984,0.869700
2279,0.011636,0.171586,0.126790,0.094764,0.059475,0.493245,0.457962,0.573401,0.044751,0.531920,0.243143,0.106268,0.773731
2280,-0.005358,0.013030,-0.004929,-0.004312,-0.011869,0.019242,0.017533,0.022214,-0.008972,-0.006822,0.016493,-0.039770,0.089363
2281,0.005340,0.027660,0.012199,0.006911,0.021491,0.080831,0.075793,0.090717,0.016303,0.072305,0.031684,0.061755,0.076007
2282,-0.013255,0.022535,-0.001745,-0.004534,-0.026572,0.077200,0.063838,0.077501,-0.021529,0.038389,0.022253,-0.084454,0.058696
2283,-0.003613,-0.045738,-0.033651,-0.025442,-0.005053,-0.109581,-0.080565,-0.106216,-0.002627,-0.161576,-0.028131,-0.010620,-0.069444
2284,-0.001704,0.007274,-0.004185,-0.000036,0.000666,-0.005317,-0.008988,-0.013692,-0.000130,-0.053651,0.003187,0.022931,0.019663
2285,0.000514,0.116517,0.060346,0.043975,0.003476,0.304414,0.247645,0.299540,0.001863,0.285095,0.102642,0.016341,0.227233
2286,0.000570,-0.075748,-0.040393,-0.031312,0.008139,-0.202493,-0.138799,-0.179483,0.009050,-0.215802,-0.046697,0.038084,-0.111640
2287,0.001033,-0.163571,-0.089491,-0.067751,0.004338,-0.400753,-0.307532,-0.402189,0.009869,-0.436443,-0.082101,0.037717,-0.178738
2288,-0.000749,-0.096841,-0.057657,-0.045652,0.004051,-0.233639,-0.178190,-0.233323,0.003176,-0.252407,-0.033675,0.023528,-0.031206
2289,0.000058,-0.157796,-0.087492,-0.067775,0.013077,-0.395604,-0.296937,-0.391727,0.011744,-0.426802,-0.071646,0.054696,-0.136421
2290,0.004348,-0.003468,-0.022529,-0.014360,-0.001495,-0.070041,-0.042298,-0.039943,0.005578,-0.127337,-0.008394,-0.037346,0.025984
2291,0.004269,0.073317,0.047276,0.037998,0.005470,0.177288,0.143566,0.204843,0.003508,0.183755,0.022568,0.016008,-0.014001
2292,-0.000907,0.035581,0.025021,0.021727,-0.007988,0.076111,0.052142,0.072423,-0.006535,0.070938,0.010109,-0.010918,-0.006094
2293,-0.001370,-0.021803,-0.012788,-0.006908,0.001130,-0.043096,-0.034550,-0.037971,0.002443,-0.079660,0.009451,-0.038167,0.089577
2294,0.001101,-0.097984,-0.056303,-0.041486,0.007745,-0.264970,-0.196679,-0.248976,0.008538,-0.303497,-0.041203,0.015476,-0.038999
2295,0.004467,-0.241479,-0.136798,-0.107375,0.016218,-0.566764,-0.424841,-0.579295,0.019812,-0.644940,-0.126570,0.089568,-0.283129
2296,0.022489,-0.636692,-0.361995,-0.308763,0.047788,-1.273156,-0.926460,-1.422112,0.056076,-1.406378,-0.200303,0.223511,-0.375808
2297,-0.001983,-0.103518,-0.057314,-0.043007,0.003566,-0.253285,-0.198026,-0.248871,0.001305,-0.262456,-0.056916,0.044132,-0.142453
2298,0.007568,-0.038683,-0.012803,-0.012428,0.011844,-0.098623,-0.077904,-0.105824,0.008270,-0.048266,-0.007619,0.053602,-0.010287
2299,0.041694,-0.484194,-0.245148,-0.211503,0.178017,-1.146913,-0.820253,-1.244941,0.146735,-1.087211,-0.152670,0.762172,-0.286346
2300,0.012769,-0.268865,-0.158352,-0.126818,0.025523,-0.613109,-0.464689,-0.635210,0.027249,-0.686049,-0.122398,0.096646,-0.257434
2301,0.029227,-0.656552,-0.371767,-0.322663,0.071103,-1.314214,-0.958930,-1.489443,0.072745,-1.391073,-0.188208,0.295380,-0.348079
2302,0.029256,-0.484060,-0.274053,-0.229235,0.059279,-1.018393,-0.762834,-1.116708,0.060625,-1.072883,-0.169199,0.291255,-0.342249
2303,0.024889,-0.781265,-0.438868,-0.387565,0.066724,-1.505149,-1.085939,-1.745319,0.070022,-1.607483,-0.207526,0.307045,-0.373714
2304,0.023569,-0.861264,-0.481028,-0.430463,0.067187,-1.616600,-1.155264,-1.910483,0.069015,-1.729320,-0.215488,0.237639,-0.376939
2305,0.031140,-1.006474,-0.549813,-0.502547,0.085691,-1.821957,-1.280019,-2.216077,0.081074,-1.961287,-0.223935,0.452231,-0.383661
2306,0.028660,-0.758990,-0.426411,-0.375588,0.073556,-1.473988,-1.063211,-1.704713,0.073411,-1.566247,-0.203073,0.306761,-0.365956
2307,0.019030,-1.126828,-0.606052,-0.562754,0.074196,-1.962670,-1.358574,-2.421604,0.071296,-2.148442,-0.237163,0.326582,-0.401667
2308,0.023789,-1.109624,-0.598503,-0.554772,0.083887,-1.945041,-1.348532,-2.395797,0.079268,-2.121010,-0.237016,0.322289,-0.401464
2309,0.027726,-1.110938,-0.596323,-0.552763,0.093353,-1.947293,-1.349146,-2.401856,0.087968,-2.122045,-0.235814,0.400501,-0.400466
2310,0.030624,-1.101278,-0.591943,-0.548010,0.096430,-1.933915,-1.341549,-2.381912,0.089741,-2.107928,-0.236395,0.349350,-0.403169
2311,0.029272,-1.113929,-0.597550,-0.553924,0.095415,-1.952024,-1.353949,-2.407006,0.087712,-2.132463,-0.231685,0.527593,-0.391181
2312,0.034801,-1.111397,-0.598397,-0.554877,0.113916,-1.945816,-1.349580,-2.397280,0.102913,-2.119308,-0.237674,0.382641,-0.404016
2313,0.038197,-1.073090,-0.577773,-0.534660,0.121380,-1.902790,-1.321236,-2.336024,0.107362,-2.071455,-0.234272,0.377855,-0.403606
2314,0.075159,-1.084654,-0.584164,-0.541805,0.240795,-1.922304,-1.334678,-2.361707,0.207257,-2.081783,-0.236328,0.783445,-0.404070
2315,0.023891,-1.103231,-0.593273,-0.549964,0.083747,-1.937528,-1.341953,-2.388209,0.080729,-2.114339,-0.238652,0.235302,-0.408244
2316,0.006145,-0.113426,-0.067785,-0.052380,0.011838,-0.263211,-0.209528,-0.283535,0.011911,-0.287248,-0.053154,0.026618,-0.114566
2317,0.025439,-0.949259,-0.525374,-0.476449,0.072130,-1.744358,-1.231307,-2.096957,0.075930,-1.878348,-0.225536,0.213253,-0.389865
2318,0.013129,-0.249131,-0.152368,-0.120296,0.009121,-0.579832,-0.448917,-0.617468,0.015052,-0.659558,-0.114711,0.011728,-0.221682
2319,-0.001529,-0.021971,-0.012568,-0.007527,-0.004022,-0.057512,-0.046634,-0.055472,-0.004367,-0.070163,-0.036551,0.008193,-0.117788
2320,0.000323,-0.089319,-0.048050,-0.035382,0.003555,-0.241675,-0.175167,-0.225527,0.005152,-0.251311,-0.056101,-0.003381,-0.124649
2321,0.007372,-0.217463,-0.127078,-0.099250,0.020269,-0.511871,-0.390584,-0.518275,0.020016,-0.557573,-0.125880,0.116683,-0.288959
2322,-0.002425,-0.038973,-0.025692,-0.017647,-0.001421,-0.117488,-0.084399,-0.113624,-0.000214,-0.152623,-0.031066,-0.004576,-0.065756
2323,0.010062,0.051656,0.033684,0.023871,0.014971,0.157769,0.117311,0.149941,0.010768,0.175505,0.066864,0.032795,0.215750
2324,0.008385,0.056008,0.028262,0.023298,0.018466,0.147217,0.105096,0.122500,0.015139,0.132526,0.040314,0.046245,0.080954
2325,0.012359,0.107912,0.059717,0.043454,0.022904,0.289784,0.225768,0.279855,0.017279,0.316327,0.136734,0.041997,0.456862
2326,0.012652,0.027331,0.017080,0.012876,0.027719,0.075562,0.056992,0.071249,0.021812,0.093313,0.056010,0.050766,0.193715
2327,0.018022,-0.096170,-0.043701,-0.031172,0.039308,-0.229847,-0.179656,-0.245582,0.034315,-0.262716,-0.048890,0.124596,-0.107263
2328,0.004636,-0.123504,-0.083973,-0.059580,0.004908,-0.345258,-0.263576,-0.332570,0.007482,-0.428933,-0.094344,0.015399,-0.187499
2329,0.007342,0.109813,0.057653,0.038593,0.033578,0.359076,0.296537,0.427667,0.022386,0.355392,0.160797,0.073136,0.564081
2330,-0.006896,-0.112848,-0.063412,-0.048241,-0.005986,-0.271171,-0.196815,-0.254957,-0.002062,-0.304832,-0.050070,-0.036499,-0.096236
2331,0.000764,0.079819,0.031997,0.028121,-0.000677,0.153498,0.109250,0.153727,-0.002772,0.120439,0.058055,-0.027140,0.210158
2332,0.007711,-0.155177,-0.082190,-0.068948,0.021798,-0.342772,-0.252995,-0.352329,0.019372,-0.328134,-0.027837,0.023049,0.024315
2333,0.030478,-0.741001,-0.412333,-0.362937,0.094720,-1.453654,-1.052788,-1.678619,0.087871,-1.515968,-0.197124,0.457771,-0.358344
2334,0.045528,-0.708337,-0.396797,-0.347458,0.128769,-1.403867,-1.021392,-1.604197,0.114952,-1.458285,-0.190896,0.607054,-0.348972
2335,0.037897,-0.658208,-0.368266,-0.322652,0.132719,-1.329262,-0.964149,-1.501590,0.113717,-1.367332,-0.186118,0.501490,-0.345551
2336,0.029994,-0.666683,-0.370805,-0.324896,0.084912,-1.328359,-0.966066,-1.516980,0.077200,-1.367005,-0.184629,0.274889,-0.338004
2337,0.021785,-0.524924,-0.297003,-0.255276,0.057201,-1.104021,-0.810972,-1.218760,0.053836,-1.133230,-0.164223,0.179609,-0.303825
2338,0.030820,-0.680362,-0.379705,-0.332884,0.088824,-1.359927,-0.983452,-1.545365,0.082967,-1.410042,-0.190567,0.284842,-0.349582
2339,0.030224,-0.407953,-0.213470,-0.177400,0.089809,-0.913021,-0.674495,-0.985968,0.079510,-0.887534,-0.132829,0.356771,-0.266433
2340,0.009892,-0.291979,-0.160881,-0.131052,0.029293,-0.664460,-0.491454,-0.695868,0.032828,-0.695836,-0.119688,0.056164,-0.236625
2341,0.004583,0.061591,0.032743,0.024841,0.006061,0.139527,0.105209,0.128428,0.000581,0.142664,0.052293,-0.016273,0.188190
2342,0.001507,-0.114747,-0.062873,-0.053697,0.012257,-0.283846,-0.197645,-0.236143,0.008589,-0.267025,-0.037881,0.017510,0.006196
2343,0.001308,-0.062134,-0.034946,-0.028791,0.005230,-0.151901,-0.106739,-0.137280,0.004734,-0.149065,-0.007795,-0.024478,0.049333
2344,0.065211,-0.017071,0.016567,0.018370,0.231714,-0.215450,-0.074098,-0.107991,0.171669,-0.122837,-0.003188,0.892986,0.016560
2345,-0.003732,0.186015,0.091808,0.075258,-0.014598,0.410206,0.316658,0.422790,-0.015211,0.355909,0.101471,-0.070773,0.289566
2346,0.001827,0.034068,0.013039,0.010786,0.003150,0.055165,0.044891,0.073424,-0.000277,0.053134,0.009219,0.010053,0.046703
2347,-0.011790,-0.056602,-0.034648,-0.024487,-0.022276,-0.195085,-0.131923,-0.187834,-0.016426,-0.232396,-0.032872,-0.088439,-0.052530
2348,-0.001657,-0.063984,-0.035777,-0.026407,0.002365,-0.189459,-0.136048,-0.179564,0.003496,-0.198344,-0.010343,-0.026090,0.043166
2349,0.004433,-0.079516,-0.039004,-0.035321,0.020138,-0.151868,-0.116135,-0.121684,0.011679,-0.089055,-0.012821,0.044475,0.023142
2350,0.042371,-0.038818,-0.012611,-0.009587,0.132776,-0.170349,-0.087531,-0.104384,0.101412,-0.106784,0.013764,0.423628,0.105187
2351,0.014166,0.025646,0.000530,0.000070,0.033138,0.059908,0.046700,0.050054,0.022680,0.029965,0.043920,0.022785,0.190116
2352,-0.008868,-0.055304,-0.045046,-0.037190,-0.013283,-0.103645,-0.080390,-0.104561,-0.010037,-0.141586,-0.029492,-0.037559,-0.063026
2353,-0.012733,-0.072878,-0.051421,-0.042051,-0.022503,-0.149173,-0.115615,-0.159893,-0.017228,-0.182918,-0.047844,-0.058274,-0.132735
2354,-0.000944,-0.126084,-0.074952,-0.061464,0.008209,-0.289728,-0.210565,-0.289505,0.009290,-0.312219,-0.050406,0.012678,-0.089905
2355,0.006837,-0.199649,-0.122714,-0.095694,0.017046,-0.474449,-0.359530,-0.482422,0.017662,-0.536055,-0.135841,0.084120,-0.308797
2356,0.014562,0.019123,0.011032,0.007114,0.034522,0.095175,0.071929,0.107967,0.027602,0.088781,0.040679,0.096030,0.089671
2357,0.003139,-0.215656,-0.121210,-0.097608,0.015694,-0.497306,-0.370302,-0.504281,0.016617,-0.536307,-0.105938,0.023294,-0.232781
2358,0.012658,0.036107,0.020344,0.011147,0.028446,0.177597,0.128758,0.178355,0.020999,0.188892,0.049284,0.101387,0.054946
2359,0.017610,-0.049853,-0.014361,-0.015052,0.033061,-0.013850,-0.028641,-0.027940,0.024394,0.008866,0.034019,0.193829,0.101226
2360,0.008207,-0.163416,-0.093304,-0.073464,0.017609,-0.330612,-0.249846,-0.296993,0.021984,-0.385030,-0.120261,0.141679,-0.321234
2361,0.013306,-0.239004,-0.133768,-0.105561,0.039734,-0.505150,-0.382900,-0.489619,0.031762,-0.553485,-0.154569,0.200332,-0.364085
2362,0.013715,-0.322111,-0.194974,-0.151776,0.026400,-0.752261,-0.563428,-0.759712,0.026309,-0.872010,-0.184261,0.161795,-0.397422
2363,0.013130,0.256456,0.158521,0.128118,0.033618,0.568581,0.486528,0.621186,0.025142,0.557049,0.346461,0.077436,1.289839
2364,0.036665,0.359543,0.244268,0.203611,0.093845,0.728058,0.633642,0.788939,0.060999,0.754808,0.442201,0.165793,1.607055
2365,0.009257,0.124440,0.067506,0.057763,0.020071,0.283576,0.224920,0.320161,0.018031,0.222960,0.061567,0.046031,0.123245
2366,0.015997,-0.690412,-0.390844,-0.339372,0.041392,-1.367347,-0.980045,-1.531198,0.046696,-1.466477,-0.204757,0.249345,-0.370382
2367,0.011573,-0.682030,-0.384922,-0.333236,0.031816,-1.345453,-0.965622,-1.503555,0.042820,-1.453532,-0.203725,0.178568,-0.372936
2368,0.026948,-0.183583,-0.096174,-0.076496,0.060043,-0.364855,-0.297440,-0.390614,0.047145,-0.352032,-0.133191,0.327274,-0.337064
2369,0.021664,-0.417873,-0.236904,-0.194560,0.050945,-0.901518,-0.667642,-0.971605,0.044569,-0.966946,-0.167364,0.208892,-0.332745
2370,0.026982,-0.707649,-0.398088,-0.347093,0.070515,-1.371582,-0.987751,-1.538116,0.068958,-1.452050,-0.201102,0.392751,-0.370161
2371,0.026694,-0.684099,-0.387172,-0.335848,0.068617,-1.334858,-0.962034,-1.476030,0.070656,-1.426969,-0.205876,0.379016,-0.380083
2372,0.029823,-0.486583,-0.276814,-0.232514,0.081238,-0.981956,-0.718401,-1.017799,0.076319,-1.040041,-0.186033,0.452499,-0.378817
2373,0.029682,-0.799380,-0.445686,-0.394329,0.078617,-1.515249,-1.081072,-1.734508,0.081801,-1.620035,-0.213197,0.420924,-0.381872
2374,0.025831,-0.746639,-0.420116,-0.368489,0.057928,-1.452143,-1.041465,-1.657240,0.058535,-1.545221,-0.209659,0.285973,-0.374767
2375,0.043694,0.149200,0.104109,0.077398,0.114286,0.372243,0.328622,0.382193,0.077475,0.454791,0.259660,0.289616,1.039269
2376,0.030148,-0.196063,-0.108873,-0.088083,0.072510,-0.430472,-0.315680,-0.395142,0.060780,-0.453153,-0.126056,0.355370,-0.301197
2377,0.019593,-0.761308,-0.428234,-0.376425,0.065753,-1.456858,-1.039977,-1.653006,0.068454,-1.562530,-0.213974,0.338885,-0.386834
2378,0.022296,-0.751949,-0.424912,-0.374087,0.072902,-1.443793,-1.032188,-1.641149,0.070141,-1.530217,-0.208163,0.366636,-0.375569
2379,0.016090,-0.833171,-0.466170,-0.414262,0.058168,-1.568974,-1.112813,-1.817340,0.063130,-1.688559,-0.218280,0.332261,-0.385145
2380,0.020050,-0.880484,-0.484159,-0.434020,0.075682,-1.648484,-1.167781,-1.937792,0.073485,-1.765013,-0.220947,0.299729,-0.386524
2381,0.016404,-0.768253,-0.429005,-0.378038,0.052964,-1.472987,-1.054458,-1.683261,0.051673,-1.562055,-0.209555,0.291381,-0.377214
2382,0.022233,-0.817111,-0.454922,-0.403344,0.071725,-1.545568,-1.097794,-1.781102,0.073628,-1.654321,-0.214449,0.414178,-0.382696
2383,0.014633,-0.836385,-0.465289,-0.413104,0.048761,-1.564370,-1.112026,-1.812701,0.056592,-1.689520,-0.218745,0.283650,-0.387423
2384,0.018499,-0.788104,-0.440651,-0.389268,0.055748,-1.491085,-1.067166,-1.710702,0.055961,-1.588340,-0.211458,0.308239,-0.380299
2385,0.019637,-0.645077,-0.362110,-0.310859,0.044151,-1.299698,-0.943937,-1.459638,0.049861,-1.394275,-0.199308,0.195955,-0.367347
2386,0.032754,-0.240568,-0.131874,-0.105058,0.076342,-0.527465,-0.405961,-0.549013,0.061154,-0.564277,-0.161546,0.451986,-0.373144
2387,-0.005352,-0.044896,-0.029137,-0.022247,-0.005959,-0.084289,-0.059238,-0.075683,-0.005114,-0.101823,-0.022420,-0.016068,-0.037451
2388,0.021735,0.083940,0.048135,0.034976,0.051850,0.246783,0.200921,0.256445,0.042525,0.248346,0.130060,0.145284,0.527502
2389,-0.009070,-0.031439,-0.024467,-0.017037,-0.013392,-0.091999,-0.050114,-0.071843,-0.008211,-0.131379,-0.045939,-0.032562,-0.124741
2390,0.010285,0.071001,0.034970,0.029548,0.022357,0.110255,0.085564,0.084209,0.012694,0.111822,0.031904,0.070742,0.118511
2391,0.004455,-0.047138,-0.032539,-0.023172,0.010367,-0.180099,-0.136174,-0.195003,0.006458,-0.208755,-0.047294,0.019768,-0.086212
2392,-0.002461,-0.292127,-0.185110,-0.154164,0.000323,-0.699933,-0.509024,-0.722729,0.009602,-0.765092,-0.113080,0.012312,-0.231789
2393,-0.002741,-0.567429,-0.325282,-0.274262,-0.006356,-1.189999,-0.854865,-1.285143,0.012738,-1.320660,-0.199570,0.062116,-0.382587
2394,0.005349,-0.498073,-0.280242,-0.232926,0.006233,-1.083893,-0.783830,-1.184192,0.020568,-1.200927,-0.196517,0.089609,-0.389299
2395,-0.000563,-0.219071,-0.141377,-0.114437,0.003723,-0.585809,-0.429842,-0.606786,0.006651,-0.641288,-0.093292,0.035133,-0.176676
2396,0.012606,-0.110381,-0.066485,-0.049158,0.027159,-0.317759,-0.226115,-0.296381,0.032349,-0.377557,-0.082059,0.125427,-0.180342
2397,0.018093,-0.091256,-0.041237,-0.026378,0.025549,-0.307851,-0.236962,-0.358320,0.022172,-0.329837,-0.109218,0.122035,-0.242731
2398,0.027177,0.091458,0.061935,0.043332,0.055968,0.274494,0.203021,0.226945,0.032552,0.349478,0.176004,0.130752,0.617508
2399,0.015550,0.027415,0.016531,0.012124,0.032766,0.084644,0.058658,0.075918,0.025064,0.098815,0.048318,0.101765,0.166756
2400,0.001788,-0.172034,-0.105038,-0.079561,0.003692,-0.454394,-0.341824,-0.458442,0.004956,-0.527282,-0.107225,0.060733,-0.262436
2401,0.011633,0.031600,0.010531,0.005558,0.026193,0.072473,0.061024,0.064006,0.018879,0.098662,0.066373,0.037412,0.245969
2402,0.005063,0.028154,0.011450,0.008382,0.012724,0.115688,0.098676,0.162970,0.010689,0.111848,0.059695,0.022258,0.170286
2403,0.013895,0.060089,0.039130,0.028820,0.033533,0.188754,0.150751,0.203190,0.019382,0.229549,0.101863,0.052699,0.334643
2404,0.014772,-0.023153,-0.012219,-0.009368,0.028053,-0.045051,-0.023293,-0.010712,0.027989,-0.041649,0.021867,0.047776,0.128356
2405,-0.009937,-0.131613,-0.062277,-0.044146,-0.012597,-0.276495,-0.213118,-0.262295,-0.003077,-0.343690,-0.107323,-0.019095,-0.303126
2406,-0.002723,-0.027972,-0.019956,-0.006926,-0.001856,-0.140487,-0.105134,-0.109324,0.000501,-0.217064,-0.080879,0.047500,-0.246691
2407,0.005646,-0.029083,-0.018314,-0.012943,0.011669,-0.081421,-0.059228,-0.062231,0.014895,-0.132477,-0.033901,0.075292,-0.086520
2408,0.042167,0.209464,0.173416,0.138896,0.129223,0.542193,0.430034,0.512605,0.080786,0.665535,0.281596,0.405060,1.084651
2409,0.013790,0.054768,0.034751,0.023464,0.033930,0.146456,0.099559,0.091458,0.016008,0.184193,0.042143,0.085874,0.118351
2410,-0.016219,-0.221371,-0.134060,-0.110607,-0.023919,-0.460191,-0.344918,-0.453149,-0.011972,-0.494693,-0.081408,-0.069822,-0.193433
2411,-0.007224,-0.280019,-0.176582,-0.151695,-0.009106,-0.596988,-0.435198,-0.595985,-0.003289,-0.618596,-0.081004,-0.055996,-0.152810
2412,0.025100,0.117924,0.069816,0.055514,0.069290,0.316365,0.268905,0.393443,0.053930,0.289574,0.117114,0.210296,0.319306
2413,0.001954,0.015531,0.006906,0.005851,0.008794,0.034716,0.033110,0.063357,0.008500,0.037485,0.039404,0.011115,0.130547
2414,0.000340,-0.128986,-0.071392,-0.053117,0.001234,-0.365241,-0.282049,-0.389087,0.003936,-0.402380,-0.120422,0.024044,-0.276246
2415,-0.006279,-0.083849,-0.046112,-0.034425,-0.007847,-0.207654,-0.157387,-0.207349,-0.003404,-0.236057,-0.069168,0.004365,-0.179101
2416,-0.010420,-0.050091,-0.027632,-0.020189,-0.018798,-0.134355,-0.094632,-0.120844,-0.011665,-0.173995,-0.040821,-0.044077,-0.083032
2417,0.014777,-0.008087,-0.011286,-0.008798,0.035187,0.011517,-0.000729,0.021935,0.031805,-0.020883,0.056705,0.041670,0.266915
2418,-0.028968,-0.150875,-0.100095,-0.078890,-0.041922,-0.400318,-0.293976,-0.437297,-0.036489,-0.486487,-0.098249,-0.121744,-0.242460
2419,0.006348,0.054513,0.022010,0.017090,0.010198,0.113077,0.074357,0.105571,0.003784,0.100259,0.063553,-0.001068,0.224894
2420,0.037048,0.072448,0.042095,0.031163,0.086255,0.168616,0.118833,0.148029,0.061992,0.200978,0.116449,0.195883,0.435864
2421,-0.001595,-0.019853,-0.007416,-0.005205,0.001676,-0.019825,-0.023515,-0.035092,-0.000921,-0.015015,-0.027081,-0.005026,-0.116908
2422,0.018666,0.078982,0.075034,0.062340,0.071059,0.256607,0.168583,0.206072,0.043125,0.304861,0.090929,0.166208,0.293238
2423,-0.018592,-0.170938,-0.096190,-0.075156,-0.033017,-0.383943,-0.296524,-0.385677,-0.018230,-0.443801,-0.121766,-0.040299,-0.337365
2424,-0.023856,-0.216640,-0.125431,-0.101979,-0.038123,-0.479578,-0.357500,-0.487574,-0.027795,-0.530864,-0.142764,-0.068974,-0.365154
2425,-0.007179,-0.142048,-0.084819,-0.065606,-0.021519,-0.330343,-0.230500,-0.266564,-0.001469,-0.398453,-0.110265,-0.052717,-0.283130
2426,-0.023387,-0.134739,-0.082223,-0.062854,-0.044803,-0.315748,-0.238834,-0.297409,-0.031649,-0.402646,-0.113807,-0.082820,-0.314848
2427,-0.016751,-0.159235,-0.092871,-0.073078,-0.033488,-0.388486,-0.298951,-0.408440,-0.029165,-0.432848,-0.137886,-0.065879,-0.355174
2428,-0.027863,-0.131510,-0.088207,-0.064605,-0.054173,-0.340460,-0.260283,-0.325253,-0.039372,-0.446160,-0.125137,-0.076908,-0.342870
2429,-0.024416,-0.221233,-0.137174,-0.108102,-0.047147,-0.531005,-0.398015,-0.539487,-0.033330,-0.631924,-0.151874,-0.094134,-0.371955
2430,-0.015274,-0.217859,-0.126703,-0.102365,-0.032842,-0.496250,-0.379472,-0.523110,-0.026642,-0.538683,-0.152587,-0.060541,-0.375637
2431,-0.028328,-0.221179,-0.136442,-0.110608,-0.051408,-0.484798,-0.359229,-0.457900,-0.034970,-0.562802,-0.146361,-0.091701,-0.370836
2432,-0.009437,-0.378060,-0.213892,-0.176924,-0.022702,-0.837957,-0.617957,-0.897634,-0.010767,-0.909181,-0.181754,0.003233,-0.398467
2433,-0.001685,-0.212966,-0.109072,-0.081634,-0.008900,-0.575226,-0.439491,-0.653985,-0.006052,-0.634765,-0.161771,0.030994,-0.369405
2434,-0.019663,-0.303627,-0.179861,-0.145344,-0.041574,-0.694723,-0.523711,-0.719778,-0.025964,-0.781381,-0.167877,-0.011243,-0.403895
2435,-0.021211,-0.301019,-0.186719,-0.156273,-0.038628,-0.671540,-0.498206,-0.699420,-0.029710,-0.707483,-0.150964,-0.092323,-0.356701
2436,-0.016167,-0.296476,-0.180659,-0.148056,-0.033135,-0.661396,-0.485980,-0.640351,-0.019418,-0.735802,-0.164055,-0.036539,-0.378926
2437,-0.021617,-0.284720,-0.168767,-0.136591,-0.042713,-0.644481,-0.480432,-0.651999,-0.028655,-0.721698,-0.158666,-0.010116,-0.395079
2438,-0.022209,-0.250907,-0.159238,-0.133365,-0.039801,-0.561891,-0.415227,-0.570524,-0.033248,-0.595708,-0.146067,-0.099479,-0.362025
2439,-0.016234,-0.315970,-0.195584,-0.162904,-0.035298,-0.727116,-0.521190,-0.701363,-0.019101,-0.801609,-0.155765,-0.053469,-0.343493
2440,-0.025990,-0.330143,-0.199352,-0.162335,-0.049476,-0.727264,-0.538699,-0.732083,-0.032061,-0.819976,-0.184156,-0.088324,-0.416690
2441,-0.012890,-0.171540,-0.107165,-0.087780,-0.028906,-0.405936,-0.303354,-0.401632,-0.023832,-0.443444,-0.130003,-0.034809,-0.341513
2442,-0.023672,-0.245437,-0.152566,-0.125477,-0.042587,-0.551492,-0.402606,-0.518039,-0.026706,-0.629212,-0.143966,-0.062684,-0.353435
2443,-0.020296,-0.208700,-0.129465,-0.108607,-0.035113,-0.434234,-0.318828,-0.415221,-0.023857,-0.485309,-0.115392,-0.055784,-0.303451
2444,-0.026761,-0.248954,-0.151228,-0.123915,-0.049015,-0.527340,-0.396671,-0.531254,-0.032635,-0.600027,-0.151170,-0.085992,-0.374731
2445,-0.009237,-0.129445,-0.078202,-0.063812,-0.020078,-0.280289,-0.216897,-0.285271,-0.014859,-0.307212,-0.106692,-0.018391,-0.297903
2446,-0.013482,-0.144143,-0.089113,-0.071543,-0.029190,-0.309159,-0.232372,-0.300448,-0.016442,-0.371935,-0.088434,-0.069418,-0.238765
2447,-0.002677,0.035361,0.038784,0.031196,0.004469,0.117885,0.075038,0.091666,-0.000048,0.116055,0.003464,0.052556,-0.033817
2448,0.025665,0.159360,0.111196,0.092665,0.083650,0.417501,0.309140,0.428250,0.055750,0.404641,0.099462,0.250792,0.327176
2449,0.011131,0.111133,0.077630,0.065468,0.032937,0.285631,0.211703,0.305776,0.024147,0.254206,0.047914,0.096719,0.131151
2450,-0.001460,-0.043388,-0.027365,-0.024201,0.003905,-0.067331,-0.061332,-0.069405,-0.000401,-0.056035,-0.000948,-0.000783,0.009968
2451,0.005727,-0.056944,-0.027807,-0.019481,0.020959,-0.192731,-0.144789,-0.187117,0.014444,-0.238315,-0.073643,0.187275,-0.240081
2452,0.003858,0.004681,0.004586,0.007113,0.009692,-0.043015,-0.017716,-0.031594,0.013878,-0.091060,-0.024985,0.061596,-0.120733
2453,0.009340,0.078506,0.058731,0.045091,0.006105,0.099598,0.081021,0.024019,0.006570,0.098682,-0.011763,0.079460,-0.070527
2454,0.043734,0.044844,0.033478,0.029756,0.091105,0.106520,0.057967,0.072806,0.065807,0.112494,0.056978,0.177721,0.342533
2455,-0.016178,0.016918,0.009979,0.005403,-0.027174,0.027242,0.019427,-0.012815,-0.025883,0.026853,-0.025470,-0.071042,-0.115852
2456,-0.037725,0.374980,0.203107,0.182583,-0.051245,0.568950,0.510044,0.724878,-0.036513,0.334646,0.030024,-0.067705,0.009888
2457,-0.024718,-0.061569,-0.023000,-0.022105,-0.046957,-0.122149,-0.091364,-0.146009,-0.036201,-0.140598,-0.039647,-0.055400,-0.158117
2458,-0.009873,-0.056454,-0.029572,-0.023589,-0.013329,-0.116519,-0.087115,-0.113511,-0.004010,-0.182274,0.004517,-0.063120,0.066240
2459,-0.024361,-0.111322,-0.059342,-0.049897,-0.039544,-0.257608,-0.184881,-0.275249,-0.027844,-0.278133,-0.051687,-0.087490,-0.160379
2460,0.002402,0.163371,0.105505,0.084503,-0.009949,0.334091,0.264228,0.307121,-0.005746,0.285297,0.146628,-0.025385,0.626946
2461,-0.021052,0.047418,0.022014,0.024021,-0.040787,0.045200,0.057576,0.092521,-0.024531,-0.046805,-0.031450,-0.083277,-0.119066
2462,-0.021754,0.048569,0.028673,0.027084,-0.042831,0.073518,0.070910,0.104554,-0.026614,-0.006005,0.000380,-0.100305,-0.029277
2463,-0.030202,-0.037614,-0.017420,-0.013950,-0.051456,-0.075065,-0.046326,-0.069780,-0.038270,-0.119483,-0.044379,-0.089436,-0.181344
2464,-0.029255,-0.100836,-0.059183,-0.054003,-0.052431,-0.183196,-0.122101,-0.148742,-0.038178,-0.221820,-0.014711,-0.120465,-0.011152
2465,0.010599,0.001526,-0.005315,-0.012538,0.024466,0.054669,0.059242,0.122334,0.030255,0.019438,0.100579,0.042165,0.520803
2466,-0.006360,-0.060776,-0.035236,-0.031836,-0.006466,-0.091514,-0.076187,-0.112225,-0.007463,-0.084460,0.005589,-0.034754,0.056337
2467,-0.009976,0.053189,0.034444,0.027031,-0.014960,0.198577,0.145084,0.198134,-0.011789,0.157495,0.074973,-0.040666,0.223124
2468,-0.018204,0.112080,0.061098,0.056796,-0.032668,0.249523,0.186348,0.257546,-0.024794,0.150438,0.018378,-0.085458,-0.004736
2469,-0.014527,0.034275,0.018743,0.016533,-0.017766,0.147067,0.113645,0.150204,-0.017474,0.086754,0.041853,-0.071944,0.071667
2470,-0.006572,0.074566,0.031683,0.030321,-0.012587,0.152985,0.129168,0.182572,-0.011108,0.088847,-0.015007,-0.019185,-0.094164
2471,0.004695,0.049984,0.026570,0.021826,0.004652,0.117635,0.089970,0.086250,-0.002441,0.128255,-0.006862,0.022697,-0.022416
2472,-0.000297,0.073123,0.038856,0.031243,-0.004225,0.169687,0.118560,0.114629,-0.010757,0.185268,0.004703,-0.012530,-0.045877
2473,-0.017713,0.027978,0.013867,0.014223,-0.034852,0.065721,0.040147,0.058266,-0.033464,0.013668,0.001737,-0.048051,-0.055736
2474,-0.015880,0.025546,0.021597,0.019864,-0.025337,0.092264,0.045224,0.035578,-0.029939,0.081839,0.048416,-0.010287,0.105642
2475,-0.024176,0.027199,0.013309,0.017356,-0.040132,0.052726,0.022557,0.043154,-0.042282,-0.010544,-0.006531,-0.057809,-0.103123
2476,-0.019656,0.048025,0.024815,0.023046,-0.033649,0.129404,0.097692,0.135177,-0.035053,0.068855,0.002305,-0.059732,-0.070359
2477,-0.017275,-0.012439,-0.004150,-0.005348,-0.020062,0.023013,0.001846,-0.017202,-0.026121,0.028795,-0.017307,-0.012061,-0.108883
2478,-0.012135,0.096935,0.054370,0.043752,-0.011205,0.277191,0.213670,0.297045,-0.016372,0.193177,0.075527,0.007470,0.243725
2479,0.033082,-0.005660,-0.000574,0.001081,0.030169,-0.084011,-0.041006,-0.041402,0.035052,-0.110309,0.001819,0.046632,0.115391
2480,0.004830,-0.021198,-0.018875,-0.013390,-0.023762,-0.171545,-0.121641,-0.175615,-0.014253,-0.191888,-0.062108,-0.044332,-0.156025
2481,-0.002388,0.055957,0.034324,0.034482,-0.013111,0.097619,0.078830,0.119333,-0.007952,0.020350,-0.011446,-0.026938,-0.098399
2482,-0.016378,0.025908,0.008274,0.008536,-0.029001,0.084259,0.042086,0.015691,-0.037247,0.120240,0.014308,-0.071677,-0.045724
2483,-0.004877,0.124447,0.063039,0.054688,-0.016040,0.266177,0.181187,0.210772,-0.021337,0.266743,0.123936,0.003875,0.412054
2484,-0.014513,0.009675,0.008806,0.012894,-0.038392,-0.022767,-0.031757,-0.063411,-0.037487,-0.030311,0.072770,-0.018873,0.237479
2485,-0.013400,0.021571,0.007834,0.015267,-0.037679,-0.030087,-0.028184,-0.074725,-0.036059,-0.060925,-0.034322,-0.063834,-0.176422
2486,-0.010109,0.108355,0.040004,0.035187,-0.016131,0.216854,0.149823,0.216884,-0.022814,0.190146,0.015356,-0.041740,-0.008034
2487,-0.006388,0.192066,0.097215,0.092297,-0.026799,0.339435,0.238802,0.284064,-0.031531,0.291674,0.139910,-0.055287,0.415800
2488,-0.024438,-0.020627,-0.018987,-0.006491,-0.051294,-0.151150,-0.134119,-0.225484,-0.048821,-0.177380,-0.029433,-0.079494,-0.163304
2489,0.007949,0.068482,0.041863,0.038689,0.004098,0.146053,0.102847,0.079545,0.002105,0.141509,0.014240,0.005442,0.031356
2490,0.011501,-0.057387,-0.031272,-0.025696,0.034733,-0.104349,-0.079118,-0.119181,0.026488,-0.088957,-0.033483,0.065621,-0.130525
2491,-0.022739,-0.059016,-0.049291,-0.038328,-0.044482,-0.193888,-0.145305,-0.241988,-0.041320,-0.181809,-0.073926,-0.117203,-0.240220
2492,0.029913,0.121333,0.067358,0.053408,0.052715,0.321518,0.239150,0.312266,0.039261,0.318163,0.120433,0.134993,0.429812
2493,0.024422,0.107005,0.072811,0.061124,0.051178,0.333448,0.216347,0.310211,0.032692,0.346639,0.088104,0.181544,0.130742
2494,-0.001242,-0.038782,-0.029723,-0.027054,-0.002560,-0.089842,-0.067375,-0.070232,-0.000450,-0.080368,0.012224,-0.002655,0.093897
2495,-0.000709,0.043017,0.019623,0.020567,0.004275,0.079872,0.049829,0.069787,0.003644,0.066536,-0.001366,0.065991,-0.089489
2496,-0.004429,0.143927,0.067317,0.064332,-0.002108,0.297523,0.221157,0.289888,-0.002368,0.240185,0.070587,0.015394,0.111561
2497,0.016480,-0.042869,-0.005207,-0.009913,0.024560,-0.013052,-0.020304,-0.074820,0.024141,0.064848,0.008285,0.100974,-0.002123
2498,0.015174,-0.006514,0.003044,-0.002096,0.013812,-0.010573,-0.000416,-0.029193,0.019495,0.013329,0.025596,-0.013498,0.137612
2499,0.026393,0.238633,0.096266,0.096382,0.062493,0.391787,0.339341,0.514982,0.055524,0.229832,0.036665,0.156288,0.095672
2500,0.004493,0.085967,0.032569,0.031010,0.010277,0.139342,0.114724,0.178477,0.011247,0.071898,0.025716,-0.002520,0.112892
2501,0.047009,0.167915,0.061020,0.058151,0.112804,0.292796,0.269492,0.380724,0.096894,0.207869,0.100159,0.258299,0.441340
2502,0.003900,-0.073124,-0.036052,-0.039170,-0.007289,-0.093945,-0.072155,-0.115906,-0.002896,-0.086674,0.058468,-0.032350,0.312553
2503,0.023448,0.205791,0.109509,0.099002,0.039367,0.442832,0.352321,0.481701,0.036993,0.353120,0.095931,0.109622,0.258371
2504,-0.012237,-0.032836,-0.011784,-0.014407,-0.014489,-0.009899,-0.006829,-0.027030,-0.012714,-0.020452,0.029739,-0.036573,0.097938
2505,0.005462,0.067579,0.040802,0.038653,-0.000959,0.183744,0.126655,0.159519,0.003286,0.180405,0.017309,0.072259,-0.027689
2506,0.012375,0.082511,0.043422,0.042051,0.004521,0.167148,0.121333,0.148073,0.009757,0.160863,0.016200,0.057025,-0.004488
2507,-0.015793,-0.112877,-0.057138,-0.056249,-0.023698,-0.176444,-0.137492,-0.211645,-0.021080,-0.154519,-0.035477,-0.057957,-0.102670
2508,-0.019300,-0.018000,-0.014460,-0.012772,-0.026898,-0.045761,-0.034741,-0.029781,-0.025121,-0.089048,-0.026559,-0.049301,-0.093609
2509,-0.008596,-0.120530,-0.071996,-0.061860,-0.015198,-0.263642,-0.204050,-0.299799,-0.010430,-0.236951,-0.022485,-0.038193,0.005549
2510,-0.019037,0.085302,0.029282,0.038126,-0.050492,0.057489,0.002118,0.067705,-0.032006,-0.072669,-0.030599,-0.096951,-0.157973
2511,0.001138,-0.069900,-0.033238,-0.033858,-0.001614,-0.082741,-0.066135,-0.099515,0.000286,-0.040496,0.007369,0.018982,0.003549
2512,0.009747,-0.090537,-0.047119,-0.048420,0.021241,-0.093225,-0.069819,-0.114541,0.019540,-0.060627,0.077523,0.022958,0.379555
2513,-0.008909,-0.151272,-0.073084,-0.065392,-0.018307,-0.323899,-0.272037,-0.375486,-0.017856,-0.246905,0.601384,0.222160,3.033308
2514,0.004132,0.108541,0.055447,0.049240,0.012375,0.190149,0.202804,0.273193,0.021121,0.090845,0.095264,-0.051976,0.520416
2515,0.016059,0.001153,-0.001539,-0.003351,0.016199,0.039047,0.024040,0.006895,0.021823,0.053259,0.049318,0.025850,0.185711
2516,0.006150,0.078787,0.047275,0.037726,0.013143,0.142102,0.130864,0.205188,0.016379,0.037301,0.110364,-0.046488,0.525162
2517,-0.010618,-0.034276,-0.019769,-0.017529,-0.011885,-0.095802,-0.086024,-0.118993,-0.012612,-0.069119,0.005564,-0.003220,0.004182
2518,-0.016294,-0.088186,-0.054440,-0.050017,-0.013352,-0.195321,-0.154492,-0.189094,-0.016559,-0.183542,-0.037652,-0.001572,-0.116131
2519,-0.007340,-0.096772,-0.054635,-0.050865,-0.018342,-0.174898,-0.139565,-0.203040,-0.017602,-0.163162,-0.063122,-0.023755,-0.211550
2520,-0.001183,0.011831,0.002195,0.001820,-0.024197,0.053724,0.034193,0.022813,-0.014391,0.079216,0.007575,-0.031420,-0.023818
2521,-0.008785,-0.118486,-0.067460,-0.067916,-0.012046,-0.180100,-0.134794,-0.192219,-0.014956,-0.175705,-0.041889,-0.033829,-0.126278
2522,0.001433,0.122732,0.076190,0.072329,-0.016437,0.170959,0.110289,0.144773,-0.001560,0.129201,0.005128,0.034768,-0.050847
2523,-0.014505,-0.118435,-0.065640,-0.056984,-0.022384,-0.237422,-0.179749,-0.248946,-0.019696,-0.202868,-0.038933,-0.016985,-0.126014
2524,0.037889,-0.058681,-0.016538,-0.020896,0.072104,-0.065932,-0.069757,-0.101068,0.064400,-0.064921,0.049226,0.186177,0.314534
2525,0.006573,0.002593,0.011957,0.010654,0.001477,0.019329,0.005802,-0.029363,0.005427,0.043056,-0.008730,-0.011812,-0.056204
2526,0.022201,0.067800,0.020801,0.023596,0.048129,0.111736,0.114651,0.143690,0.049771,0.070645,0.054445,0.072262,0.200114
2527,-0.019345,0.123349,0.054166,0.058779,-0.038822,0.139752,0.069036,0.109282,-0.031300,0.119327,-0.009326,-0.058674,-0.086520
2528,0.024453,0.231194,0.122886,0.120557,0.032063,0.331877,0.220361,0.335377,0.044211,0.220805,0.122935,0.028983,0.573524
2529,-0.026513,0.052071,0.020630,0.021703,-0.049724,0.051989,0.002914,-0.005312,-0.041034,0.086053,0.059182,-0.111691,0.181677
2530,-0.006441,0.083170,0.056443,0.053250,-0.025487,0.136790,0.055663,0.024187,-0.018079,0.173022,0.574740,-0.013556,2.705727
2531,-0.002965,0.056222,0.035740,0.033070,-0.014295,0.114665,0.055708,0.034919,-0.006032,0.164656,0.014377,-0.003931,-0.033166
2532,0.001743,0.058392,0.013834,0.010628,0.008316,0.092836,0.088337,0.180282,0.004362,0.006410,0.019644,0.007615,0.062800
2533,-0.016375,-0.092388,-0.055807,-0.052027,-0.024498,-0.238254,-0.171123,-0.242090,-0.019888,-0.278763,0.008625,-0.068091,0.143419
2534,-0.037218,-0.181616,-0.117157,-0.111769,-0.038791,-0.313411,-0.227106,-0.300167,-0.044202,-0.275951,-0.094668,-0.104771,-0.258842
2535,-0.026401,-0.153718,-0.089536,-0.078855,-0.049065,-0.280845,-0.251991,-0.376288,-0.048496,-0.152652,-0.070095,-0.054932,-0.218577
2536,-0.032866,-0.092706,-0.065058,-0.064079,-0.034807,-0.159401,-0.099217,-0.111234,-0.038880,-0.180175,-0.057619,-0.062327,-0.197970
2537,-0.026689,-0.083680,-0.075131,-0.067626,-0.017746,-0.168755,-0.107598,-0.087340,-0.025290,-0.198163,-0.031197,-0.042473,-0.071918
2538,0.000567,0.068200,0.028750,0.032864,-0.011467,0.044941,0.029230,0.022594,-0.003015,-0.014160,-0.004100,0.009418,-0.095369
2539,0.041150,0.059927,0.023547,0.026034,0.064904,0.082311,0.061810,0.079991,0.063450,0.072915,0.014951,0.132388,0.029212
2540,0.146267,0.094785,0.022651,0.028940,0.262247,0.122657,0.112779,0.193827,0.282161,0.058959,0.060368,0.792125,0.349116
2541,-0.032771,-0.058172,-0.034797,-0.023375,-0.070318,-0.181266,-0.153796,-0.180240,-0.057203,-0.225862,-0.049109,-0.128243,-0.171309
2542,-0.003806,0.025281,0.007716,0.015024,-0.018327,0.039214,0.024669,0.015918,-0.010253,0.015797,-0.038431,-0.047023,-0.167664
2543,0.000796,0.107732,0.044535,0.046186,-0.019579,0.183265,0.117740,0.190532,-0.011107,0.094806,-0.020535,-0.109805,-0.061204
2544,0.029419,0.118854,0.080505,0.087429,0.046209,0.203883,0.168460,0.166882,0.050210,0.183479,0.717386,1.286469,1.118776
2545,-0.003152,0.037095,0.012282,0.012705,-0.020738,0.010897,0.000510,-0.046345,-0.013814,0.022712,-0.024921,-0.201067,0.074659
2546,-0.020978,0.787250,0.339774,0.335091,-0.011964,1.264881,1.019366,1.496214,-0.016782,0.514297,0.018354,-0.210953,0.174657
2547,-0.009420,-0.033283,-0.031932,-0.027060,-0.006365,-0.053612,-0.041604,-0.036570,-0.008557,-0.058329,-0.020203,-0.045002,-0.077160
2548,0.020685,0.142311,0.093324,0.090764,0.005078,0.215768,0.160411,0.176659,0.008968,0.192385,0.094481,0.099953,0.214003
2549,0.042717,0.052503,0.042389,0.042697,0.051201,0.125896,0.089770,0.084831,0.043113,0.147266,0.082309,0.322763,0.085640
2550,0.034851,0.030032,0.027347,0.027949,0.050966,0.074843,0.041750,0.025281,0.038040,0.120855,0.032996,0.132652,0.083430
2551,-0.027125,-0.144830,-0.077479,-0.073558,-0.017043,-0.199520,-0.140630,-0.194247,-0.021375,-0.185395,-0.015099,-0.072127,-0.089349
2552,0.043252,0.216686,0.133695,0.118663,0.056943,0.383424,0.261508,0.306981,0.046705,0.346378,0.109300,0.172662,0.377497
2553,-0.007794,0.051586,0.055478,0.049340,-0.025848,0.116771,0.036755,0.021595,-0.034946,0.136168,0.007040,-0.038176,-0.062570
2554,-0.026114,-0.045148,-0.036912,-0.032439,-0.016664,0.001679,0.010017,0.017991,-0.017499,-0.047534,0.009460,0.006377,-0.077965
2555,-0.026454,-0.032526,-0.032601,-0.027191,-0.022505,0.015841,0.035157,0.045516,-0.017482,-0.044737,0.016460,-0.066125,0.003467
2556,-0.025520,-0.217432,-0.067973,-0.066832,-0.027663,-0.405978,-0.321091,-0.480507,-0.044469,-0.317852,-0.072420,-0.136694,-0.141522
2557,-0.030252,-0.088472,-0.047846,-0.042289,-0.043112,-0.157395,-0.132033,-0.169119,-0.042172,-0.132089,-0.065536,-0.143312,-0.212722
2558,-0.021264,-0.079274,-0.070002,-0.067148,-0.013665,-0.122805,-0.066009,-0.027377,-0.011204,-0.185485,-0.011382,-0.115467,0.082345
2559,-0.035119,-0.095702,-0.060071,-0.056578,-0.053098,-0.179936,-0.132297,-0.151676,-0.046503,-0.169301,-0.049197,-0.189225,-0.077318
2560,-0.018042,-0.111915,-0.094703,-0.089744,-0.004896,-0.190832,-0.118781,-0.085722,-0.003443,-0.261771,-0.042112,-0.098512,-0.020076
2561,0.101686,0.338173,0.288285,0.270971,0.202473,0.532718,0.448531,0.437590,0.188237,0.233909,0.097328,0.498849,0.426810
2562,0.007255,0.110846,0.065161,0.062635,0.003094,0.212800,0.153999,0.192963,0.005399,0.138860,0.038256,0.018577,0.079757
2563,0.016384,0.098620,0.012184,0.018147,0.053246,0.233837,0.213175,0.325154,0.049480,0.071211,0.013015,0.051827,0.037211
2564,0.005517,0.138696,0.035972,0.042330,0.027088,0.311501,0.252820,0.373275,0.029402,0.107919,0.070067,0.134572,0.087551
2565,0.005745,0.201915,0.074223,0.078492,0.019691,0.404634,0.323603,0.478439,0.026481,0.196130,0.097618,0.125356,0.174962
2566,0.045173,0.403371,0.198797,0.198354,0.071963,0.760409,0.572160,0.685039,0.067460,0.544188,0.260198,0.275214,0.859332
2567,-0.043883,-0.134916,-0.134469,-0.096512,-0.076556,-0.459244,-0.348632,-0.383675,-0.055143,-0.643015,-0.096253,-0.251372,-0.173813
2568,0.003365,0.089883,0.005797,0.010427,0.029517,0.198292,0.196203,0.322007,0.032115,0.025595,0.014453,0.012791,0.051833
2569,0.005695,0.049035,-0.005812,-0.000274,0.012264,0.170438,0.133303,0.215057,0.019214,0.097801,0.026824,-0.077033,0.219189
2570,-0.032675,-0.149653,-0.121852,-0.111448,-0.027408,-0.240786,-0.143598,-0.105631,-0.022809,-0.300038,-0.065308,-0.139205,-0.161013
2571,-0.012135,0.013945,-0.020518,-0.015670,0.000982,0.078195,0.075194,0.176301,-0.000051,-0.064159,-0.002441,-0.056346,-0.016978
2572,-0.031235,-0.086384,-0.061829,-0.059487,-0.022001,-0.151609,-0.104905,-0.100051,-0.020588,-0.207538,-0.038394,-0.125396,-0.053429
2573,-0.027062,-0.117228,-0.068550,-0.067369,-0.038336,-0.231555,-0.172500,-0.218878,-0.035858,-0.193400,-0.037738,-0.117228,-0.025614
2574,0.016324,0.091018,0.046209,0.044729,0.034256,0.167965,0.134954,0.165616,0.026624,0.102854,0.004352,0.040798,0.063466
2575,0.001729,-0.011089,0.004144,0.004968,0.008561,-0.055368,-0.075011,-0.139974,-0.012353,0.052947,0.000127,0.000237,0.035858
2576,0.004220,0.063206,0.043576,0.040465,0.005540,0.123842,0.094787,0.108702,0.006135,0.093267,0.004043,-0.014757,0.055944
2577,-0.062837,-0.213253,-0.167423,-0.153802,-0.072808,-0.362260,-0.260815,-0.216464,-0.072090,-0.347324,-0.074149,-0.224465,-0.074869
2578,-0.021148,-0.198746,-0.150558,-0.138352,-0.027547,-0.320192,-0.246997,-0.257349,-0.036416,-0.247775,-0.074787,-0.096498,-0.122737
2579,-0.061737,-0.283172,-0.200396,-0.185580,-0.071671,-0.503969,-0.359780,-0.409362,-0.070237,-0.465904,-0.087361,-0.235135,-0.112074
2580,-0.055505,-0.292993,-0.205775,-0.191563,-0.063033,-0.489808,-0.349253,-0.399413,-0.062043,-0.434732,-0.063132,-0.133587,-0.121486
2581,-0.013679,-0.161827,-0.124045,-0.113783,-0.013433,-0.233136,-0.195509,-0.223379,-0.028168,-0.128857,0.022171,0.126759,0.077034
2582,-0.042403,-0.208963,-0.165044,-0.151509,-0.042949,-0.330419,-0.227939,-0.241400,-0.043806,-0.290005,-0.005413,-0.000253,0.000224
2583,-0.058735,-0.285019,-0.212480,-0.195042,-0.069967,-0.560128,-0.392577,-0.455552,-0.065349,-0.559636,-0.109323,-0.219710,-0.182840
2584,-0.024309,-0.219420,-0.151297,-0.138125,-0.027458,-0.371001,-0.271329,-0.369959,-0.033337,-0.262078,0.004534,0.048289,0.054104
2585,0.005575,-0.115874,-0.070451,-0.068609,0.022957,-0.201523,-0.144745,-0.182442,0.013261,-0.129234,-0.010122,0.151855,0.011928
2586,0.082388,0.165025,0.139890,0.126777,0.140758,0.309403,0.189360,0.144073,0.110596,0.320477,0.147732,0.545809,0.463972
2587,-0.035020,-0.272633,-0.090364,-0.100651,-0.023939,-0.544777,-0.436461,-0.681577,-0.054136,-0.363673,-0.081397,-0.144713,-0.001057
2588,-0.051201,-0.227422,-0.184078,-0.167819,-0.059425,-0.372467,-0.249780,-0.229929,-0.052570,-0.364823,-0.070183,-0.168540,-0.130852
2589,-0.034907,-0.188608,-0.150915,-0.139078,-0.030603,-0.275839,-0.185524,-0.171065,-0.027157,-0.288091,-0.074610,-0.109786,-0.131244
2590,-0.046915,-0.202773,-0.171335,-0.154571,-0.051878,-0.314835,-0.204560,-0.169598,-0.049575,-0.309781,-0.058636,-0.139179,-0.099599
2591,0.002912,0.285900,0.108354,0.111432,0.007717,0.557837,0.434286,0.658652,0.018725,0.296842,0.068093,0.021155,0.080238
2592,-0.042301,-0.183518,-0.160191,-0.143802,-0.052041,-0.321928,-0.218473,-0.202224,-0.048309,-0.330865,-0.065745,-0.138639,-0.135004
2593,-0.061201,-0.301505,-0.209273,-0.195302,-0.069766,-0.537799,-0.366889,-0.403094,-0.067148,-0.497983,-0.074616,-0.238162,-0.077505
2594,-0.071373,-0.439408,-0.264962,-0.249644,-0.093656,-0.752877,-0.562066,-0.703149,-0.092124,-0.592991,-0.101724,-0.290141,-0.137184
2595,-0.077506,-0.359576,-0.233696,-0.219828,-0.092418,-0.625358,-0.434373,-0.503195,-0.086524,-0.557845,-0.074520,-0.281200,-0.076746
2596,-0.066656,-0.255481,-0.187708,-0.172592,-0.075352,-0.509111,-0.342554,-0.393894,-0.072936,-0.522971,-0.087630,-0.239713,-0.147301
2597,0.087308,0.182149,0.199744,0.181653,0.203852,0.397943,0.315722,0.309670,0.177603,0.252586,0.017179,0.766977,0.078959
2598,-0.048054,-0.163826,-0.115720,-0.108504,-0.054229,-0.257926,-0.172546,-0.154939,-0.048775,-0.287054,-0.054685,-0.177019,-0.118498
2599,0.022539,0.054183,0.042886,0.037546,0.035251,0.125964,0.050821,0.045582,0.017769,0.156955,0.029421,0.043315,0.136689
2600,-0.019988,-0.027504,-0.023857,-0.020822,-0.029693,-0.012637,-0.016416,-0.017093,-0.029851,-0.023881,-0.017223,-0.120935,-0.046069
2601,-0.052056,-0.130115,-0.089895,-0.083635,-0.059896,-0.219069,-0.155346,-0.109433,-0.056312,-0.270052,-0.054316,-0.194465,-0.098071
2602,-0.055755,-0.204120,-0.132046,-0.122190,-0.080181,-0.439623,-0.304417,-0.360682,-0.070163,-0.400833,-0.062203,-0.254205,-0.067253
2603,-0.006346,-0.009994,-0.006004,-0.004467,-0.005187,-0.014920,-0.011449,-0.028852,-0.006952,-0.025066,0.008975,-0.008001,0.006621
2604,0.001491,-0.082052,-0.058917,-0.054865,0.036381,-0.130130,-0.066343,-0.089246,0.036802,-0.182105,0.009912,0.068516,0.060301
2605,0.024594,-0.010602,0.007037,0.003439,0.030201,-0.045161,-0.052638,-0.111498,0.020533,0.007118,0.000905,0.052318,0.036280
2606,0.150553,0.399408,0.300959,0.260563,0.332174,0.939262,0.690856,0.827673,0.309480,0.775857,0.179419,1.324100,0.602881
2607,-0.040700,-0.129561,-0.085599,-0.083983,-0.041227,-0.185791,-0.131904,-0.141994,-0.037333,-0.177868,-0.005644,-0.126408,0.002695
2608,0.020694,-0.058141,-0.030941,-0.032725,0.024747,-0.131272,-0.094465,-0.140435,0.021310,-0.050636,0.013511,0.084392,0.098794
2609,0.052940,0.223194,0.122557,0.114682,0.075006,0.333579,0.269207,0.363955,0.084016,0.179553,0.061731,0.196703,0.212112
2610,-0.021909,-0.171010,-0.104314,-0.100612,-0.016035,-0.337075,-0.242433,-0.290778,-0.015600,-0.309170,-0.020620,-0.070586,-0.030115
2611,-0.006714,-0.093057,-0.042481,-0.042113,0.034356,-0.092918,-0.057937,-0.077925,0.013350,-0.085024,0.024686,0.060796,0.081477
2612,-0.008944,0.819356,0.380567,0.364177,-0.005759,1.417276,1.125950,1.649346,-0.011244,0.668840,0.132777,-0.004733,0.392230
2613,-0.035120,0.131174,0.067958,0.063176,-0.079219,0.244886,0.147128,0.271231,-0.076084,0.179630,0.049797,-0.207432,0.360352
2614,-0.044133,-0.091791,-0.054365,-0.050666,-0.090568,-0.213898,-0.174144,-0.161652,-0.077709,-0.224734,-0.008742,-0.206977,0.122329
2615,-0.032885,0.586575,0.264417,0.264322,-0.085856,0.920099,0.684984,1.046710,-0.075407,0.452314,0.099626,-0.223904,0.494706
2616,-0.060221,0.205528,0.066678,0.072002,-0.108510,0.263566,0.194685,0.395391,-0.094557,0.008014,0.024245,-0.281359,0.265767
2617,-0.029611,0.098770,0.043733,0.043091,-0.076462,0.103926,0.070615,0.164837,-0.066134,0.052893,0.032687,-0.186624,0.292107
2618,-0.045132,0.123052,0.053456,0.054388,-0.093134,0.147815,0.098255,0.214797,-0.084049,0.046779,0.008116,-0.222133,0.127558
2619,-0.003080,-0.061916,-0.032408,-0.031999,-0.017707,-0.202939,-0.140212,-0.202873,-0.000484,-0.197493,0.003916,-0.037003,0.083636
2620,-0.015432,0.187199,0.097851,0.091005,-0.057752,0.349256,0.244839,0.390446,-0.052572,0.240690,0.055916,-0.149710,0.342405
2621,-0.008314,-0.130691,-0.071619,-0.067125,-0.014963,-0.283785,-0.209903,-0.304683,-0.014368,-0.211761,-0.017648,-0.056679,-0.026280
2622,-0.046228,0.057620,0.008740,0.013238,-0.090551,0.014822,0.017407,0.097241,-0.075950,-0.101707,-0.005394,-0.242518,0.172425
2623,-0.059694,0.261656,0.122800,0.122509,-0.091622,0.476805,0.368527,0.583429,-0.085788,0.201977,0.047199,-0.253557,0.307347
2624,-0.041241,0.087769,0.058661,0.055336,-0.062433,0.096756,0.092137,0.193657,-0.057831,0.012289,-0.048348,-0.153426,-0.113751
2625,-0.019422,-0.075789,-0.050885,-0.046764,-0.020122,-0.105944,-0.083025,-0.089720,-0.018438,-0.116218,0.023451,-0.080001,0.115259
2626,-0.049190,-0.005431,-0.026143,-0.022584,-0.071282,0.015047,-0.004735,0.103026,-0.066178,-0.074262,-0.017884,-0.163414,-0.069292
2627,-0.051785,-0.246816,-0.119218,-0.115470,-0.079380,-0.503206,-0.384395,-0.542310,-0.081084,-0.365721,-0.040046,-0.226129,0.018431
2628,0.002484,-0.009073,0.002080,0.002387,0.007615,0.014272,0.008976,-0.014480,0.006899,0.013500,-0.006010,0.020298,-0.068298
2629,-0.036078,-0.273812,-0.163688,-0.153717,-0.051869,-0.564600,-0.394013,-0.555782,-0.048210,-0.458764,-0.054215,-0.165870,-0.046509
2630,-0.018466,0.087100,0.024315,0.022652,-0.038708,0.191168,0.105944,0.267267,-0.034768,0.066716,0.018280,-0.057252,0.042894
2631,0.147929,-0.033496,-0.024988,-0.022465,0.442362,-0.040498,0.003841,-0.020725,0.398660,-0.110972,0.125851,1.026382,0.496389
2632,-0.041912,0.076127,0.050788,0.044867,-0.076014,0.217685,0.107442,0.175449,-0.075542,0.202561,-0.005248,-0.233391,0.045438
2633,-0.033754,0.124946,0.064919,0.059640,-0.059104,0.270769,0.176754,0.290600,-0.055964,0.165735,0.029813,-0.163026,0.158509
2634,-0.028192,0.042710,0.022420,0.020596,-0.059751,0.115538,0.043162,0.086777,-0.062456,0.141424,0.009022,-0.179693,0.141448
2635,-0.035227,-0.194829,-0.103754,-0.102112,-0.072441,-0.426792,-0.334402,-0.439572,-0.066502,-0.332469,-0.036399,-0.199894,0.092359
2636,-0.018494,-0.261404,-0.135516,-0.131710,-0.014448,-0.480168,-0.350201,-0.497088,-0.017935,-0.400237,-0.001473,-0.057262,0.089062
2637,0.028654,-0.238851,-0.130935,-0.127105,0.106377,-0.427231,-0.283772,-0.422847,0.095182,-0.368235,0.013195,0.222030,0.114364
2638,0.098170,-0.122319,-0.056936,-0.049719,0.200826,-0.233832,-0.157385,-0.281142,0.187882,-0.138622,0.027670,0.612627,0.130698
2639,0.018087,-0.060415,-0.017381,-0.016861,0.023078,-0.075684,-0.052601,-0.083906,0.021694,-0.016709,0.018087,0.089127,0.133766
2640,0.084653,-0.165882,-0.095558,-0.090854,0.205514,-0.267508,-0.172971,-0.263778,0.193267,-0.197516,0.049206,0.553251,0.236967
2641,0.014694,-0.192958,-0.093203,-0.088565,0.048067,-0.330551,-0.229213,-0.346157,0.041011,-0.236145,-0.026050,0.072796,0.028711
2642,0.022414,-0.094606,-0.030319,-0.022044,0.013714,-0.212972,-0.147023,-0.307631,0.022201,-0.139986,-0.015312,0.008147,-0.032290
2643,0.034064,-0.049970,-0.014535,-0.010065,0.049903,-0.103078,-0.066997,-0.144849,0.050119,-0.072671,-0.038690,0.152262,-0.110008
2644,0.009406,-0.075917,-0.047551,-0.041201,0.010587,-0.198653,-0.134863,-0.206048,0.011263,-0.168564,-0.041990,0.034333,-0.083871
2645,-0.010790,-0.192389,-0.109377,-0.101223,-0.016362,-0.369296,-0.277603,-0.366073,-0.013748,-0.290895,-0.035276,-0.036459,-0.059922
2646,0.031737,-0.101132,-0.055967,-0.050560,0.049841,-0.209229,-0.143520,-0.215539,0.048999,-0.140915,-0.021124,0.160065,-0.065073
2647,-0.015117,-0.213352,-0.132422,-0.122186,-0.016948,-0.419165,-0.291676,-0.397409,-0.014660,-0.348541,-0.034719,-0.052694,-0.035519
2648,0.043527,0.405601,0.190321,0.185970,0.069006,0.717980,0.562231,0.759514,0.060503,0.489910,0.105217,0.189741,0.264479
2649,0.011771,0.522853,0.227357,0.223802,0.009717,0.895619,0.704478,0.981207,0.007597,0.543553,0.095535,0.044950,0.219984
2650,0.014092,0.111681,0.046908,0.046757,0.010475,0.205534,0.154348,0.223355,0.008094,0.181484,0.029420,0.057584,0.041913
2651,-0.003752,0.084799,0.035562,0.034038,-0.007021,0.164346,0.097955,0.191860,-0.011708,0.137264,0.020167,-0.007104,0.016585
2652,0.044572,0.263099,0.138192,0.129971,0.063346,0.495257,0.356704,0.493588,0.051797,0.408527,0.056384,0.202305,0.061101
2653,0.012917,0.091368,0.061309,0.056415,0.018627,0.142032,0.087666,0.121067,0.009919,0.138494,0.007275,0.062097,-0.033722
2654,-0.028238,-0.134602,-0.116440,-0.110913,-0.034555,-0.295770,-0.200479,-0.207124,-0.031492,-0.299663,-0.002824,-0.090747,0.098266
2655,-0.004438,0.009819,-0.003306,-0.006770,-0.010339,0.020627,0.001083,-0.071882,-0.013735,0.018592,0.029105,-0.105056,0.209711
2656,-0.047534,-0.204744,-0.133105,-0.131237,-0.061514,-0.481135,-0.363309,-0.472496,-0.070600,-0.471082,-0.042546,-0.215820,0.021588
2657,-0.020828,-0.148258,-0.124968,-0.119662,-0.024404,-0.291358,-0.189986,-0.181865,-0.018656,-0.277839,0.003502,-0.068925,0.093778
2658,-0.054272,-0.340863,-0.277226,-0.260902,-0.071924,-0.717076,-0.478843,-0.515354,-0.066261,-0.684841,-0.039006,-0.198885,0.038956
2659,-0.039079,-0.192460,-0.204594,-0.194754,-0.059097,-0.427725,-0.280393,-0.271475,-0.053868,-0.416984,0.011209,-0.170330,0.175810
2660,-0.051437,-0.285053,-0.250978,-0.235787,-0.072633,-0.635345,-0.418215,-0.431636,-0.066093,-0.600895,-0.022567,-0.187767,0.067439
2661,-0.048724,-0.274509,-0.239194,-0.222454,-0.069943,-0.568056,-0.370933,-0.381863,-0.061176,-0.568879,-0.020332,-0.206335,0.088976
2662,-0.060917,-0.329819,-0.264150,-0.247802,-0.091687,-0.697720,-0.471649,-0.506937,-0.080884,-0.663532,-0.041715,-0.260631,-0.003428
2663,-0.043681,-0.235320,-0.221414,-0.206583,-0.063017,-0.531929,-0.343465,-0.322719,-0.054084,-0.553934,-0.025786,-0.178106,0.063446
2664,-0.043669,-0.199061,-0.183724,-0.173768,-0.073809,-0.434137,-0.295798,-0.262191,-0.061686,-0.476354,-0.025905,-0.219706,0.018784
2665,-0.060658,-0.308987,-0.250839,-0.235378,-0.089018,-0.663727,-0.442758,-0.470505,-0.077194,-0.645508,-0.033102,-0.242754,0.023175
2666,-0.067581,-0.388880,-0.303363,-0.285847,-0.098775,-0.823102,-0.551872,-0.629084,-0.087819,-0.763835,-0.052764,-0.262826,0.006122
2667,-0.062783,-0.374815,-0.293755,-0.276092,-0.096526,-0.786813,-0.531456,-0.644838,-0.085718,-0.703783,-0.057628,-0.276413,-0.024983
2668,-0.061498,-0.351135,-0.279738,-0.262301,-0.090108,-0.741192,-0.500421,-0.561237,-0.081208,-0.682622,-0.044079,-0.247807,0.016387
2669,-0.037436,-0.229226,-0.178693,-0.167552,-0.053829,-0.469265,-0.323886,-0.345642,-0.044984,-0.428853,-0.002847,-0.147248,0.108865
2670,-0.054604,-0.266052,-0.191238,-0.187189,-0.077700,-0.609200,-0.442447,-0.563194,-0.078325,-0.540888,-0.059167,-0.240077,0.014036
2671,-0.064031,-0.264208,-0.168651,-0.166604,-0.086842,-0.643762,-0.468091,-0.631302,-0.089343,-0.619946,-0.073233,-0.275784,-0.003526
2672,-0.071086,-0.360873,-0.243503,-0.234144,-0.100424,-0.798723,-0.553913,-0.717225,-0.093054,-0.719756,-0.075534,-0.287202,-0.026833
2673,-0.047947,-0.281499,-0.229137,-0.215615,-0.065028,-0.601575,-0.407184,-0.435166,-0.060147,-0.563208,-0.027607,-0.181772,0.089591
2674,-0.073015,-0.335134,-0.261691,-0.248432,-0.105195,-0.699662,-0.474498,-0.558116,-0.095470,-0.636757,-0.035473,-0.283981,0.049382
2675,-0.039641,-0.153020,-0.142403,-0.132548,-0.054002,-0.371223,-0.242029,-0.258351,-0.046106,-0.367313,-0.004481,-0.145442,0.083355
2676,-0.061946,-0.326661,-0.255383,-0.242791,-0.081634,-0.699064,-0.476909,-0.532017,-0.078381,-0.654361,-0.045046,-0.225510,0.048351
2677,-0.056823,-0.266988,-0.229805,-0.218158,-0.078837,-0.584579,-0.398184,-0.450795,-0.076004,-0.529376,-0.013171,-0.215211,0.092781
2678,-0.055529,-0.278315,-0.224437,-0.211468,-0.075500,-0.629043,-0.425214,-0.476085,-0.069896,-0.580024,-0.024761,-0.193511,0.072248
2679,-0.040529,-0.172738,-0.167595,-0.160365,-0.056039,-0.435339,-0.279623,-0.262535,-0.050811,-0.451120,-0.008174,-0.150456,0.132176
2680,-0.053607,-0.260283,-0.217591,-0.206555,-0.073981,-0.568686,-0.392059,-0.415242,-0.070774,-0.525912,0.000901,-0.178258,0.156049
2681,-0.041196,-0.223764,-0.187094,-0.177303,-0.057577,-0.502660,-0.338177,-0.356237,-0.053256,-0.479197,-0.018872,-0.152722,0.089577
2682,-0.024579,-0.118103,-0.093236,-0.086658,-0.031855,-0.291647,-0.202396,-0.244277,-0.029886,-0.294330,-0.040227,-0.098801,-0.051316
2683,-0.004406,-0.041409,-0.027142,-0.025110,-0.002718,-0.128706,-0.091752,-0.139588,-0.007102,-0.095432,-0.024407,-0.046564,-0.019949
2684,-0.001080,0.016117,0.012739,0.012398,0.003025,0.003511,0.001458,-0.001384,-0.001234,0.013697,-0.014772,-0.050379,0.032040
2685,-0.009147,-0.065797,-0.061039,-0.056570,-0.012565,-0.189501,-0.131619,-0.184855,-0.015060,-0.168453,-0.026672,-0.069188,0.015472
2686,0.011957,0.030604,0.008352,0.008481,0.021560,0.076206,0.067285,0.094593,0.020240,0.033993,-0.010131,0.030091,-0.007582
2687,-0.010175,0.044669,-0.009942,-0.008997,-0.018887,0.025686,0.026501,0.101035,-0.013605,-0.088300,-0.003013,-0.064800,0.045688
2688,0.005884,0.051462,0.022966,0.016628,0.011329,0.114795,0.073856,0.105746,0.004039,0.115787,0.050256,0.025501,0.181832
2689,-0.039745,-0.123213,-0.082247,-0.077891,-0.056923,-0.263485,-0.195417,-0.234488,-0.051573,-0.244079,-0.003991,-0.166507,0.056308
2690,-0.030891,-0.126934,-0.084161,-0.078392,-0.053017,-0.261790,-0.194337,-0.248034,-0.046165,-0.245404,-0.017329,-0.150367,0.003283
2691,-0.034081,-0.168665,-0.118994,-0.111456,-0.056563,-0.396188,-0.307218,-0.418498,-0.051989,-0.335847,-0.025589,-0.144810,-0.021293
2692,0.027437,0.114722,0.078107,0.069588,0.053562,0.276935,0.183490,0.193043,0.039020,0.291059,0.074495,0.120962,0.151767
2693,0.025881,-0.007923,-0.000747,-0.000900,0.050131,0.008288,0.006386,-0.019112,0.046443,0.021731,0.016355,0.158274,0.029820
2694,-0.044139,-0.178434,-0.114283,-0.107269,-0.067025,-0.382635,-0.291892,-0.368488,-0.061900,-0.295121,-0.010443,-0.186466,0.102629
2695,-0.005305,0.020490,0.000886,0.001792,-0.003232,0.021504,0.040691,0.065240,-0.001855,-0.015475,0.041609,-0.049425,0.215328
2696,-0.019280,-0.066806,-0.060643,-0.055873,-0.025558,-0.138919,-0.099806,-0.129031,-0.020447,-0.157571,0.018601,-0.093367,0.211772
2697,-0.016928,-0.111084,-0.081236,-0.074655,-0.022246,-0.202922,-0.138767,-0.206514,-0.016839,-0.214487,0.015461,-0.097269,0.156650
2698,-0.023182,-0.033920,-0.041744,-0.037498,-0.035265,-0.082620,-0.053787,-0.056514,-0.032585,-0.067129,0.037731,-0.110558,0.240076
2699,-0.007073,0.526003,0.227565,0.223151,-0.012093,0.891475,0.733540,1.069411,-0.011179,0.467733,0.133925,-0.077162,0.377983
2700,-0.023092,0.730075,0.319978,0.314804,-0.039204,1.312616,1.094542,1.528695,-0.035467,0.688189,0.223098,-0.163025,0.544281
2701,-0.004578,-0.082033,-0.047798,-0.043225,-0.006117,-0.135075,-0.096108,-0.124755,-0.005746,-0.122198,-0.016437,-0.050843,-0.003050
2702,0.007531,0.010971,0.001943,0.005474,0.008673,0.030734,0.029877,0.043742,0.015516,-0.024801,-0.011876,-0.012834,-0.085481
2703,-0.012625,0.150440,0.060108,0.058212,-0.030261,0.245088,0.189249,0.295669,-0.024131,0.093807,0.035983,-0.100676,0.067903
2704,0.060604,0.254294,0.234512,0.214072,0.131231,0.619049,0.536703,0.654880,0.119787,0.432950,0.152730,0.292500,0.468929
2705,-0.004335,0.040222,0.014363,0.012632,-0.011658,0.041621,0.024809,0.033023,-0.008070,0.025154,0.027813,-0.023911,0.062788
2706,0.009114,0.045491,0.014168,0.015083,0.018813,0.041520,0.018587,0.048414,0.015748,0.036975,0.015811,0.036871,0.023759
2707,-0.003511,-0.004887,-0.010738,-0.010164,-0.004527,-0.036038,-0.036336,-0.019487,-0.005705,-0.067082,0.005932,-0.035143,0.074639
2708,0.056449,0.031387,0.013847,0.014318,0.114242,0.041923,0.041018,0.059470,0.110632,0.005499,0.048547,0.231560,0.191792
2709,0.019399,0.050211,0.016269,0.019880,0.045145,0.060574,0.071935,0.151701,0.064059,0.016060,0.076232,0.142950,0.288648
2710,-0.002616,0.329797,0.151358,0.144591,-0.005937,0.594465,0.479954,0.682446,-0.001627,0.367375,0.082459,-0.064327,0.161317
2711,0.002405,0.024482,0.010601,0.009966,0.002007,0.058917,0.043105,0.059845,0.001570,0.053202,-0.008658,0.001882,-0.034352
2712,-0.011568,-0.023510,-0.019713,-0.017180,-0.021515,-0.077633,-0.076044,-0.089715,-0.018737,-0.055088,-0.005242,-0.079518,0.009432
2713,-0.009606,-0.083457,-0.041129,-0.039119,-0.008079,-0.091878,-0.074227,-0.091711,-0.006392,-0.063822,-0.024395,-0.059677,-0.030130
2714,-0.013638,-0.047550,-0.030405,-0.028667,-0.029454,-0.106542,-0.089878,-0.112668,-0.021544,-0.110324,0.005055,-0.095083,0.035634
2715,-0.005929,0.025391,0.007399,0.007895,-0.013644,0.044180,0.030668,0.065073,-0.007447,-0.023587,0.043563,-0.064198,0.174668
2716,-0.017512,-0.058852,-0.046702,-0.039564,-0.029650,-0.210214,-0.147875,-0.204384,-0.023285,-0.238699,-0.038052,-0.130711,-0.076406
2717,0.012687,0.029847,0.011475,0.009970,0.027760,0.092261,0.076971,0.115109,0.023304,0.062394,0.013731,0.076138,0.031076
2718,0.000612,0.046065,0.026414,0.023365,-0.000269,0.094822,0.067654,0.097153,-0.003474,0.099695,-0.000613,0.005798,-0.056904
2719,-0.019294,-0.060418,-0.043280,-0.037212,-0.031304,-0.130142,-0.099031,-0.139217,-0.023347,-0.161663,-0.027260,-0.111916,-0.058812
2720,-0.017424,-0.036527,-0.026836,-0.023622,-0.029518,-0.068161,-0.052927,-0.078768,-0.023731,-0.073679,-0.007283,-0.080219,0.000732
2721,-0.003531,-0.046109,-0.029049,-0.025180,-0.008049,-0.064670,-0.055135,-0.060508,-0.005008,-0.094437,0.014540,-0.028968,0.110964
2722,0.002074,0.006694,0.006919,0.006191,0.012344,0.014583,0.006766,0.012017,0.007202,0.019057,0.006171,0.044933,0.011123
2723,-0.014885,-0.016551,-0.014778,-0.012443,-0.046793,-0.027331,-0.014847,-0.025622,-0.040462,-0.031437,-0.002266,-0.062488,-0.003158
2724,0.025319,0.017333,0.014864,0.012377,0.103643,0.030708,0.018381,0.032466,0.083988,0.032253,0.000684,0.135571,-0.006234
2725,0.019053,0.007970,0.008911,0.006944,0.065757,0.017073,0.011286,0.017388,0.046619,0.016865,-0.007739,0.011346,-0.019950
2726,0.007411,-0.009303,-0.004042,-0.004046,0.039212,-0.014227,-0.007584,-0.010251,0.036328,-0.014301,-0.003659,0.022635,-0.010716
2727,0.004570,0.010785,0.007478,0.006608,0.020572,0.018877,0.010199,0.019883,0.014376,0.017957,0.002103,0.018854,0.003227
2728,0.011898,0.003115,0.001748,0.000973,0.047331,0.009501,0.006634,0.009788,0.037040,0.006105,-0.001397,0.063485,-0.000459
2729,0.020027,0.006250,0.005877,0.004636,0.076537,0.011736,0.006099,0.014519,0.065259,0.012901,-0.003152,0.118917,-0.007725
2730,-0.009258,-0.016741,-0.014770,-0.012971,-0.032544,-0.039097,-0.022349,-0.039944,-0.033993,-0.036241,-0.001459,-0.036368,-0.008776
2731,-0.044243,-0.071725,-0.057943,-0.049976,-0.153034,-0.137678,-0.078272,-0.142849,-0.128670,-0.133925,-0.013970,-0.208664,-0.026425
2732,-0.000011,-0.023355,-0.019071,-0.017492,0.000784,-0.051264,-0.026986,-0.052263,-0.005229,-0.047171,-0.004315,-0.016026,-0.017468
2733,0.017455,-0.037430,-0.022091,-0.019391,0.032546,-0.071780,-0.042469,-0.074307,0.041028,-0.074286,-0.014265,-0.024619,-0.034545
2734,-0.011689,-0.049097,-0.036435,-0.033364,-0.029954,-0.103650,-0.056636,-0.102348,-0.036610,-0.096177,-0.005679,-0.010172,-0.029833
2735,-0.011762,-0.040144,-0.033719,-0.030551,-0.037573,-0.086820,-0.047111,-0.084845,-0.042967,-0.084011,-0.008837,-0.089969,-0.034071
2736,-0.014105,-0.039667,-0.034521,-0.029974,-0.048752,-0.085227,-0.046693,-0.083722,-0.047797,-0.080985,-0.010156,-0.072264,-0.026952
2737,-0.015747,-0.006887,-0.007995,-0.006838,-0.045516,-0.017640,-0.009458,-0.017146,-0.043466,-0.016129,0.000045,-0.060041,-0.001881
2738,0.007987,0.018218,0.014585,0.012433,0.031580,0.034096,0.020024,0.035089,0.026029,0.035377,0.004462,0.026446,0.006509
2739,-0.000594,0.007080,0.004877,0.003872,-0.003012,0.015309,0.008549,0.017374,-0.004982,0.018207,0.006629,0.002671,0.011202
2740,-0.013351,0.002835,0.000681,0.001055,-0.040591,0.009433,0.005063,0.009402,-0.034773,0.004939,0.003530,-0.061047,0.009528
2741,0.006169,0.003895,0.003697,0.002898,0.027775,0.008069,0.004220,0.009359,0.023062,0.006985,-0.003498,0.013502,-0.008401
2742,-0.004299,0.005753,0.003658,0.003247,-0.011722,0.014095,0.007924,0.015497,-0.009516,0.010859,0.001490,-0.040672,0.003401
2743,0.010468,0.007599,0.005654,0.004609,0.047018,0.015962,0.009657,0.016108,0.041040,0.012790,0.000659,0.064726,-0.000578
2744,0.010367,0.016778,0.014203,0.012572,0.035331,0.032121,0.017872,0.032907,0.029631,0.032696,0.002313,0.069638,0.007637
2745,-0.002239,0.018565,0.044518,0.026080,-0.015526,0.042380,0.020990,0.014681,-0.032081,0.113886,0.065101,0.348299,0.112611
2746,0.006829,-0.000713,-0.000601,-0.001028,0.035574,-0.001804,-0.001017,-0.004515,0.031056,-0.003188,-0.002029,0.045822,-0.007874
2747,0.001402,-0.001002,-0.002638,-0.002471,0.026063,-0.005177,-0.002086,-0.002242,0.018714,-0.009177,-0.002364,0.038188,-0.010918
2748,0.009211,0.002373,-0.000957,-0.001409,0.060545,-0.001410,-0.000296,-0.001323,0.045902,-0.002405,-0.003549,0.110757,-0.008845
2749,0.005378,-0.002150,0.000351,-0.001026,0.044230,0.001177,-0.001479,-0.006814,0.036118,0.005452,0.007231,0.152611,0.013486
2750,-0.011863,-0.020159,-0.017071,-0.015511,-0.025446,-0.041565,-0.022362,-0.040341,-0.025735,-0.037289,-0.001110,-0.038882,-0.011065
2751,-0.001183,0.001264,0.000685,0.000545,-0.006320,0.003217,0.001672,0.004111,-0.003863,0.003272,0.002917,-0.015191,0.006319
2752,-0.002660,0.009004,0.005354,0.004444,0.032990,0.022606,0.014540,0.023821,0.023780,0.019760,0.001810,0.090969,0.004998
2753,-0.009125,-0.019471,-0.019432,-0.017688,-0.017071,-0.040351,-0.023617,-0.041475,-0.018995,-0.032336,0.002123,0.042810,-0.000409
2754,-0.012135,-0.030746,-0.026109,-0.023997,-0.000411,-0.063462,-0.033659,-0.062371,-0.018357,-0.058205,0.004506,0.127298,-0.005264
2755,-0.024910,-0.035944,-0.028883,-0.024951,-0.062759,-0.065441,-0.035252,-0.063384,-0.059011,-0.063586,0.001985,-0.038773,-0.004659
2756,0.006277,-0.003864,-0.005415,-0.005643,0.077122,-0.009408,-0.002478,-0.007348,0.052680,-0.008142,0.006638,0.243163,0.007025
2757,-0.009307,-0.035821,-0.027925,-0.024331,-0.018861,-0.064677,-0.038779,-0.068519,-0.018582,-0.060009,-0.007262,-0.012815,-0.022139
2758,0.009129,0.015372,0.013039,0.010716,0.036587,0.031560,0.018226,0.035395,0.030206,0.029838,0.003944,0.050455,0.007831
2759,-0.014579,-0.009280,-0.007862,-0.006181,-0.047362,-0.011926,-0.007565,-0.007890,-0.031263,-0.018200,0.004442,-0.115688,0.001223
2760,-0.005120,-0.003955,-0.002982,-0.002760,-0.013893,-0.004602,-0.002853,-0.004086,-0.009605,-0.006345,-0.000830,-0.027473,-0.001351
2761,0.003834,0.017290,0.015374,0.012402,0.031664,0.036167,0.019810,0.039301,0.027196,0.036556,0.015116,0.062288,0.024355
2762,0.001624,0.014065,0.012822,0.009883,0.046791,0.028584,0.016559,0.029058,0.033649,0.029443,0.010384,0.121646,0.017957
2763,0.011998,0.060349,0.049304,0.043072,0.080075,0.111972,0.065323,0.107352,0.064092,0.104588,0.016038,0.177475,0.037863
2764,-0.006997,-0.002828,-0.000390,-0.000327,-0.005276,-0.009322,-0.006456,-0.011600,-0.009877,-0.009936,0.006260,0.032211,0.009466
2765,-0.008312,-0.015935,-0.008880,-0.008805,-0.000708,-0.024360,-0.012787,-0.021669,-0.011136,-0.023096,0.007744,0.083080,0.003580
2766,0.022164,0.030302,0.023242,0.019790,0.098297,0.057977,0.033665,0.057565,0.081625,0.055679,-0.000111,0.147350,0.005982
2767,0.006291,-0.006547,-0.006331,-0.005429,0.025266,-0.014566,-0.007362,-0.008881,0.018565,-0.008469,0.003231,0.082106,-0.003795
2768,-0.015733,-0.051930,-0.040871,-0.035509,-0.068171,-0.107191,-0.060149,-0.110331,-0.063519,-0.096601,-0.004076,-0.029376,-0.026914
2769,0.002745,-0.014748,-0.012609,-0.011598,0.046826,-0.022385,-0.011296,-0.020775,0.029743,-0.017795,0.000348,0.137999,-0.009717
2770,-0.005877,0.011109,0.009220,0.007679,-0.016299,0.026312,0.015458,0.025032,-0.010283,0.021546,0.004305,-0.063188,0.009140
2771,0.004476,0.012809,0.009642,0.008328,-0.009338,0.015823,0.009385,0.018243,0.001949,0.010340,-0.002524,-0.133381,-0.010608
2772,-0.002500,-0.007763,-0.006308,-0.005648,-0.010169,-0.018243,-0.011135,-0.020505,-0.010698,-0.018279,-0.004267,-0.008734,-0.008858
2773,0.004730,-0.002216,-0.001924,-0.000737,0.040368,-0.010861,-0.004024,-0.010594,0.026386,-0.009501,-0.003148,0.108521,-0.008501
2774,-0.000344,-0.000916,-0.001985,-0.001843,0.035809,-0.005666,0.000428,0.001322,0.016693,-0.003859,-0.001426,0.117443,-0.008622
2775,0.005321,-0.004420,-0.003769,-0.002530,0.054708,-0.016433,-0.005896,-0.014700,0.037527,-0.014920,-0.006353,0.162744,-0.008799
2776,0.002605,-0.025868,-0.020337,-0.018219,0.049500,-0.048235,-0.026809,-0.052077,0.034797,-0.046445,-0.007435,0.152426,-0.016251
2777,-0.011799,-0.008083,-0.007211,-0.006527,-0.024274,-0.010459,-0.004562,-0.012853,-0.026766,-0.010551,-0.000278,0.017845,0.001972
2778,0.011983,0.019901,0.014749,0.011915,0.059942,0.033297,0.018073,0.037484,0.046391,0.027790,0.010858,0.122172,0.017143
2779,-0.011327,0.008240,0.006943,0.006669,-0.056079,0.017009,0.009486,0.017596,-0.047480,0.015080,0.007251,-0.091380,0.016420
2780,0.021172,-0.001007,-0.000699,-0.001515,0.153945,-0.012194,-0.007151,-0.015882,0.111286,-0.007324,-0.008043,0.345352,-0.010581
2781,0.006193,0.019678,0.012012,0.008250,0.104317,0.025701,0.014203,0.030602,0.062382,0.039306,0.013669,0.301873,0.009774
2782,0.007365,-0.012102,-0.009700,-0.009192,0.076201,-0.025167,-0.015144,-0.025695,0.059204,-0.019792,-0.005928,0.176079,-0.007894
2783,0.003478,-0.027211,-0.021786,-0.019346,0.056572,-0.058680,-0.033371,-0.059498,0.046073,-0.057224,-0.018530,0.064686,-0.036741
2784,-0.003144,-0.004038,-0.003844,-0.004742,0.026311,-0.011908,-0.007435,-0.011107,0.023202,-0.012593,0.006046,0.053327,-0.000180
2785,-0.033992,0.023268,0.014956,0.011820,-0.107677,0.038559,0.025421,0.042925,-0.091714,0.030256,0.022353,-0.093593,0.046125
2786,-0.045125,0.001970,0.001611,0.001692,-0.152389,-0.009292,-0.006920,-0.005840,-0.127111,-0.015926,0.020435,-0.213288,0.035711
2787,0.010733,-0.035223,-0.028494,-0.024615,0.019824,-0.064351,-0.037909,-0.071282,0.021194,-0.057039,-0.005408,0.068719,-0.003225
2788,-0.002769,-0.048035,-0.037518,-0.033578,-0.014151,-0.088099,-0.051815,-0.091720,-0.009315,-0.075146,-0.004520,0.004630,-0.012101
2789,-0.003248,-0.046552,-0.036237,-0.031244,-0.014880,-0.088089,-0.050387,-0.090710,-0.015629,-0.079317,-0.005917,0.008220,-0.014764
2790,0.004504,-0.054514,-0.043829,-0.040721,0.070729,-0.116364,-0.063593,-0.116879,0.030720,-0.102438,-0.032572,-0.037386,-0.076424
2791,0.016302,-0.043964,-0.039269,-0.035797,0.157710,-0.095155,-0.053303,-0.093363,0.101906,-0.073722,-0.022479,0.232341,-0.062898
2792,-0.015998,-0.045304,-0.043061,-0.040579,0.007725,-0.078977,-0.047794,-0.074878,-0.009605,-0.061545,-0.001939,0.206404,-0.014766
2793,0.021497,-0.041746,-0.036027,-0.033298,0.163798,-0.097823,-0.056580,-0.091106,0.106183,-0.067432,-0.025685,0.181644,-0.069610
2794,0.012876,-0.042367,-0.031048,-0.029416,0.118057,-0.100481,-0.057862,-0.092404,0.070048,-0.075836,-0.026285,0.025756,-0.079773
2795,-0.002155,-0.041259,-0.033001,-0.031368,0.038671,-0.093351,-0.051375,-0.090706,0.013447,-0.078737,-0.026011,-0.031733,-0.064822
2796,0.040064,-0.013665,-0.010406,-0.010686,0.218443,-0.044249,-0.029595,-0.043492,0.171948,-0.018934,-0.024978,0.235524,-0.064953
2797,0.045631,-0.037784,-0.022775,-0.021431,0.229112,-0.074453,-0.051224,-0.078923,0.180505,-0.059932,-0.030964,0.246576,-0.067632
2798,0.032305,0.008655,0.013081,0.011221,0.172583,0.017356,0.000390,0.029151,0.141653,0.032035,-0.016918,0.127000,-0.039415
2799,0.044427,-0.017813,-0.010085,-0.009957,0.232739,-0.036650,-0.032117,-0.041666,0.195982,-0.012974,-0.018073,0.271568,-0.048094
2800,0.071571,-0.031912,-0.018336,-0.017475,0.358588,-0.061861,-0.047015,-0.069470,0.299500,-0.032187,-0.039696,0.336609,-0.098155
2801,0.015764,-0.007828,-0.010094,-0.008097,0.047262,-0.013004,-0.007285,-0.020346,0.053792,-0.010088,-0.006321,0.079544,-0.000382
2802,-0.070421,0.015389,0.003621,0.004328,-0.261650,0.021283,0.010671,0.026674,-0.206652,0.011012,0.014667,-0.352862,0.057103
2803,-0.005152,0.001647,-0.000309,0.000204,-0.033661,-0.003361,-0.000520,0.003032,-0.027954,-0.011169,0.009175,0.013179,0.020932
2804,0.011168,0.005191,0.003711,0.002940,0.037119,0.004266,0.001009,0.007958,0.029450,-0.003469,-0.004577,0.060925,-0.007823
2805,-0.020629,-0.003677,-0.000803,0.000033,-0.073969,-0.015271,-0.009899,-0.012732,-0.065019,-0.014736,0.006329,-0.058184,-0.001914
2806,-0.041155,-0.028041,-0.024913,-0.021609,-0.153001,-0.075481,-0.045072,-0.061835,-0.122829,-0.077325,0.008513,-0.252946,0.001260
2807,-0.023660,-0.030000,-0.021223,-0.017347,-0.100873,-0.055814,-0.034839,-0.057267,-0.084156,-0.042709,0.000451,-0.200104,-0.011874
2808,-0.024173,-0.029280,-0.020980,-0.016999,-0.079581,-0.052912,-0.033532,-0.048927,-0.074608,-0.042719,0.002655,-0.171139,-0.009303
2809,0.075737,0.015798,0.019041,0.016348,0.316307,0.016959,0.000993,0.033199,0.294525,0.028177,-0.025698,0.320370,-0.062820
2810,0.039568,0.000005,0.002065,0.000701,0.133750,-0.016066,-0.011139,-0.013773,0.102057,-0.019272,-0.010942,0.136096,-0.025250
2811,0.002520,0.004113,0.002368,0.001638,0.032283,-0.001191,-0.001958,0.002845,0.025713,0.004894,-0.001589,0.012757,-0.014042
2812,0.117393,0.015674,0.023834,0.018230,0.551491,0.013732,-0.008846,0.013803,0.469514,0.055060,-0.024822,0.592257,-0.088348
2813,0.026197,-0.039196,-0.026668,-0.024644,0.099787,-0.089403,-0.052537,-0.074989,0.064764,-0.053767,-0.029930,-0.203897,-0.093695
2814,0.022607,-0.027861,-0.021094,-0.018101,0.080342,-0.072155,-0.043360,-0.057224,0.057753,-0.046375,-0.021546,-0.213137,-0.076590
2815,0.027337,-0.014357,-0.004462,-0.003784,0.088187,-0.025832,-0.019348,-0.019514,0.065177,-0.007930,-0.012083,-0.045030,-0.032868
2816,0.075805,0.007657,0.014513,0.012864,0.354026,0.008156,-0.012382,0.002437,0.322024,0.036056,-0.021641,0.475503,-0.057880
2817,0.071434,-0.030688,-0.023826,-0.022724,0.216424,-0.071449,-0.035645,-0.079870,0.193876,-0.058682,-0.027527,0.141024,-0.065849
2818,0.105016,-0.005041,0.012174,0.009002,0.427161,-0.026533,-0.037399,-0.022961,0.366625,0.018326,-0.024297,0.365263,-0.087123
2819,-0.025773,0.008670,0.004195,0.003955,-0.094971,0.009247,0.002650,0.013829,-0.068925,-0.004837,0.004306,-0.103835,0.013180
2820,-0.031061,0.006721,0.005098,0.006765,-0.138234,0.016611,0.007678,0.022127,-0.103291,0.004829,0.009708,-0.207608,0.025133
2821,-0.013273,0.018037,0.008793,0.008416,-0.075166,0.026860,0.014254,0.029985,-0.058576,0.015325,0.004735,-0.084941,0.020708
2822,-0.010854,-0.071342,-0.048850,-0.043792,0.012425,-0.130735,-0.093706,-0.138581,0.020592,-0.098092,-0.007775,0.138240,-0.043046
2823,-0.170136,-0.062181,-0.059909,-0.057286,-0.504423,-0.153209,-0.111768,-0.170107,-0.525430,-0.105628,0.067221,-0.295397,0.121298
2824,0.008510,-0.017487,-0.010573,-0.007871,-0.002197,-0.033381,-0.018115,-0.035016,-0.002680,-0.017933,0.002203,-0.063779,-0.003683
2825,0.015968,-0.000351,0.000257,0.000666,0.042632,-0.020696,-0.011467,-0.014435,0.046777,-0.016452,0.008878,0.105412,0.008088
2826,0.036263,0.002347,-0.000425,-0.002039,0.167916,-0.016981,-0.006415,-0.014904,0.126382,-0.010027,0.006273,0.442540,0.009043
2827,-0.139642,-0.029942,-0.023764,-0.017964,-0.472644,-0.034803,-0.030698,-0.038269,-0.396725,-0.044381,0.008239,-0.783077,0.024472
2828,-0.286311,-0.066337,-0.051713,-0.041974,-0.900840,-0.109416,-0.070555,-0.123219,-0.787021,-0.092194,0.005782,-1.548701,0.042021
2829,-0.112055,-0.029669,-0.021179,-0.015051,-0.416639,-0.047217,-0.032844,-0.064737,-0.382740,-0.027062,-0.008867,-0.800290,-0.006056
2830,-0.271954,-0.128985,-0.099828,-0.086158,-0.825199,-0.196606,-0.131630,-0.221341,-0.739175,-0.163451,-0.022765,-1.514487,-0.056572
2831,-0.316539,-0.063584,-0.053664,-0.041784,-0.982094,-0.092996,-0.067087,-0.109635,-0.852014,-0.069318,0.003270,-1.754986,0.038333
2832,-0.371600,-0.102771,-0.080449,-0.066845,-1.077086,-0.160366,-0.106714,-0.180132,-0.952912,-0.130251,-0.011925,-1.940100,0.000744
2833,-0.377710,-0.095334,-0.080154,-0.066175,-1.110452,-0.153399,-0.102860,-0.166412,-0.961133,-0.145434,-0.004488,-1.956370,0.028965
2834,-0.260524,-0.122877,-0.090883,-0.074509,-0.841390,-0.179987,-0.122482,-0.212296,-0.740768,-0.140947,-0.023372,-1.615734,-0.043451
2835,-0.233728,-0.131374,-0.102209,-0.087808,-0.712058,-0.194204,-0.137642,-0.218972,-0.625205,-0.152064,-0.015739,-1.251856,-0.038074
2836,-0.276923,-0.097540,-0.077706,-0.066620,-0.854976,-0.127439,-0.086241,-0.157395,-0.767637,-0.115920,0.005624,-1.382023,0.031093
2837,-0.333168,-0.108002,-0.082654,-0.069772,-1.000603,-0.158528,-0.103744,-0.190093,-0.887010,-0.132848,-0.004391,-1.703093,0.016814
2838,-0.304448,-0.098018,-0.078146,-0.066376,-0.933692,-0.148981,-0.102325,-0.173220,-0.819856,-0.125136,-0.014316,-1.637220,0.000318
2839,-0.229188,-0.012622,-0.013072,-0.007032,-0.776929,-0.026860,-0.016064,-0.062523,-0.676803,-0.028548,-0.003897,-1.263868,0.042453
2840,-0.309059,-0.085854,-0.063065,-0.052872,-0.934357,-0.116795,-0.081255,-0.146325,-0.823018,-0.098113,-0.006275,-1.633194,0.006953
2841,-0.316592,-0.071967,-0.057817,-0.048321,-0.957090,-0.124960,-0.082226,-0.147084,-0.840669,-0.109830,-0.013023,-1.672903,0.011897
2842,-0.344599,-0.067225,-0.061780,-0.052603,-1.025983,-0.100536,-0.063114,-0.107375,-0.896549,-0.098817,0.001168,-1.782987,0.034195
2843,-0.309420,-0.072800,-0.057911,-0.049009,-0.915182,-0.116215,-0.076715,-0.134990,-0.805289,-0.095830,0.010519,-1.476768,0.047267
2844,-0.316221,-0.083514,-0.068696,-0.060340,-0.945646,-0.121964,-0.078847,-0.131551,-0.835597,-0.116278,-0.008972,-1.750804,-0.010455
2845,-0.264141,-0.070879,-0.054108,-0.046376,-0.810136,-0.098944,-0.068273,-0.111630,-0.716737,-0.082045,0.005557,-1.422058,0.008347
2846,0.291522,-0.017902,-0.002334,-0.009028,1.147297,-0.066843,-0.036505,-0.061002,0.974032,-0.046659,-0.039597,1.872448,-0.090519
2847,-0.297233,-0.103743,-0.073762,-0.061535,-0.889442,-0.145033,-0.096273,-0.170084,-0.783941,-0.117146,-0.003420,-1.539762,-0.005514
2848,-0.180471,-0.060564,-0.045339,-0.038750,-0.585177,-0.090448,-0.056843,-0.100712,-0.530131,-0.074864,-0.008705,-1.076360,-0.014162
2849,-0.297356,-0.073094,-0.057606,-0.049252,-0.892073,-0.116751,-0.082124,-0.136135,-0.795720,-0.107070,-0.006662,-1.632255,0.003172
2850,-0.270570,-0.068054,-0.052620,-0.042153,-0.841229,-0.100094,-0.072984,-0.109528,-0.738994,-0.077783,0.007906,-1.501961,0.010606
2851,-0.316687,-0.071172,-0.060089,-0.049151,-0.939645,-0.121520,-0.080781,-0.130231,-0.845359,-0.093675,-0.015713,-1.779763,-0.027265
2852,-0.343365,-0.085455,-0.071367,-0.059703,-1.023942,-0.148709,-0.102834,-0.157508,-0.906189,-0.124785,-0.010249,-1.874889,-0.007775
2853,0.154502,-0.025746,-0.012650,-0.014529,0.589342,-0.069910,-0.042976,-0.069024,0.500984,-0.039541,-0.030015,0.965477,-0.086943
2854,0.053652,-0.027797,-0.014430,-0.014257,0.196963,-0.059292,-0.044324,-0.060103,0.173993,-0.048936,-0.014783,0.181968,-0.032264
2855,-0.058812,-0.000719,-0.000961,0.000829,-0.253869,-0.018572,-0.010957,-0.011039,-0.208010,-0.010835,0.004960,-0.459002,0.009684
2856,-0.247416,-0.076794,-0.064263,-0.052590,-0.720850,-0.121841,-0.077976,-0.132417,-0.628091,-0.111661,0.003594,-1.314870,0.013619
2857,-0.083921,0.000215,-0.000676,0.000730,-0.267206,-0.002950,-0.008537,-0.008845,-0.246659,-0.000282,0.014967,-0.327324,0.020610
2858,-0.239748,-0.061064,-0.050365,-0.039867,-0.772578,-0.074496,-0.057417,-0.083277,-0.670851,-0.045247,0.002694,-1.354671,0.012539
2859,-0.333001,-0.060988,-0.050367,-0.040905,-0.991020,-0.095699,-0.069306,-0.111511,-0.882993,-0.084318,0.005092,-1.760053,0.026385
2860,-0.166298,-0.044098,-0.032072,-0.023490,-0.565135,-0.036042,-0.038198,-0.049975,-0.492492,-0.002020,-0.001640,-1.043379,0.002476
2861,-0.203237,-0.027307,-0.015541,-0.005956,-0.711775,-0.025347,-0.048498,-0.039633,-0.591848,-0.034470,0.006256,-1.494065,0.016066
2862,0.096206,0.014306,0.018111,0.017501,0.306430,0.027394,-0.002042,0.030792,0.293325,0.038019,0.012872,0.532831,0.015614
2863,0.105649,-0.031313,-0.022301,-0.021170,0.415711,-0.060782,-0.048090,-0.079596,0.384756,-0.032374,0.011574,1.082861,0.002358
2864,-0.039284,0.019265,0.019608,0.020125,-0.190553,0.039268,0.008660,0.038599,-0.166823,0.027522,0.012330,-0.432584,0.012046
2865,0.070310,0.030654,0.025873,0.023898,0.232086,0.047513,0.025693,0.057697,0.158623,0.049047,-0.011371,0.197570,-0.027229
2866,0.116717,0.006974,0.032213,0.030072,0.260408,-0.036546,-0.025774,-0.019079,0.240626,-0.044145,-0.022028,-0.008856,-0.050986
2867,0.024410,0.022536,0.018188,0.015870,0.088538,0.023676,0.015168,0.037507,0.085170,0.042305,0.001996,0.166283,-0.007838
2868,0.004907,0.013066,0.016421,0.014701,-0.019991,0.026620,0.011790,0.033869,0.003594,0.033786,0.001721,-0.022258,-0.007545
2869,-0.056577,-0.040100,-0.029852,-0.026560,-0.289692,-0.097319,-0.057732,-0.103245,-0.229440,-0.080733,-0.000324,-0.412772,0.006477
2870,-0.090482,-0.060992,-0.048010,-0.043720,-0.310876,-0.103382,-0.071830,-0.114201,-0.247526,-0.091819,0.000888,-0.447922,0.000681
2871,-0.024986,-0.012406,-0.007898,-0.005250,-0.130068,-0.019610,-0.021214,-0.024624,-0.093975,-0.008504,0.002467,-0.319331,-0.007091
2872,0.103913,-0.022772,-0.009484,-0.009588,0.339753,-0.054491,-0.030888,-0.053004,0.326029,-0.044053,0.006081,0.706177,-0.030583
2873,0.052236,-0.004364,-0.000644,-0.000949,0.203179,-0.008696,-0.020006,-0.006330,0.218082,0.004429,-0.009746,0.348271,-0.010484
2874,-0.051560,0.006121,0.003927,0.005247,-0.177858,0.015128,0.007300,0.020185,-0.144662,0.009663,0.008229,-0.159159,0.043236
2875,-0.078172,-0.033303,-0.028178,-0.024644,-0.277532,-0.067943,-0.047476,-0.065605,-0.219098,-0.060996,0.008817,-0.283245,0.028991
2876,0.095334,-0.015291,0.000374,0.000401,0.273567,-0.021068,-0.015011,-0.027032,0.225733,-0.044112,-0.016198,0.343766,-0.028808
2877,0.000283,-0.036080,-0.028798,-0.027128,0.015768,-0.041728,-0.020724,-0.030037,0.009899,-0.056060,-0.001668,0.170953,0.001554
2878,0.012840,-0.006367,0.001134,0.000798,0.025461,-0.015989,-0.010327,-0.028116,0.036847,-0.004250,-0.009581,0.050247,-0.014346
2879,-0.080255,-0.050109,-0.031508,-0.025963,-0.316998,-0.095281,-0.062154,-0.104015,-0.283744,-0.053236,0.001887,-0.350780,0.044331
2880,-0.120363,-0.033599,-0.022248,-0.014907,-0.459488,-0.119678,-0.056444,-0.120391,-0.344440,-0.118809,-0.009458,-0.789655,0.022710
2881,0.010021,0.012888,0.004985,0.006696,-0.019839,0.050611,0.029293,0.064326,0.023749,0.060163,-0.011982,-0.109991,-0.021898
2882,0.012555,0.004232,-0.001017,-0.000239,0.015517,0.016094,0.013518,0.029078,0.035618,-0.000102,0.004215,0.164196,0.023780
2883,-0.038905,-0.077296,-0.061290,-0.049859,-0.137058,-0.157100,-0.108147,-0.134041,-0.102696,-0.146168,-0.038560,-0.560467,-0.107528
2884,0.075060,0.010705,0.006063,0.003382,0.229965,0.002103,0.006677,0.018839,0.205338,0.014035,-0.008411,0.314406,-0.003820
2885,0.234885,0.005502,0.006314,-0.007784,0.717796,0.085286,0.101094,0.052550,0.673001,0.145596,-0.031221,1.142745,0.019254
2886,0.217402,-0.015956,-0.016677,-0.028815,0.713785,0.051713,0.082131,0.025013,0.696951,0.116833,-0.020223,1.289098,0.028931
2887,0.032512,-0.055689,0.021236,0.004992,0.243814,0.030118,0.017776,-0.022560,0.282375,0.088350,-0.040948,0.752161,-0.000633
2888,0.129510,-0.045774,-0.021728,-0.031221,0.395104,-0.000061,0.033332,-0.034523,0.434010,0.064890,-0.025928,0.952000,0.003528
2889,0.241696,0.099087,0.077706,0.060839,0.682491,0.272138,0.234699,0.253163,0.704780,0.283092,-0.007810,1.056437,0.053007
2890,0.336173,0.070706,0.052354,0.033526,1.023159,0.215305,0.204647,0.213521,0.990738,0.238862,-0.019392,1.358739,0.022277
2891,-0.130517,-0.017260,-0.020129,-0.021509,-0.494111,0.079353,0.077146,0.077037,-0.407352,0.105279,0.022187,-0.226995,0.146949
2892,-0.148730,-0.047965,-0.034204,-0.034809,-0.512328,0.053174,0.063096,0.036130,-0.440848,0.097519,0.012985,-0.330643,0.125416
2893,-0.325736,-0.088285,-0.064426,-0.059829,-0.968461,-0.057014,-0.017062,-0.071692,-0.818625,-0.025481,-0.007618,-1.116364,0.079086
2894,0.071221,0.005120,0.001200,-0.003239,0.105484,0.019563,0.027575,0.005908,0.216704,0.023833,-0.001021,0.619720,0.078203
2895,-0.192853,-0.060320,-0.046855,-0.044286,-0.644739,-0.030545,-0.002556,-0.036380,-0.552398,0.006003,0.002708,-0.582872,0.079577
2896,-0.425423,-0.050285,-0.046331,-0.043918,-1.190699,0.018480,0.017271,0.015609,-1.010129,0.008601,-0.002563,-1.619192,0.107321
2897,-0.203308,-0.084989,-0.074034,-0.065574,-0.800262,-0.158816,-0.093335,-0.136707,-0.676591,-0.145067,-0.038209,-0.894116,-0.010694
2898,-0.301001,-0.091138,-0.072209,-0.063275,-0.938036,-0.126727,-0.085360,-0.127814,-0.828328,-0.093709,0.002181,-1.273355,0.040640
2899,-0.315371,-0.110383,-0.082678,-0.076120,-0.999982,-0.134199,-0.092320,-0.122812,-0.861437,-0.098396,-0.002274,-1.289811,0.033845
2900,-0.389327,-0.067533,-0.068210,-0.058492,-1.152960,-0.107244,-0.076989,-0.072526,-0.973623,-0.101941,0.005429,-1.703224,0.057963
2901,-0.316783,-0.067370,-0.055790,-0.046795,-1.036983,-0.087908,-0.062887,-0.068660,-0.896269,-0.058391,0.006519,-1.515285,0.054746
2902,-0.346392,-0.035271,-0.029092,-0.021914,-0.991751,-0.079261,-0.058751,-0.036505,-0.882575,-0.067138,0.022389,-1.409181,0.067353
2903,-0.299318,-0.049694,-0.039375,-0.032224,-0.933223,-0.029372,-0.039066,-0.013408,-0.825924,-0.004912,0.013775,-1.336298,0.058010
2904,-0.400390,-0.077372,-0.065943,-0.055164,-1.153816,-0.114164,-0.090053,-0.077562,-1.030014,-0.091250,0.015645,-1.816167,0.046926
2905,-0.361678,-0.088866,-0.067788,-0.061262,-1.092324,-0.123355,-0.093885,-0.094505,-0.966562,-0.083372,0.015894,-1.518598,0.058020
2906,0.154897,0.115702,0.090985,0.082287,0.389797,0.211201,0.144979,0.234724,0.365850,0.206218,-0.010393,-0.034723,-0.018263
2907,-0.472315,-0.177422,-0.129763,-0.113943,-1.278606,-0.265389,-0.199338,-0.228738,-1.100353,-0.233966,0.000420,-1.809781,0.068936
2908,-0.389053,-0.053830,-0.054598,-0.046310,-1.118664,-0.029533,-0.051492,-0.017363,-0.956674,-0.046723,0.015311,-1.606844,0.069236
2909,-0.164077,0.008030,0.000932,0.003586,-0.506694,0.033329,0.009636,0.066863,-0.436943,0.018970,0.020098,-0.543355,0.068467
2910,-0.314356,-0.057815,-0.070301,-0.064352,-1.035131,-0.088601,-0.048929,-0.044071,-0.857552,-0.093225,-0.003000,-1.493173,0.064248
2911,0.010160,-0.006595,-0.005990,-0.005785,0.013283,0.008938,0.000987,0.016335,0.047587,0.000557,-0.004322,0.146898,0.005244
2912,-0.203454,-0.103706,-0.081353,-0.073199,-0.655282,-0.209501,-0.127081,-0.219941,-0.585960,-0.175175,0.005717,-0.769252,0.035790
2913,-0.222860,-0.013694,-0.027831,-0.020872,-0.671339,-0.001003,-0.016644,0.021060,-0.599554,0.007965,0.021612,-0.761696,0.084206
2914,-0.189082,-0.007351,-0.014723,-0.010458,-0.573320,0.010813,-0.005560,0.024664,-0.528853,0.020854,0.023620,-0.657835,0.083915
2915,0.027551,0.018335,0.013140,0.010613,0.085350,0.035752,0.016048,0.044428,0.097631,0.015909,-0.005265,0.067321,0.000701
2916,-0.395546,-0.073371,-0.057321,-0.049807,-1.073040,-0.117534,-0.077824,-0.103229,-0.977818,-0.088781,0.019025,-1.538721,0.064027
2917,-0.238071,-0.058946,-0.043150,-0.037760,-0.719561,-0.115593,-0.081583,-0.120340,-0.681496,-0.082654,0.008260,-0.924708,0.031421
2918,-0.062158,0.000746,0.001124,0.003813,-0.244095,0.006916,-0.006242,-0.009462,-0.216823,0.020610,0.007473,-0.266667,0.030764
2919,0.000782,-0.112847,-0.071242,-0.059938,-0.149128,-0.248207,-0.145658,-0.250974,-0.087778,-0.245929,-0.070182,0.008874,-0.106466
2920,-0.090509,-0.040147,-0.029203,-0.023688,-0.291961,-0.069478,-0.044139,-0.071409,-0.256434,-0.069574,-0.000041,-0.390265,0.010631
2921,-0.137509,-0.044162,-0.030923,-0.026134,-0.412975,-0.095351,-0.069280,-0.095623,-0.340166,-0.108916,-0.012043,-0.389757,0.001636
2922,-0.206282,-0.022963,-0.018579,-0.010293,-0.667888,-0.074543,-0.049137,-0.086415,-0.579576,-0.079710,0.008730,-0.957304,0.060735
2923,-0.396912,-0.107314,-0.088211,-0.072065,-1.055539,-0.291421,-0.185385,-0.266503,-0.988623,-0.279063,0.018978,-1.925814,0.009107
2924,0.050258,0.038514,0.032674,0.029454,0.166729,0.075066,0.047137,0.082788,0.164068,0.060930,-0.002930,0.215724,0.000726
2925,0.045457,0.006791,0.012607,0.011213,0.127947,0.006793,0.001490,0.003242,0.071179,0.008139,-0.003237,0.073658,-0.022476
2926,-0.064511,-0.015444,-0.011048,-0.009971,-0.152717,-0.016922,-0.031587,-0.018837,-0.147691,0.006542,-0.013765,-0.035296,0.004804
2927,0.043134,-0.005796,0.017914,0.017719,-0.011407,-0.054720,-0.025045,-0.067432,0.060816,-0.102369,0.005540,0.030408,-0.004070
2928,-0.099076,-0.051397,-0.025128,-0.022833,-0.323420,-0.095229,-0.071018,-0.104373,-0.304531,-0.091393,0.011915,-0.281305,0.023647
2929,0.287707,0.124046,0.091962,0.082923,0.893897,0.142338,0.107753,0.145386,0.821388,0.155757,0.010219,0.491519,-0.015658
2930,-0.258681,-0.049498,-0.040351,-0.030957,-0.683277,-0.091059,-0.079225,-0.093399,-0.620587,-0.069390,0.014138,-0.943368,0.063639
2931,-0.234314,-0.079698,-0.051859,-0.042814,-0.642935,-0.161427,-0.110772,-0.151487,-0.626204,-0.132091,0.011729,-0.935104,0.022608
2932,-0.377677,-0.143975,-0.112448,-0.096827,-0.949822,-0.277813,-0.167680,-0.271086,-0.907657,-0.232516,-0.016313,-1.679509,-0.004184
2933,-0.106225,-0.079422,-0.021678,-0.020166,-0.385714,-0.187917,-0.115243,-0.191120,-0.299598,-0.180621,0.001527,-0.500774,-0.010213
2934,-0.196866,-0.061219,-0.045200,-0.039502,-0.573681,-0.122086,-0.101043,-0.123613,-0.541028,-0.077418,0.011325,-0.687078,0.051330
2935,-0.186617,0.003051,-0.011928,-0.006201,-0.559585,-0.014909,-0.015017,0.034343,-0.506688,-0.004450,0.000320,-0.865022,0.034645
2936,0.059959,0.032654,0.016040,0.013870,0.172854,0.049284,0.001686,0.093852,0.195098,0.073634,-0.020327,-0.349275,-0.080089
2937,0.318260,0.138614,0.141591,0.122849,1.121438,0.248226,0.141982,0.281596,1.154899,0.195759,-0.018875,0.689269,-0.100032
2938,0.342017,0.424170,0.325694,0.257746,1.318160,0.872318,0.676301,0.828431,1.243021,0.630049,0.152727,2.202415,0.222500
2939,0.220686,0.032815,0.112802,0.081827,0.786367,0.211938,0.167983,0.201206,0.853972,0.056304,0.047574,0.801136,-0.088515
2940,0.166872,0.089592,0.065638,0.059163,0.524810,0.167886,0.095878,0.177059,0.499007,0.146560,-0.007911,0.498776,-0.037744
2941,0.089949,-0.001447,0.002095,0.004212,0.269566,0.018702,0.009760,0.026921,0.276845,0.006315,-0.005732,0.329443,0.021676
2942,0.153973,0.029190,0.031643,0.021216,0.639506,0.092573,0.052837,0.096581,0.502000,0.101171,0.011207,0.699049,-0.061148
2943,0.229867,-0.025396,0.001841,0.002184,0.625769,-0.052247,-0.030027,-0.024253,0.658591,-0.060596,-0.062202,0.219316,-0.139483
2944,0.243935,0.056065,0.057868,0.052922,0.754604,0.085615,0.053134,0.072985,0.710465,0.075735,-0.021727,0.368544,-0.092800
2945,0.234563,0.035217,0.033247,0.030917,0.561453,0.054192,0.055423,0.097346,0.649071,-0.003209,-0.050335,0.061524,-0.106373
2946,0.376482,0.043978,0.054881,0.044377,1.140737,0.018845,0.042131,0.050890,1.141735,0.011786,-0.041833,1.107249,-0.140638
2947,0.281129,0.027730,0.033538,0.031473,0.770267,0.010965,0.035451,0.008879,0.779498,-0.019634,-0.033126,0.616977,-0.097535
2948,0.326847,0.057821,0.058405,0.049018,0.927594,0.010973,0.044190,0.043339,0.953164,-0.040589,-0.054963,0.948396,-0.146465
2949,-0.012452,-0.073733,-0.045657,-0.034631,-0.112928,-0.259925,-0.152031,-0.233948,-0.107248,-0.241297,-0.024147,-0.552082,-0.085173
2950,0.376272,-0.022107,-0.016662,-0.017950,0.747763,-0.197096,-0.078096,-0.253692,0.776747,-0.223867,-0.122222,1.838846,-0.170040
2951,0.032663,0.009221,-0.010192,-0.009115,0.110077,0.015945,0.003754,0.031252,0.124279,0.014398,0.017612,0.237380,0.030973
2952,-0.081922,0.028669,0.000747,-0.002744,-0.161192,0.053768,0.024650,0.080165,-0.134670,0.064635,0.046725,0.425524,0.160734
2953,0.318365,-0.074261,0.066456,0.034724,0.757832,-0.030478,0.067435,-0.033246,0.910947,-0.282956,-0.058396,0.827390,-0.204491
2954,-0.006147,0.029380,0.015245,0.006248,-0.006310,0.057175,0.011912,0.110736,-0.023599,0.054386,0.013598,0.016468,-0.039310
2955,0.034644,-0.029164,-0.007663,-0.009014,0.127610,-0.046357,-0.029775,-0.050600,0.104773,-0.049886,-0.020252,0.209214,-0.040351
2956,0.200406,0.191820,0.177730,0.122280,0.803538,0.459547,0.410856,0.410084,0.758312,0.229871,0.060860,1.692684,0.074289
2957,-0.053996,-0.053443,-0.033145,-0.026534,-0.155429,-0.157079,-0.095870,-0.156153,-0.146456,-0.114195,-0.009110,-0.144864,-0.021874
2958,0.117451,-0.019066,-0.009323,-0.004432,0.285463,-0.060344,-0.042733,-0.098678,0.309525,-0.002553,-0.011324,0.460148,-0.025192
2959,0.055212,0.017497,0.010048,0.008411,0.198091,0.018588,0.001114,0.047891,0.144973,0.026733,-0.045564,0.034190,-0.089824
2960,0.137358,0.181185,0.105648,0.080057,1.043134,0.477149,0.236959,0.568637,0.919133,0.431524,0.081539,1.105620,0.122854
2961,-0.027397,0.024134,0.013534,0.015037,0.054852,0.050203,0.026119,0.066984,-0.044307,0.072686,0.016657,-0.107343,0.014253
2962,0.055342,0.061965,0.036815,0.034250,0.352800,0.146161,0.064681,0.172713,0.276905,0.147040,0.014282,0.698418,0.019175
2963,-0.022698,-0.035648,-0.035449,-0.029598,-0.096417,-0.079697,-0.051749,-0.066458,-0.105561,-0.064506,-0.011754,-0.398642,-0.036215
2964,0.200130,0.039962,0.029080,0.026915,0.319677,0.057927,0.033895,0.097523,0.394471,0.050875,-0.030445,-0.110551,-0.062783
2965,0.045057,-0.031062,-0.024199,-0.015228,0.096923,-0.101050,-0.055505,-0.101061,0.091902,-0.080945,-0.021314,-0.245987,-0.072384
2966,0.171418,0.032002,0.023028,0.022031,0.536290,0.083610,0.048575,0.126121,0.464970,0.126135,-0.001411,0.186111,-0.068211
2967,0.155254,0.014241,0.014633,0.011666,0.537349,0.042444,0.021950,0.085032,0.523461,0.007455,-0.019799,0.070973,-0.113174
2968,0.220937,-0.003301,0.013648,0.017160,0.642559,-0.006490,0.009822,-0.014323,0.650786,-0.009204,-0.016420,0.423117,-0.071051
2969,0.568915,-0.091059,-0.063164,-0.066408,2.275583,-0.196455,-0.101211,-0.160117,2.124265,-0.201571,-0.088588,2.513630,-0.257051
2970,0.156067,0.203591,0.130297,0.116522,0.547205,0.385069,0.259720,0.512242,0.492911,0.325257,0.016645,0.135994,0.038656
2971,0.052085,-0.043835,-0.033848,-0.030182,0.219954,-0.059713,-0.041096,-0.051782,0.182390,-0.018678,-0.007633,0.045199,-0.039946
2972,0.118241,-0.008950,-0.019207,-0.017822,0.407427,0.012508,0.010927,0.026715,0.345319,0.021257,-0.029978,0.122584,-0.057023
2973,0.070351,-0.078212,-0.053792,-0.050907,0.301666,-0.125681,-0.085000,-0.146518,0.262542,-0.092292,-0.024681,0.259921,-0.050744
2974,-0.013599,-0.079773,-0.073657,-0.065188,0.082821,-0.140275,-0.086323,-0.152872,0.025580,-0.080608,-0.002330,-0.024388,-0.040499
2975,0.117029,0.109285,0.081288,0.073293,0.268314,0.199200,0.107784,0.256967,0.308445,0.164061,-0.010105,0.253464,-0.024686
2976,0.044804,-0.040612,-0.050131,-0.046173,0.038742,-0.059566,-0.039364,-0.041065,0.119502,-0.052043,-0.009356,0.153279,-0.010375
2977,0.089873,0.064115,0.030941,0.027242,0.368712,0.169213,0.106434,0.179809,0.435652,0.141141,0.002220,0.634214,0.059781
2978,-0.036758,0.063399,0.025576,0.024341,-0.121633,0.166236,0.106330,0.181479,-0.027338,0.139450,0.030266,0.189485,0.101120
2979,0.119534,0.273546,0.207383,0.191313,0.354267,0.535487,0.339741,0.559164,0.374181,0.441071,0.058659,0.739285,0.130309
2980,-0.056895,0.188432,0.133826,0.125180,-0.055262,0.466285,0.289725,0.511411,-0.068666,0.378367,0.057016,-0.168239,0.188415
2981,0.121614,0.335956,0.274558,0.248524,0.360799,0.625135,0.401929,0.666327,0.354927,0.492472,0.056916,0.708308,0.127479
2982,0.006376,0.076136,0.060878,0.057468,-0.020174,0.132452,0.069675,0.149305,-0.009424,0.117936,0.013366,-0.103856,0.043017
2983,0.203045,0.517167,0.431335,0.391039,0.592877,0.954590,0.619401,1.022063,0.576124,0.769677,0.123484,0.561344,0.215182
2984,0.041476,0.264946,0.201014,0.186565,0.174610,0.523468,0.330441,0.594337,0.194537,0.440939,0.081365,0.335318,0.170712
2985,-0.166206,-0.022198,-0.041241,-0.040711,-0.258450,0.044402,0.023816,0.084322,-0.229447,0.042071,0.038483,-0.135393,0.073062
2986,-0.130228,0.092879,0.025374,0.021369,-0.200436,0.225522,0.146134,0.302360,-0.171077,0.201995,0.039641,-0.186814,0.126352
2987,-0.110281,0.009805,-0.017493,-0.012882,-0.219896,0.059303,0.034302,0.073168,-0.159885,0.076245,0.026241,-0.348173,0.064508
2988,-0.154598,-0.018741,-0.067180,-0.057810,-0.169614,0.072591,0.051094,0.111550,-0.158131,0.067410,0.030174,-0.366502,0.095345
2989,-0.277454,-0.054292,-0.090865,-0.082385,-0.512231,-0.013582,-0.006024,0.037124,-0.465759,0.016674,0.035693,-0.702946,0.087478
2990,-0.287547,-0.278239,-0.257005,-0.238297,-0.708169,-0.502413,-0.299476,-0.500159,-0.656011,-0.376181,-0.055523,-1.023691,-0.077908
2991,-0.169368,0.002633,-0.040580,-0.036303,-0.272698,0.083196,0.047136,0.115234,-0.253334,0.080834,0.034722,-0.360705,0.092102
2992,-0.218467,-0.089956,-0.113584,-0.105321,-0.410954,-0.112813,-0.071185,-0.089840,-0.346797,-0.054946,0.024631,-0.411713,0.061906
2993,-0.515591,-0.253525,-0.224773,-0.201165,-1.152118,-0.477483,-0.296238,-0.424815,-1.015260,-0.357515,0.000102,-1.497124,0.079160
2994,-0.291330,0.007223,0.000591,0.002111,-0.515709,0.110970,0.040593,0.171456,-0.436878,0.070047,0.000902,-0.346818,0.108317
2995,-0.223274,-0.052055,-0.085408,-0.078885,-0.467622,-0.069608,-0.054206,-0.038121,-0.412875,-0.011388,0.020481,-0.434789,0.074473
2996,-0.279352,-0.146640,-0.160879,-0.145213,-0.641939,-0.232734,-0.139814,-0.202642,-0.569179,-0.167491,0.020325,-0.778943,0.053842
2997,-0.218385,-0.154378,-0.170760,-0.157411,-0.477900,-0.249027,-0.139328,-0.244246,-0.436215,-0.197293,0.002564,-0.598119,0.021953
2998,-0.314286,-0.163785,-0.183119,-0.166839,-0.747645,-0.276323,-0.157628,-0.230605,-0.674078,-0.213228,0.011461,-0.918145,0.050758
2999,-0.353920,-0.234053,-0.199977,-0.179337,-0.879309,-0.420498,-0.250652,-0.419853,-0.822740,-0.323705,-0.014346,-1.476542,-0.038103
3000,-0.284253,-0.202520,-0.212432,-0.193035,-0.639421,-0.343977,-0.190844,-0.323931,-0.608616,-0.256966,-0.000657,-0.902416,0.003377
3001,-0.389159,-0.328585,-0.285254,-0.261425,-0.842782,-0.532105,-0.319878,-0.554045,-0.757423,-0.420234,0.003671,-1.099507,-0.010820
3002,-0.199755,-0.198687,-0.201988,-0.182437,-0.344311,-0.262453,-0.144173,-0.248498,-0.326722,-0.228459,0.001373,-0.596376,0.008042
3003,-0.224668,-0.185746,-0.167698,-0.153263,-0.507593,-0.312503,-0.182418,-0.316219,-0.474753,-0.243386,0.012144,-0.584561,0.002412
3004,0.031055,-0.060183,-0.062397,-0.056864,-0.167679,-0.202926,-0.112324,-0.219768,-0.114017,-0.133791,0.027379,0.163270,0.020600
3005,-0.114463,-0.107492,-0.099402,-0.089304,-0.433025,-0.277220,-0.156088,-0.282482,-0.380951,-0.181269,0.028515,-0.331111,0.038852
3006,-0.015532,0.265510,0.234044,0.215617,0.271989,0.581476,0.329436,0.693099,0.290441,0.458077,0.027140,0.728448,0.103809
3007,0.089646,0.221642,0.184490,0.170437,0.265587,0.373517,0.203727,0.418930,0.309975,0.334366,0.064980,0.630469,0.089660
3008,-0.018292,0.078890,0.036892,0.032777,-0.128865,0.150268,0.088584,0.181704,-0.056160,0.156003,0.036153,0.071080,0.064078
3009,-0.070515,-0.181561,-0.147466,-0.136752,-0.268486,-0.398378,-0.238737,-0.411282,-0.244287,-0.296679,-0.032374,-0.310281,-0.091201
3010,-0.171365,-0.018583,-0.010339,-0.005935,-0.355865,-0.029084,-0.040458,0.019241,-0.295695,-0.002609,0.005739,-0.438686,0.059582
3011,0.158132,0.638830,0.560913,0.505993,0.728675,1.160432,0.740678,1.250218,0.697871,0.943024,0.138594,0.721423,0.208239
3012,-0.049216,-0.002625,-0.029437,-0.027456,0.033571,0.050785,0.033801,0.112696,0.038515,0.024408,-0.004762,0.119268,0.001595
3013,-0.135741,-0.003248,-0.040136,-0.035622,-0.173131,0.040162,0.031721,0.143703,-0.130973,0.036693,-0.006291,-0.238515,0.028146
3014,-0.111739,-0.110497,-0.107561,-0.094292,-0.090064,-0.162661,-0.107259,-0.103460,-0.076223,-0.137975,-0.009051,-0.215932,-0.028221
3015,0.050744,0.069088,0.035791,0.030024,0.471350,0.256484,0.178773,0.339898,0.438404,0.161840,0.008432,0.480976,0.025747
3016,0.042121,0.073476,0.030663,0.029404,0.308541,0.198945,0.139060,0.270010,0.342722,0.146121,0.020042,0.506029,0.054952
3017,-0.199906,-0.163199,-0.132391,-0.122440,-0.264004,-0.250814,-0.158721,-0.203541,-0.249410,-0.200381,-0.011811,-0.288310,-0.023997
3018,-0.029528,0.097053,0.072067,0.066953,-0.002431,0.172609,0.110925,0.197394,0.008183,0.158948,0.053702,0.144767,0.074900
3019,-0.068239,-0.087539,-0.073749,-0.067786,-0.080503,-0.166656,-0.111734,-0.119869,-0.069994,-0.099930,-0.007075,-0.029047,-0.000781
3020,-0.070952,-0.112677,-0.094764,-0.087316,-0.130673,-0.223204,-0.145010,-0.168074,-0.116462,-0.154566,-0.020497,-0.208909,-0.037186
3021,-0.038909,0.036766,0.033785,0.032329,-0.050038,0.061964,0.018807,0.085333,-0.011555,0.100379,0.048731,0.150522,0.082235
3022,-0.133515,0.078047,0.076699,0.076768,-0.082754,0.209689,0.102411,0.279281,-0.119791,0.188120,0.017809,0.040081,0.079398
3023,-0.158840,-0.137585,-0.122521,-0.108222,-0.256472,-0.239277,-0.166633,-0.200513,-0.238508,-0.161992,-0.016689,-0.388567,-0.008430
3024,-0.088367,-0.010782,-0.021344,-0.018605,-0.003240,0.056985,0.021042,0.110023,0.006796,0.052892,0.009898,0.175943,0.048641
3025,-0.148484,-0.099528,-0.091865,-0.079932,-0.131840,-0.110324,-0.086649,-0.086992,-0.121198,-0.066578,-0.006873,-0.241749,-0.006930
3026,-0.023566,0.027992,-0.010946,-0.008218,0.060083,0.109793,0.066200,0.174646,0.084961,0.071017,-0.018729,0.222133,0.005552
3027,-0.127702,0.109938,0.123304,0.116164,-0.179223,0.244056,0.111414,0.271204,-0.229417,0.236032,0.055915,-0.341464,0.083705
3028,-0.135668,-0.070828,-0.046560,-0.043230,-0.156113,-0.068960,-0.068213,-0.016310,-0.120813,-0.062274,0.011700,0.224983,0.071967
3029,-0.049302,0.090674,0.047311,0.044773,-0.056379,0.183886,0.112242,0.248293,-0.058967,0.143342,0.011640,-0.055148,0.033007
3030,-0.123083,-0.087805,-0.067163,-0.059729,-0.357360,-0.205412,-0.136692,-0.218582,-0.348954,-0.140545,0.026255,-0.477317,-0.013648
3031,-0.129235,-0.208804,-0.169993,-0.151767,-0.247312,-0.489060,-0.284093,-0.487547,-0.285840,-0.386692,-0.065761,-0.625908,-0.084800
3032,-0.167951,-0.065722,-0.035752,-0.030726,-0.301802,-0.099257,-0.089261,-0.119057,-0.316065,-0.076408,-0.007378,-0.421300,-0.014154
3033,-0.099243,0.134886,0.073909,0.080824,-0.345933,0.188279,0.085897,0.284582,-0.262451,0.107681,0.041359,-1.139582,0.070239
3034,0.037782,0.000324,-0.034347,-0.025834,0.179775,-0.030641,-0.035363,-0.037827,0.083734,0.029097,-0.016068,0.069290,0.005158
3035,-0.051003,0.144812,0.067225,0.061812,-0.123317,0.235506,0.119753,0.324802,-0.062691,0.216804,-0.003227,-0.598096,0.102735
3036,0.127628,0.471842,0.327433,0.302710,0.394858,0.585560,0.364906,0.791177,0.322843,0.552120,0.058096,0.554848,0.136468
3037,-0.225273,-0.001106,-0.011155,0.005475,-0.593910,-0.023774,-0.042954,0.118063,-0.555266,0.018587,0.042751,-1.111607,0.162558
3038,-0.134257,0.135297,0.109707,0.128290,-0.275979,0.035111,0.026769,0.194832,-0.254136,0.089845,0.062318,-1.049252,0.114080
3039,-0.113174,-0.000231,-0.032567,-0.014151,-0.505009,-0.140298,-0.103679,-0.049730,-0.413162,-0.016249,0.011238,-0.736555,0.122197
3040,-0.177803,-0.096621,-0.086562,-0.063120,-0.542953,-0.236271,-0.192625,-0.230935,-0.504163,-0.100096,-0.009382,-0.930128,0.059598
3041,-0.143719,-0.219387,-0.194435,-0.165381,-0.491530,-0.515613,-0.311447,-0.485173,-0.404172,-0.350292,-0.014999,-0.306007,0.059459
3042,-0.228354,0.026539,-0.038334,-0.020491,-0.693888,-0.069497,-0.047197,0.120328,-0.614975,0.000865,0.001625,-1.350230,0.183678
3043,-0.160562,-0.035657,-0.031602,-0.009821,-0.650193,-0.153065,-0.093371,-0.068613,-0.496439,-0.143851,-0.011917,-1.538932,0.043416
3044,-0.199423,-0.040191,-0.104455,-0.082392,-0.562884,-0.244458,-0.131808,-0.071882,-0.493785,-0.132894,-0.015557,-1.189466,0.122439
3045,-0.156683,-0.034020,-0.095270,-0.072168,-0.534117,-0.221481,-0.115670,-0.070332,-0.518335,-0.118916,0.001177,-0.863953,0.144615
3046,-0.214827,-0.073513,-0.106209,-0.082074,-0.622369,-0.238025,-0.140176,-0.111059,-0.632767,-0.142854,-0.000362,-1.187264,0.125052
3047,-0.276830,0.004847,-0.059952,-0.035078,-0.800158,-0.141083,-0.061633,0.009084,-0.737335,-0.062790,0.031176,-1.130030,0.208801
3048,-0.125377,0.083340,0.055799,0.072373,-0.551217,0.149020,0.048337,0.340386,-0.445287,0.136909,0.050256,-1.391916,0.181064
3049,0.097022,0.288964,0.230797,0.208907,0.613118,0.370098,0.195418,0.200021,0.423633,0.386973,-0.025033,0.585951,-0.037361
3050,-0.142542,-0.074825,-0.044478,-0.013449,-0.623296,-0.335296,-0.264564,-0.192330,-0.630707,-0.276546,-0.014452,-1.527907,-0.034425
3051,-0.038711,0.169339,0.161933,0.152383,-0.214780,0.202149,0.167714,0.279101,-0.117249,0.132424,0.053587,-0.081346,0.131408
3052,0.063111,0.197753,0.164742,0.158839,-0.154366,0.291928,0.203593,0.404798,-0.016723,0.180229,-0.004560,-0.303113,0.093949
3053,-0.020813,0.006128,-0.006771,0.000593,-0.226814,-0.071273,-0.013581,0.051216,-0.092580,-0.100066,-0.039065,-0.510245,0.046592
3054,0.041289,0.044283,0.028141,0.027169,-0.089713,0.029223,0.051221,0.112709,0.026439,-0.001582,0.037392,0.224253,0.179607
3055,-0.222845,-0.120519,-0.075071,-0.059218,-0.584413,-0.160233,-0.120578,-0.151327,-0.610602,-0.151567,0.023145,-1.102806,-0.053452
3056,-0.045456,-0.043136,-0.065702,-0.053117,-0.553030,-0.164001,-0.078059,-0.007463,-0.357266,-0.168357,-0.029484,-1.073174,0.041062
3057,-0.520182,-0.116373,-0.095562,-0.073274,-1.416474,-0.300979,-0.135990,-0.203808,-1.241769,-0.284194,-0.007583,-1.887475,0.126227
3058,-0.144217,-0.060991,-0.058039,-0.047063,-0.583412,-0.225799,-0.107301,-0.143107,-0.454229,-0.199292,-0.003069,-0.650546,0.120424
3059,0.200703,0.608585,0.451114,0.404631,0.944285,0.915138,0.655728,0.811273,0.776149,0.766115,0.071715,1.352165,0.209885
3060,0.083916,0.001402,-0.002718,-0.006754,0.296840,-0.073913,-0.042214,-0.171617,0.235753,0.003830,-0.022710,0.898170,0.015113
3061,0.285736,0.153648,0.115580,0.087319,0.999228,0.238699,0.130814,0.126268,1.093724,0.190778,-0.050419,0.747226,-0.125048
3062,-0.089009,-0.116267,-0.108420,-0.092580,-0.258360,-0.205240,-0.133929,-0.166298,-0.242436,-0.165214,-0.010991,-0.373958,-0.084973
3063,-0.191660,-0.183421,-0.153927,-0.137270,-0.427589,-0.291545,-0.207027,-0.287600,-0.463543,-0.219447,0.011265,-0.604184,-0.091476
3064,0.164595,0.003546,0.023451,0.015743,0.455972,-0.053495,-0.016346,-0.124818,0.411399,-0.019661,0.000522,1.126090,0.001696
3065,0.164633,0.036099,0.012052,0.001362,0.591336,-0.002639,0.018360,-0.047532,0.540530,0.032388,-0.013433,0.922948,-0.035633
3066,0.172932,-0.037297,-0.011644,-0.017848,0.381823,-0.185475,-0.084529,-0.243901,0.369447,-0.128280,-0.056354,0.852225,-0.061524
3067,0.177244,0.005672,-0.014249,-0.021975,0.456708,-0.071157,0.009801,-0.097331,0.492374,-0.071853,-0.030151,0.796547,-0.043107
3068,-0.072103,-0.020870,-0.008173,-0.004997,-0.240727,-0.097403,-0.077439,-0.055134,-0.234212,-0.073952,-0.033633,-0.905602,-0.054895
3069,0.240857,-0.094256,-0.092442,-0.082227,0.786234,-0.276419,-0.159096,-0.254751,0.712595,-0.180284,-0.014148,2.052313,-0.065434
3070,-0.157455,-0.051422,-0.018140,-0.005480,-0.576054,-0.206116,-0.094141,-0.264925,-0.402470,-0.225389,-0.029292,-1.272675,-0.015258
3071,0.231689,0.073729,0.053862,0.050393,0.568010,0.088531,0.061284,0.045873,0.546690,0.109002,-0.045262,0.717742,-0.055887
3072,-0.318022,-0.335522,-0.255845,-0.221905,-0.745846,-0.797027,-0.474710,-0.776615,-0.780295,-0.679527,-0.039549,-1.147310,-0.080320
3073,0.039347,0.082836,0.082984,0.080611,0.081419,0.149112,0.088992,0.155472,0.147172,0.119097,0.011835,-0.309329,0.038376
3074,0.135115,0.342362,0.245486,0.185402,1.154448,0.928843,0.554421,0.990803,1.091098,0.804542,0.204251,1.891767,0.432323
3075,-0.006016,-0.056184,-0.099101,-0.117692,0.520725,-0.080482,-0.098591,-0.095302,0.319617,-0.007426,0.084245,0.740849,0.034061
3076,0.090020,0.048379,0.038415,0.040011,0.137974,0.012654,0.022208,0.017245,0.226587,0.031777,0.004294,0.447828,0.034865
3077,0.015032,-0.129729,-0.090472,-0.082655,-0.009833,-0.316907,-0.177199,-0.325546,0.001722,-0.218176,-0.048657,0.231861,-0.026405
3078,-0.051343,-0.043825,-0.043590,-0.038067,-0.103216,-0.127231,-0.055636,-0.094616,-0.085916,-0.068444,-0.010506,-0.026656,-0.014407
3079,0.008206,-0.010841,-0.031117,-0.031671,0.078243,-0.019207,-0.031966,0.014087,0.099091,0.017118,0.023235,0.314893,0.029871
3080,0.026494,-0.207066,-0.149033,-0.139797,0.116030,-0.451224,-0.267750,-0.445249,0.052205,-0.338282,-0.058051,0.205888,-0.084085
3081,0.080278,0.107443,0.073510,0.067609,0.159066,0.128983,0.088703,0.152815,0.212489,0.130732,0.016637,0.620630,0.081643
3082,0.186193,0.111832,0.134308,0.104176,0.673913,0.342059,0.216890,0.381703,0.654569,0.251157,0.020467,1.026809,-0.035403
3083,0.093112,0.038311,0.029560,0.022030,0.241748,0.055698,0.057243,0.055163,0.254530,0.033328,-0.000122,0.517526,-0.021410
3084,-0.225808,-0.331452,-0.238819,-0.210352,-0.995771,-0.744662,-0.351549,-0.874310,-0.669518,-0.748414,-0.104112,-1.904006,-0.167768
3085,0.122122,0.093385,0.107661,0.094415,0.330114,0.132850,0.058621,0.133590,0.243949,0.147041,-0.003769,0.580149,0.020052
3086,0.031422,0.093167,0.102116,0.090627,0.156307,0.136706,0.116327,0.109546,0.089759,0.093298,0.028342,0.300726,0.028845
3087,0.157862,-0.092117,-0.074227,-0.075916,0.251879,-0.148523,-0.074858,-0.156017,0.281941,-0.146940,-0.042275,0.426919,-0.062346
3088,0.103874,0.046709,0.061967,0.052979,0.272951,0.090086,0.045401,0.089137,0.237352,0.083634,0.003255,0.183527,0.010818
3089,0.157398,0.029771,0.015973,0.011482,0.547637,-0.089280,-0.007241,-0.031350,0.464231,-0.079623,-0.041937,0.212152,-0.132668
3090,-0.208679,-0.012504,-0.017988,-0.022172,-0.395995,-0.003355,-0.027204,0.052816,-0.487530,0.031246,-0.014031,-0.475876,-0.007680
3091,-0.015191,0.156385,0.128248,0.104201,0.214352,0.394389,0.226936,0.402687,0.219755,0.324088,0.087624,0.447680,0.175577
3092,-0.045738,0.017882,0.030822,0.024721,0.042549,0.094045,0.031864,0.087839,-0.061769,0.064728,0.078645,0.050690,0.014025
3093,0.060420,0.002630,0.011785,0.005040,0.110643,-0.018090,-0.012394,-0.011964,0.129349,-0.013931,-0.000173,0.051911,-0.014916
3094,0.117202,0.129150,0.097991,0.085827,0.320478,0.260064,0.158527,0.236621,0.306136,0.240128,0.036899,0.666299,0.058419
3095,0.099598,0.062389,0.056860,0.048052,0.317923,0.162079,0.087374,0.142782,0.284249,0.153342,0.033167,0.440650,0.025868
3096,-0.149354,0.069130,0.074825,0.067026,-0.383998,0.177108,0.111461,0.191406,-0.343938,0.115491,0.032209,-0.548202,0.074685
3097,-0.091642,0.012847,0.029226,0.027515,-0.221822,-0.006123,-0.003654,-0.041633,-0.235096,-0.016668,0.007635,-0.268051,0.019073
3098,-0.203316,-0.114668,-0.120882,-0.111208,-0.621075,-0.239104,-0.131708,-0.245366,-0.597850,-0.181040,-0.026885,-0.850111,0.002022
3099,-0.040627,0.046139,0.033287,0.028795,-0.109906,0.071916,0.052107,0.127451,-0.068130,0.046599,0.033767,-0.289855,0.033908
3100,0.209657,0.102888,0.085264,0.055975,0.885893,0.341186,0.174291,0.246778,0.929996,0.224077,0.009569,1.530003,0.026552
3101,0.368446,0.062789,0.109773,0.096064,1.272457,0.182693,0.087266,0.152391,1.383597,0.077414,-0.021012,0.890581,-0.092788
3102,-0.268891,-0.087588,-0.048524,-0.044355,-0.593678,-0.130521,-0.097730,-0.089940,-0.588743,-0.132754,0.024240,-0.850706,0.023374
3103,-0.127023,0.099950,0.089408,0.083538,-0.126126,0.107792,0.096856,0.170649,-0.206719,0.097872,0.035103,-0.497041,0.009056
3104,-0.118236,-0.025640,-0.013631,-0.009076,-0.363179,-0.042734,-0.020399,-0.072152,-0.319229,-0.056049,0.005773,-0.490625,0.021799
3105,-0.178436,-0.115318,-0.084309,-0.083096,-0.347365,-0.194452,-0.125418,-0.203141,-0.459286,-0.150615,-0.004895,-0.405935,-0.030173
3106,-0.094281,0.090715,0.124497,0.100567,-0.153484,0.285934,0.179179,0.313965,-0.208030,0.205929,0.057210,0.015145,0.073929
3107,-0.100451,-0.038673,-0.015772,-0.018950,-0.334712,-0.070626,-0.032777,-0.060638,-0.267033,-0.105055,0.014107,-0.274150,0.036785
3108,0.178201,-0.001862,-0.004607,-0.006705,0.444052,-0.002028,-0.007800,-0.043702,0.437778,0.009341,0.004552,0.718954,-0.027476
3109,0.723651,-0.096533,0.013248,0.000727,2.388581,-0.064567,-0.083513,-0.116490,2.631164,-0.117900,-0.108401,0.907654,-0.272990
3110,-0.193685,0.030252,0.021058,0.022792,-0.602505,0.042983,0.042719,0.050314,-0.563279,0.047812,0.013838,-0.594025,0.096938
3111,-0.153786,-0.028169,-0.042544,-0.036450,-0.396114,-0.071734,-0.054602,-0.089656,-0.488022,-0.008467,0.011731,-0.400740,0.050781
3112,-0.052619,0.006350,-0.006492,-0.006431,-0.375242,-0.058963,-0.009920,-0.058309,-0.279521,-0.056632,-0.016224,-0.055698,0.102585
3113,-0.042840,0.013129,-0.074855,-0.071929,-0.360967,-0.018118,0.004984,0.017294,-0.296334,0.032874,0.002655,-0.155438,0.070709
3114,-0.051321,0.289792,0.169052,0.147390,-0.028667,0.603117,0.414912,0.567694,-0.075162,0.477660,0.125598,0.658069,0.242732
3115,-0.009186,-0.002464,-0.053210,-0.048678,-0.079443,-0.033283,-0.002636,-0.043310,-0.151110,0.058230,-0.003200,0.208261,0.040160
3116,-0.032525,0.102025,0.118384,0.097685,-0.046393,0.237769,0.134761,0.309557,-0.101974,0.216880,0.017168,0.213556,0.056521
3117,-0.223309,0.017083,-0.037076,-0.033758,-0.530796,-0.021702,0.011103,0.045766,-0.573252,0.051027,0.027182,-0.658218,0.082459
3118,-0.077909,0.016509,-0.023800,-0.022395,-0.177443,0.038479,0.016713,0.044587,-0.173079,0.070321,0.019134,-0.147318,0.089291
3119,-0.070473,0.365769,0.277776,0.221890,-0.075450,0.807840,0.629662,0.746940,-0.129061,0.580752,0.191329,0.664972,0.376139
3120,-0.084461,-0.040553,-0.041346,-0.037068,-0.184335,-0.113579,-0.098260,-0.100829,-0.255311,-0.032681,-0.005272,0.279432,0.024378
3121,-0.308019,0.094779,-0.052361,-0.041220,-0.786690,-0.014265,0.020700,0.056684,-0.782445,0.083837,0.036044,-1.185452,0.134367
3122,-0.497756,-0.446094,-0.402399,-0.359172,-1.267220,-0.928979,-0.484224,-0.932835,-1.222086,-0.804603,-0.114124,-2.454485,-0.217634
3123,-0.173783,-0.063652,-0.144149,-0.123170,-0.457914,-0.209677,-0.116681,-0.214485,-0.437742,-0.109021,-0.002710,-0.547737,0.009882
3124,-0.156243,-0.076407,-0.128540,-0.112256,-0.479299,-0.212023,-0.110698,-0.284277,-0.511264,-0.108801,-0.000549,-0.632796,-0.003841
3125,-0.174749,-0.074062,-0.149959,-0.134860,-0.448055,-0.158567,-0.067481,-0.148073,-0.469608,-0.078762,0.012236,-0.540660,0.006901
3126,-0.344325,-0.177044,-0.231342,-0.205765,-0.795655,-0.351003,-0.183121,-0.321097,-0.755663,-0.243821,-0.005104,-1.129413,-0.003766
3127,-0.194903,-0.067318,-0.127374,-0.114910,-0.362717,-0.043819,0.005543,-0.025184,-0.322068,-0.026742,0.004303,-0.402315,-0.005002
3128,-0.223085,0.057909,0.047216,0.040557,-0.464018,0.234523,0.162347,0.248473,-0.467696,0.166777,0.040330,-0.879734,0.089304
3129,-0.147912,0.151722,0.119259,0.105421,-0.254323,0.449473,0.310716,0.526320,-0.197803,0.310347,0.064706,-0.461330,0.111248
3130,0.004219,-0.243378,-0.292924,-0.276072,0.146615,-0.336645,-0.162598,-0.351650,0.224977,-0.273886,-0.029357,0.014991,-0.172921
3131,0.035331,-0.003521,-0.056077,-0.047700,0.166043,-0.007459,0.003609,0.039678,0.229966,-0.004774,-0.022048,0.344025,-0.041503
3132,0.240607,0.364627,0.396938,0.354272,0.595443,0.725132,0.441746,0.762359,0.579622,0.514534,0.083991,0.794235,0.147844
3133,-0.256509,-0.199324,-0.239933,-0.223455,-0.489281,-0.428734,-0.253389,-0.458520,-0.563887,-0.265291,-0.049750,-0.367920,-0.079009
3134,-0.366150,-0.570640,-0.530720,-0.490167,-0.673128,-1.057760,-0.561525,-1.056669,-0.626133,-0.895921,-0.117867,-0.942300,-0.249695
3135,-0.311597,-0.484820,-0.478684,-0.438243,-0.625548,-0.906774,-0.487951,-0.930748,-0.644199,-0.727526,-0.064263,-0.887568,-0.148372
3136,-0.221364,-0.409603,-0.415201,-0.383349,-0.383089,-0.752264,-0.402097,-0.743609,-0.325335,-0.625812,-0.072598,-0.545784,-0.178184
3137,-0.342006,-0.499404,-0.492406,-0.451492,-0.723035,-0.936734,-0.488863,-0.943282,-0.647058,-0.802247,-0.085658,-1.070671,-0.188331
3138,-0.169978,-0.433674,-0.419767,-0.384318,-0.380308,-0.838142,-0.451156,-0.864758,-0.379049,-0.692324,-0.078720,-0.884710,-0.184417
3139,-0.046434,-0.091516,-0.000156,-0.008276,-0.147130,-0.124349,-0.084922,-0.032019,-0.046018,-0.196813,-0.048005,-0.442616,-0.094720
3140,-0.046540,-0.100162,-0.091189,-0.088649,-0.116462,-0.237330,-0.126396,-0.180942,-0.012651,-0.245562,-0.035092,0.014887,-0.062671
3141,-0.132338,-0.294639,-0.257290,-0.235919,-0.345471,-0.523699,-0.299967,-0.491769,-0.296286,-0.469125,-0.076191,-0.603476,-0.159025
3142,-0.221099,-0.312462,-0.294563,-0.269846,-0.527609,-0.620391,-0.337367,-0.554581,-0.432796,-0.539931,-0.063882,-0.651797,-0.140245
3143,-0.225799,-0.294618,-0.243878,-0.223719,-0.327229,-0.513239,-0.300761,-0.445149,-0.235826,-0.474794,-0.076244,-0.475674,-0.140309
3144,-0.484755,-0.367545,-0.246903,-0.225136,-0.896626,-0.647201,-0.401884,-0.519330,-0.863371,-0.553585,-0.056833,-1.583239,-0.114377
3145,-0.405996,-0.389572,-0.302486,-0.277076,-0.864220,-0.728605,-0.408303,-0.652815,-0.777413,-0.638254,-0.060052,-1.327032,-0.116881
3146,-0.198325,-0.200357,-0.194543,-0.173736,-0.501409,-0.523722,-0.281102,-0.487545,-0.459622,-0.438120,-0.049579,-0.825058,-0.086354
3147,-0.046479,-0.022932,-0.030521,-0.028272,-0.330997,-0.345339,-0.201521,-0.434807,-0.388868,-0.214515,-0.034033,-0.772843,-0.047913
3148,-0.173100,-0.195574,-0.140645,-0.124568,-0.667295,-0.607457,-0.329161,-0.577036,-0.634035,-0.495125,-0.066177,-1.119765,-0.109130
3149,-0.280613,-0.270017,-0.243168,-0.224258,-0.564687,-0.588006,-0.328297,-0.602381,-0.641547,-0.435839,-0.032869,-0.346285,-0.062876
3150,-0.109920,-0.107849,-0.107914,-0.094875,-0.298493,-0.261354,-0.137426,-0.206302,-0.240679,-0.221503,-0.040182,-0.426536,-0.075838
3151,-0.376357,-0.236904,-0.234991,-0.212489,-0.734324,-0.510292,-0.307195,-0.413635,-0.776824,-0.356576,-0.018513,-1.111555,-0.040048
3152,-0.330382,-0.217686,-0.191072,-0.171509,-0.755530,-0.451934,-0.258285,-0.393926,-0.676443,-0.378057,-0.045371,-1.066161,-0.077884
3153,-0.244855,-0.217112,-0.227130,-0.204173,-0.493255,-0.487528,-0.273830,-0.419059,-0.510248,-0.363173,-0.042542,-0.466218,-0.096281
3154,-0.208787,-0.133942,-0.152084,-0.135846,-0.517711,-0.348343,-0.200433,-0.301339,-0.534735,-0.214693,-0.011958,-0.683031,-0.013740
3155,-0.293241,-0.092268,-0.105668,-0.093845,-0.675586,-0.228119,-0.125398,-0.144729,-0.638139,-0.166718,-0.009616,-0.814023,-0.016503
3156,-0.095410,-0.156650,-0.086598,-0.080063,-0.202685,-0.274833,-0.179494,-0.283624,-0.286165,-0.193035,-0.025974,-0.263336,-0.062054
3157,-0.057651,-0.060062,-0.039746,-0.036411,-0.176497,-0.098507,-0.065677,-0.056044,-0.154885,-0.077885,-0.024788,-0.374812,-0.033122
3158,-0.368133,-0.029495,-0.014471,-0.016897,-0.716573,-0.065416,-0.076170,-0.059913,-0.833086,0.042363,0.039220,-0.533150,0.043994
3159,-0.448874,-0.026303,-0.018378,-0.010360,-0.907771,-0.103137,-0.116388,-0.122442,-1.011809,0.016365,0.015415,-0.508882,0.007540
3160,-0.083177,0.047818,0.173200,0.141465,-0.394764,0.246073,0.182854,0.186458,-0.271520,0.020454,0.001685,0.296148,0.006477
3161,0.108310,-0.081332,-0.025264,-0.030146,0.209120,-0.135707,-0.065189,-0.123865,0.253937,-0.143936,-0.015564,0.028658,-0.037047
3162,-0.241041,-0.027873,-0.052347,-0.046433,-0.466846,-0.038041,-0.046249,-0.058854,-0.537184,0.036814,0.024326,-0.283013,0.017131
3163,-0.356438,-0.128568,-0.156735,-0.142793,-0.774024,-0.300205,-0.173830,-0.246102,-0.758037,-0.199366,-0.023397,-1.088645,-0.063798
3164,-0.466268,-0.049401,-0.049748,-0.049329,-0.833633,0.006774,-0.070584,-0.014972,-0.925671,0.099350,0.081359,-0.649233,0.089472
3165,-0.313976,-0.183225,-0.132597,-0.121221,-0.581101,-0.360957,-0.263091,-0.396104,-0.689688,-0.208315,-0.017002,-0.496975,-0.038551
3166,-0.383756,-0.172987,-0.149736,-0.141444,-0.776556,-0.310974,-0.212979,-0.268364,-0.774316,-0.252749,-0.045007,-0.683759,-0.100170
3167,-0.785274,-0.225546,-0.197551,-0.180806,-1.497360,-0.409445,-0.306417,-0.384604,-1.519030,-0.275479,-0.006079,-1.252409,-0.081179
3168,-0.721260,-0.072772,-0.096974,-0.093234,-1.359190,-0.136025,-0.152550,-0.035610,-1.389551,-0.081853,-0.001600,-1.176596,-0.040454
3169,-0.721187,-0.375315,-0.304232,-0.281477,-1.338680,-0.656062,-0.446133,-0.652774,-1.407148,-0.503691,-0.048867,-0.842133,-0.151652
3170,-0.150250,-0.225692,-0.167163,-0.151147,-0.195212,-0.427083,-0.308582,-0.467978,-0.345982,-0.287234,-0.040791,0.802610,-0.118354
3171,-0.998200,-0.570463,-0.481711,-0.454914,-1.712915,-0.944537,-0.588086,-0.995618,-1.731642,-0.759691,-0.095780,-1.503486,-0.180487
3172,-0.313915,-0.091919,-0.056325,-0.048678,-0.637642,-0.193624,-0.172107,-0.217515,-0.742650,-0.094681,0.016768,0.094644,-0.009329
3173,-0.881452,-0.395529,-0.319002,-0.293893,-1.626740,-0.715465,-0.462069,-0.733304,-1.675838,-0.534013,-0.046178,-1.527437,-0.155883
3174,-0.842569,-0.307831,-0.248549,-0.228243,-1.575492,-0.555691,-0.398617,-0.529867,-1.610576,-0.391666,-0.023087,-1.344663,-0.126062
3175,-0.488222,-0.222125,-0.211523,-0.192277,-0.898971,-0.355822,-0.248785,-0.375622,-0.976798,-0.244262,-0.046688,0.094369,-0.042942
3176,-0.889193,-0.338546,-0.278720,-0.253766,-1.690794,-0.644101,-0.409471,-0.641053,-1.713566,-0.473067,-0.037849,-1.807054,-0.132004
3177,-0.725089,-0.228521,-0.203856,-0.187454,-1.396134,-0.442937,-0.295480,-0.417086,-1.391969,-0.330974,-0.016079,-1.209741,-0.059946
3178,-0.858472,-0.351747,-0.300245,-0.290909,-1.520975,-0.605687,-0.413494,-0.552783,-1.591854,-0.446514,-0.034819,-0.729407,-0.164796
3179,-0.758767,-0.306793,-0.244385,-0.224105,-1.465867,-0.546207,-0.385616,-0.572776,-1.519368,-0.384635,-0.019094,-1.119717,-0.096237
3180,-0.919600,-0.361251,-0.295531,-0.275681,-1.784812,-0.666521,-0.429472,-0.651197,-1.752467,-0.564162,-0.071724,-2.221516,-0.209394
3181,-0.998961,-0.362563,-0.299390,-0.278463,-1.815972,-0.647997,-0.444281,-0.632910,-1.789660,-0.488897,-0.034579,-2.015319,-0.139922
3182,-0.939616,-0.356180,-0.293088,-0.266303,-1.749653,-0.685735,-0.445284,-0.690613,-1.745040,-0.521681,-0.060349,-1.884192,-0.169844
3183,-0.105708,-0.192795,-0.167985,-0.155064,-0.040262,-0.385535,-0.260156,-0.359159,-0.015966,-0.318124,-0.068670,0.624137,-0.151761
3184,-0.814682,-0.341502,-0.285182,-0.264933,-1.514233,-0.656838,-0.447676,-0.663282,-1.585081,-0.449117,-0.062529,-1.327141,-0.150981
3185,-0.526630,-0.167425,-0.135913,-0.122409,-0.969679,-0.276235,-0.257371,-0.296272,-1.097107,-0.140524,0.021021,-0.595872,-0.043813
3186,-0.538448,-0.224429,-0.181581,-0.166527,-1.016521,-0.424370,-0.322513,-0.425472,-1.088320,-0.279345,-0.029806,-0.423808,-0.097690
3187,-0.030321,-0.000323,-0.013436,-0.012909,-0.042105,-0.052029,-0.038708,-0.056944,-0.052709,-0.027963,-0.017223,0.085681,-0.038156
3188,-0.013456,-0.017518,-0.019056,-0.019934,0.060770,-0.060392,-0.072312,-0.084987,-0.076846,0.003066,0.027074,0.054672,0.012459
3189,-0.077429,-0.033152,-0.045188,-0.043535,-0.070346,-0.115440,-0.107434,-0.141122,-0.203664,-0.024738,0.024559,0.024162,0.010807
3190,-0.118559,-0.026241,-0.010749,-0.010112,-0.239757,-0.096189,-0.076914,-0.058575,-0.237547,-0.102396,-0.009338,-0.025772,-0.037311
3191,-0.043350,0.009439,0.005281,0.003574,-0.048481,0.038228,-0.020063,0.053892,-0.020808,0.030627,0.013185,0.389503,0.013964
3192,0.077171,0.219530,0.174429,0.154367,0.216966,0.410735,0.256952,0.401844,0.111312,0.363648,0.086355,0.196623,0.159060
3193,0.018627,0.009455,-0.004757,-0.008639,0.034704,0.005937,0.007435,0.059444,0.133397,-0.031538,-0.019924,0.202084,-0.030072
3194,-0.223815,-0.165035,-0.131302,-0.111558,-0.732110,-0.476876,-0.254598,-0.511258,-0.557624,-0.462568,-0.053498,-1.233357,-0.130325
3195,-0.008766,-0.015288,0.022852,0.015391,0.066075,-0.105670,-0.072353,-0.073273,0.046112,-0.081558,-0.003040,0.502480,-0.046573
3196,-0.048145,-0.054649,-0.042296,-0.042800,-0.045207,-0.115447,-0.081265,-0.039964,-0.001338,-0.110505,0.001453,0.019746,-0.007539
3197,-0.033077,0.050850,0.036261,0.039131,-0.143727,0.129133,0.060044,0.117072,-0.104715,0.083395,0.026426,0.020652,0.028782
3198,0.094175,0.079612,0.088056,0.077695,0.221169,0.108756,0.033702,0.053808,0.095298,0.135500,0.021629,0.470989,0.015775
3199,0.002819,0.064408,0.099073,0.089694,0.050385,0.058979,0.011994,0.045347,-0.075495,0.070876,0.031107,0.085092,0.032075
3200,-0.016033,0.128527,0.081092,0.073874,0.067428,0.257836,0.183634,0.373332,0.128597,0.181078,0.125568,0.073970,0.183183
3201,0.041609,0.173219,0.221978,0.189391,-0.262562,0.428389,0.356221,0.443032,0.024464,0.113785,-0.021675,-0.335754,0.072422
3202,-0.180174,-0.062008,-0.038264,-0.029593,-0.390220,-0.165824,-0.106263,-0.155477,-0.375485,-0.130032,-0.010939,-0.403250,-0.041407
3203,-0.124214,0.061424,0.032136,0.035117,-0.313965,0.080868,0.078815,0.138363,-0.219928,0.016764,0.009189,-0.143987,-0.007054
3204,-0.139496,0.039892,0.012759,0.015549,-0.316977,-0.032127,-0.000936,0.043694,-0.257457,-0.066732,-0.013310,-0.205740,0.003386
3205,-0.103926,0.013065,0.033713,0.030771,-0.227357,-0.063343,-0.050788,-0.051475,-0.253021,-0.030494,-0.005037,-0.207508,-0.014715
3206,-0.117916,0.001377,-0.021213,-0.014742,-0.234294,-0.031350,-0.013822,0.015196,-0.172030,-0.051533,0.017522,0.164306,0.023825
3207,-0.228756,-0.431964,-0.325199,-0.303392,-0.502830,-0.836734,-0.489108,-0.850984,-0.533479,-0.684128,-0.077284,-0.946507,-0.161111
3208,-0.058518,0.012164,0.001838,0.004322,-0.156646,0.005949,0.027983,0.080100,0.009038,-0.055758,-0.014754,-0.004596,0.016034
3209,-0.069309,-0.107062,-0.084040,-0.075492,-0.153943,-0.188081,-0.113095,-0.149730,-0.032855,-0.195328,-0.019306,-0.064179,0.001609
3210,-0.049475,0.024821,0.027308,0.029323,-0.198842,0.103574,0.092253,0.150181,0.004138,-0.040694,-0.006193,-0.288809,-0.002003
3211,-0.033783,-0.050045,-0.050205,-0.045645,-0.095291,-0.135159,-0.074957,-0.111258,-0.084311,-0.096025,0.005906,0.051300,-0.022466
3212,-0.067130,-0.099586,-0.091535,-0.080076,-0.155591,-0.208300,-0.093755,-0.160708,-0.033019,-0.206053,-0.022836,-0.054607,-0.039538
3213,-0.039960,-0.003016,-0.021161,-0.018783,-0.099204,-0.015970,-0.005655,0.037727,-0.011376,-0.041250,0.014500,0.150812,0.033194
3214,-0.005738,0.078129,0.061742,0.057512,-0.110427,0.100631,0.092884,0.145079,-0.003070,0.053261,0.034389,0.345440,0.066694
3215,-0.157286,-0.233987,-0.167087,-0.147754,-0.631558,-0.550639,-0.286066,-0.587083,-0.482343,-0.513021,-0.036487,-0.745718,-0.074044
3216,-0.249228,-0.299209,-0.210874,-0.195905,-0.622170,-0.648769,-0.381107,-0.658457,-0.634891,-0.520506,-0.053273,-1.084324,-0.127632
3217,-0.276515,-0.201243,-0.158964,-0.142683,-0.608979,-0.450328,-0.251526,-0.390654,-0.546868,-0.371600,-0.015127,-0.835799,-0.049159
3218,-0.163115,0.068625,0.040925,0.037648,-0.252023,0.147986,0.075943,0.201426,-0.270091,0.103816,0.004697,-0.375801,0.050202
3219,-0.249268,-0.021861,-0.046122,-0.039830,-0.512319,-0.093098,-0.049811,0.012691,-0.447129,-0.087826,0.026795,-0.431385,0.056458
3220,-0.201695,0.047941,0.055430,0.051970,-0.311738,0.065085,-0.007312,0.161205,-0.339356,0.051969,0.009198,-0.600979,0.019575
3221,-0.087381,0.044967,0.003481,0.003253,0.094072,0.182734,0.104379,0.271879,0.060060,0.098866,-0.000152,-0.187397,0.019269
3222,-0.240589,0.021229,-0.038266,-0.032850,-0.327832,0.036360,0.014158,0.166483,-0.298294,0.018196,-0.021252,-0.383313,0.016349
3223,-0.231033,-0.022386,-0.045001,-0.039510,-0.187024,0.079011,0.024783,0.164057,-0.141860,0.050746,-0.003973,-0.250238,0.035954
3224,-0.238967,0.047532,0.022094,0.018664,-0.152088,0.199344,0.098341,0.298681,-0.153503,0.145576,0.011634,-0.017791,0.085525
3225,-0.360141,-0.105967,-0.108583,-0.103874,-0.570086,-0.131128,-0.131965,-0.096946,-0.560775,-0.057441,-0.014951,-0.680950,0.054856
3226,-0.415325,0.054395,0.026001,0.029854,-0.722924,0.167275,0.092345,0.282929,-0.664451,0.112693,0.047265,-0.967505,0.120506
3227,-0.010009,0.088876,0.087529,0.073082,0.160315,0.180440,0.080858,0.195106,-0.002452,0.186070,0.003522,0.261384,0.045946
3228,-0.228576,-0.022426,-0.050350,-0.044920,-0.389894,-0.011252,-0.007897,0.092052,-0.334608,-0.020592,0.010718,-0.510515,0.047424
3229,-0.029775,0.005548,0.025212,0.022667,-0.086736,0.049173,0.025975,0.068213,-0.051737,0.023352,-0.010665,-0.467453,0.019450
3230,-0.176873,0.040214,0.102065,0.085824,-0.178028,0.027537,-0.028317,0.071200,-0.339037,0.112031,0.001582,-0.242418,0.046431
3231,-0.136016,-0.015000,0.026553,0.015033,0.102816,0.061466,-0.017527,0.160972,-0.025054,0.063885,-0.017161,0.106183,-0.013536
3232,-0.302147,-0.075904,-0.113013,-0.100410,-0.440566,-0.168860,-0.140713,-0.056695,-0.455307,-0.126567,0.014485,-0.693367,0.004577
3233,-0.126064,0.117283,0.070052,0.050836,0.014295,0.368273,0.183990,0.467915,-0.137986,0.305741,0.053058,-0.057798,0.141797
3234,-0.103185,0.170350,0.096997,0.081042,0.133958,0.503477,0.309167,0.673358,0.173261,0.330182,0.009149,0.128942,0.124745
3235,-0.057487,0.141384,0.091428,0.071133,0.260849,0.548070,0.316059,0.657991,0.202652,0.432123,0.047843,0.317393,0.144555
3236,-0.100975,0.114316,0.058359,0.045160,0.155065,0.420312,0.250756,0.579620,0.217344,0.282202,0.012721,0.012091,0.095521
3237,-0.568724,-0.375449,-0.292203,-0.246127,-1.420317,-0.753229,-0.385640,-0.857288,-1.108639,-0.778244,-0.116176,-3.086761,-0.169300
3238,0.072672,0.236943,0.186819,0.169309,0.192562,0.529973,0.347957,0.552295,0.192379,0.420480,0.065300,0.555025,0.200896
3239,1.292365,0.275933,0.060585,0.033791,2.466778,0.675092,0.587929,0.894285,3.257245,0.362110,-0.205262,2.479421,-0.011427
3240,0.006675,0.283625,0.225725,0.202583,0.129758,0.537799,0.349753,0.611370,0.140867,0.435533,0.036560,0.679389,0.208983
3241,0.292074,0.236378,0.213954,0.186911,0.666996,0.545090,0.328239,0.472520,0.514390,0.463689,0.068385,1.008592,0.192677
3242,-0.344555,0.044190,0.106024,0.087192,-0.425014,-0.045670,-0.057236,0.052567,-0.627285,0.118010,0.041328,-0.354405,0.188570
3243,-0.102257,-0.157785,-0.108765,-0.099063,-0.252466,-0.372549,-0.192912,-0.338702,-0.211709,-0.316063,-0.012897,0.164001,-0.024443
3244,-0.557688,-0.140781,-0.103763,-0.094767,-0.921324,-0.410678,-0.238697,-0.292501,-1.001976,-0.249373,0.036834,-1.099163,0.123782
3245,-0.125214,0.126149,0.099035,0.091386,-0.214435,0.163819,0.132813,0.219756,-0.187649,0.116228,-0.002007,0.341805,0.110838
3246,0.250550,0.252516,0.218329,0.198063,0.708241,0.550392,0.364620,0.718963,0.796384,0.366502,0.015877,0.496428,0.129626
3247,-0.061510,0.084664,0.091387,0.078042,0.034728,0.122139,0.079518,0.240500,-0.044301,0.138487,0.002621,-0.100205,0.090264
3248,0.098910,0.072514,0.067567,0.059912,0.237144,0.118441,0.099540,0.148621,0.308883,0.058573,0.007200,0.690612,0.025887
3249,0.049440,0.018899,0.020846,0.016999,0.125811,-0.034349,-0.006085,-0.040130,0.141293,0.005933,-0.020569,0.132095,0.031035
3250,-0.071900,-0.200695,-0.130771,-0.130083,-0.163149,-0.469975,-0.281559,-0.506963,-0.284784,-0.326646,-0.053410,-0.554356,-0.089776
3251,-0.186359,0.031580,0.035687,0.031907,-0.508264,0.044413,0.035630,0.130949,-0.477317,0.047307,-0.037716,-0.927232,-0.011594
3252,0.097363,0.186817,0.181434,0.158844,-0.053274,0.306799,0.244859,0.281174,0.065285,0.179854,-0.007987,0.226053,0.107773
3253,-0.048590,0.115467,0.104279,0.095088,-0.237489,0.196003,0.146873,0.227383,-0.120005,0.115620,0.002856,-0.058829,0.061233
3254,-0.118941,0.076373,0.062105,0.062653,-0.407748,-0.057552,-0.018211,-0.104886,-0.392554,-0.002973,0.007769,-0.466433,0.081516
3255,0.102215,0.079586,0.077415,0.064610,0.372824,0.104210,0.034551,0.061570,0.167672,0.197333,0.033123,0.818452,0.064603
3256,-0.093449,0.202133,0.167467,0.148653,-0.225128,0.255588,0.174139,0.293080,-0.212065,0.221798,0.052001,0.234393,0.215044
3257,0.045030,0.149419,0.138201,0.121162,0.044225,0.350514,0.203604,0.331611,0.010421,0.352922,0.083481,0.185702,0.149448
3258,0.144909,0.092863,0.093045,0.078925,0.299994,0.236314,0.124367,0.185216,0.252656,0.262275,0.051162,0.478165,0.096162
3259,0.052242,0.080384,0.083675,0.074697,0.080246,0.145177,0.091577,0.121968,0.115479,0.132327,0.015461,0.132080,0.032237
3260,0.291744,0.134529,0.117687,0.101160,0.826845,0.199713,0.142605,0.193769,0.816761,0.245992,0.027255,1.108407,0.143155
3261,-0.009867,0.075141,0.069415,0.059246,-0.081882,0.137547,0.067622,0.109552,-0.158183,0.195934,0.066628,0.277596,0.111670
3262,-0.118557,0.092989,0.083233,0.076643,-0.301188,0.155709,0.089484,0.129236,-0.359816,0.219730,0.088915,0.084964,0.189426
3263,-0.005327,0.045175,0.042773,0.036821,-0.055125,0.046412,0.034425,0.033417,0.000477,0.051139,0.013167,-0.040341,0.020279
3264,-0.285488,-0.006262,0.007515,0.006086,-0.695723,-0.071407,-0.045660,0.000426,-0.643814,-0.036880,-0.003282,-1.238204,0.030748
3265,0.045326,0.051794,0.056129,0.045833,0.203725,0.027105,-0.013154,0.004234,0.006302,0.149508,0.035027,0.561221,0.084648
3266,-0.161412,0.046621,0.050673,0.045062,-0.423397,-0.011224,-0.004214,0.021496,-0.415217,0.049180,0.020166,-0.237083,0.097808
3267,0.123785,0.040629,0.048134,0.039268,0.163498,0.095614,0.068205,0.051321,0.226064,0.051877,0.026893,0.197327,0.047227
3268,0.041471,0.021624,0.026303,0.020643,0.111980,-0.056757,0.005214,-0.023395,0.177651,-0.050395,-0.024415,0.132504,0.010966
3269,0.164936,0.154821,0.149795,0.117038,0.372220,0.382980,0.275067,0.454943,0.433821,0.287566,0.001125,0.553728,0.004880
3270,0.159615,-0.089671,0.001450,-0.000857,0.292303,-0.131807,-0.033242,-0.045780,0.418939,-0.287616,-0.092879,-0.312141,-0.137270
3271,-0.224785,0.006096,-0.003509,-0.000527,-0.552184,-0.091944,-0.015864,-0.073460,-0.473805,-0.087288,-0.022349,-0.775201,0.015352
3272,0.238291,0.069878,0.039641,0.027460,0.636397,0.036730,0.071270,0.065464,0.691728,0.047813,-0.030959,0.239896,0.027743
3273,-0.109308,0.041105,0.058083,0.047369,-0.348430,-0.045412,-0.020015,-0.050925,-0.417546,0.024962,-0.008223,-0.436502,0.046241
3274,0.115343,0.107563,0.111028,0.096619,0.210686,0.225527,0.105890,0.153060,0.059165,0.239590,0.033583,0.071284,0.032104
3275,0.489167,0.253779,0.224867,0.200566,0.599406,0.502874,0.344021,0.602491,0.772946,0.354748,-0.057727,0.270417,-0.026027
3276,-0.062773,0.045771,0.045701,0.040140,-0.027883,0.146317,0.118695,0.162383,-0.002205,0.086327,0.015631,0.048452,0.059428
3277,-0.121405,0.032991,0.016209,0.011169,-0.243521,0.165319,0.132939,0.237326,-0.150486,0.059133,0.058902,-0.128195,0.065408
3278,-0.058420,-0.039095,0.014431,0.005389,0.035937,-0.046774,-0.025996,-0.157281,-0.156944,0.022743,0.004460,0.079000,0.017208
3279,-0.115845,-0.088743,-0.051962,-0.047012,-0.195348,-0.171036,-0.070984,-0.180895,-0.249109,-0.146204,-0.022998,-0.175847,-0.015364
3280,-0.153478,-0.014115,-0.019738,-0.024736,-0.126045,0.116986,0.095329,0.147576,-0.147255,0.081956,0.069048,0.105107,0.130425
3281,0.004582,0.058845,0.072196,0.061446,0.149530,0.261566,0.169338,0.172824,0.100475,0.242673,0.128285,0.542504,0.237949
3282,-0.031315,0.008488,0.016201,0.007779,-0.011380,0.247409,0.169658,0.134157,0.159528,0.172589,0.104265,0.175783,0.192144
3283,-0.101249,-0.407867,-0.259011,-0.226618,-0.300351,-0.715824,-0.342267,-0.800341,-0.262654,-0.745445,-0.154502,-0.843042,-0.254558
3284,0.211467,0.078667,0.097810,0.093524,0.614450,0.307254,0.211409,0.289490,0.604495,0.186745,0.052330,1.082956,0.139543
3285,0.058591,0.106039,0.125332,0.120865,0.127712,0.224584,0.165292,0.167660,0.088847,0.211437,0.048749,0.465755,0.178047
3286,-0.173438,-0.082826,-0.027717,-0.027398,-0.275420,-0.175410,-0.107077,-0.162069,-0.338506,-0.068563,-0.004606,-1.188975,0.089993
3287,-0.226030,-0.056355,-0.077729,-0.060452,-0.678514,-0.291310,-0.187343,-0.252483,-0.639306,-0.175139,0.060537,-0.366053,0.141003
3288,-0.046443,0.136961,0.130943,0.124788,-0.197117,0.211951,0.141253,0.201544,-0.199311,0.216311,0.070974,-0.043216,0.192427
3289,-0.146306,-0.007584,0.020063,0.049843,-0.666296,-0.163910,-0.160596,-0.162454,-0.676653,-0.112999,0.060455,-1.472995,0.015575
3290,0.073507,0.043274,0.028398,0.026176,0.038789,0.004335,-0.003298,-0.028973,0.039187,0.087683,0.019247,0.011203,0.133867
3291,0.426618,-0.022814,-0.019400,-0.026040,1.185037,-0.039749,-0.029460,-0.016690,1.239798,-0.012971,-0.049593,1.489806,-0.013241
3292,0.180689,0.055501,0.061963,0.057156,0.491987,0.080067,0.036517,0.066424,0.510941,0.089857,0.002252,0.498234,0.044556
3293,-0.159423,0.026480,0.025771,0.022703,-0.311225,0.051892,0.035894,0.105077,-0.283403,0.047535,0.013304,-0.097882,0.064964
3294,0.085617,0.079187,0.072642,0.070501,0.005073,0.088144,0.062557,0.038317,0.033714,0.073620,-0.026206,-0.072917,0.010715
3295,-0.110928,-0.011698,0.003637,0.003830,-0.253192,-0.077540,-0.062340,-0.124161,-0.376767,0.003734,0.036029,-0.279545,0.023427
3296,-0.023547,0.063931,0.049649,0.044545,-0.151770,0.062130,0.052213,0.073035,-0.106202,0.048183,0.011844,0.260632,0.052020
3297,0.017873,0.012372,0.012277,0.010781,-0.096608,-0.027932,-0.031939,-0.047009,-0.164691,0.039839,0.026814,-0.111649,0.011790
3298,0.038206,0.038457,0.033322,0.028650,-0.000224,0.070531,0.044041,0.051499,0.044214,0.059857,0.033962,-0.026103,0.032896
3299,-0.209077,-0.268098,-0.198814,-0.178568,-0.470989,-0.549120,-0.286778,-0.571498,-0.478679,-0.537239,-0.129743,-1.114000,-0.230442
3300,-0.132487,-0.054477,-0.065800,-0.069183,-0.256723,-0.107093,-0.074869,-0.056184,-0.310786,-0.117502,-0.032405,-0.370364,-0.068126
3301,-0.059341,0.046854,0.042202,0.042342,-0.152829,0.082323,0.058272,0.087339,-0.131424,0.060169,0.041967,0.059287,0.094130
3302,0.115095,0.058040,0.067303,0.064317,0.179875,0.089185,0.031592,0.025909,0.106765,0.135343,0.017700,0.269265,0.070912
3303,0.374936,0.096131,0.107252,0.094492,0.867015,0.220497,0.118031,0.154751,0.858712,0.208112,-0.006715,0.462559,0.053469
3304,-0.119036,0.007145,0.010827,0.011268,-0.222750,-0.007294,0.011534,0.026058,-0.164717,-0.037066,0.042616,-0.116524,0.077192
3305,-0.030424,-0.013165,0.038887,0.030102,0.080582,0.064996,0.007268,0.119519,0.039195,0.043798,0.022721,-0.029679,-0.002407
3306,-0.255055,0.003973,-0.015252,-0.014581,-0.511533,-0.022508,-0.014849,0.054732,-0.515142,0.002501,0.029191,-0.608436,0.058037
3307,0.016219,0.078623,0.068110,0.062272,0.028937,0.147051,0.084305,0.144654,0.023991,0.151087,0.019532,-0.031691,0.082231
3308,0.331830,0.056544,0.055534,0.044301,0.800233,0.075451,0.029631,-0.004187,0.707356,0.095250,-0.025360,0.783140,-0.022429
3309,-0.125808,0.027706,0.060890,0.052878,-0.220574,-0.031875,-0.042418,-0.092187,-0.442980,0.079671,0.058931,-0.037135,0.091659
3310,-0.041940,0.041648,0.003269,0.006213,-0.063105,0.081888,0.055263,0.162302,0.030972,0.014549,0.042652,0.094495,0.083630
3311,-0.018894,0.042141,0.018640,0.012823,-0.030821,0.177733,0.107213,0.263115,-0.069302,0.098155,0.026943,0.156571,-0.004315
3312,-0.184748,-0.002182,-0.023417,-0.016796,-0.383896,0.004054,0.026005,0.071256,-0.321834,-0.073769,0.039749,-0.271976,0.035730
3313,0.052182,0.076918,0.054929,0.049984,0.211044,0.231722,0.162916,0.285644,0.301625,0.110660,0.026972,0.460105,0.045739
3314,0.189326,0.167837,0.128968,0.115955,0.517306,0.455916,0.283656,0.432652,0.513283,0.343411,0.085459,0.904536,0.134697
3315,0.168271,0.124517,0.075424,0.068709,0.492231,0.345194,0.229866,0.382897,0.612128,0.203247,0.040363,0.721678,0.074556
3316,0.010769,0.048890,0.012917,0.016250,0.015982,0.081068,0.081617,0.124842,0.134492,-0.004139,-0.019921,0.251712,-0.016076
3317,0.163247,0.136915,0.104455,0.099338,0.313978,0.341788,0.209730,0.338730,0.389537,0.246898,0.032167,0.678742,0.094324
3318,0.073406,0.021622,-0.004668,-0.007671,0.231609,0.196972,0.129766,0.282996,0.303113,0.068600,0.005020,0.501122,-0.020866
3319,0.229120,0.157119,0.148320,0.139562,0.434047,0.298803,0.164376,0.234640,0.400092,0.266847,0.008451,0.738654,0.090971
3320,-0.226035,-0.033077,0.039802,0.042544,-0.397627,-0.148695,-0.109325,-0.134980,-0.581379,0.008765,0.087628,-0.173998,0.179664
3321,0.095811,0.087329,0.077410,0.074901,0.105737,0.060148,0.027946,0.026312,0.054725,0.116143,0.007546,0.033164,0.060657
3322,0.019946,-0.133744,-0.126130,-0.106082,-0.183914,-0.397554,-0.274068,-0.420643,-0.214532,-0.268468,0.025732,-0.336010,-0.011308
3323,0.330555,0.180071,0.164333,0.135803,0.748221,0.418587,0.221178,0.348948,0.728533,0.327989,-0.008058,0.656458,0.053815
3324,0.054521,0.112354,0.071242,0.063947,0.261156,0.213597,0.134347,0.311980,0.317099,0.127111,0.041704,0.411320,0.098338
3325,0.085042,0.081930,0.058517,0.043382,0.315743,0.224876,0.122726,0.214019,0.247684,0.203283,0.062595,0.547870,0.054758
3326,0.070258,0.034876,0.016080,0.013963,0.302026,0.142623,0.104320,0.188583,0.392411,0.040126,0.027206,0.656997,0.063300
3327,-0.004730,0.045282,0.017734,0.020085,-0.001177,0.053937,0.051582,0.068087,0.072693,-0.010330,0.007564,0.015852,0.035072
3328,0.187916,0.162369,0.130754,0.121657,0.386141,0.356072,0.217615,0.348524,0.432674,0.252685,0.042733,0.630493,0.108901
3329,0.106310,0.086385,0.055570,0.051003,0.358348,0.202991,0.142561,0.234003,0.411137,0.089848,0.026984,0.807693,0.057265
3330,0.444632,0.018858,0.017020,0.010070,1.126357,0.064968,0.029333,0.053367,1.168443,0.049882,-0.043346,1.278967,-0.027954
3331,0.198071,0.172263,0.166824,0.145484,0.524051,0.394093,0.195395,0.315420,0.346769,0.378930,0.026630,0.650919,0.100021
3332,-0.341421,-0.112377,-0.027865,-0.026333,-0.622656,-0.357249,-0.232801,-0.344324,-0.848283,-0.143060,0.001689,-0.829434,0.051713
3333,-0.228065,0.013485,0.017605,0.022042,-0.414732,0.004896,-0.010794,0.059189,-0.460758,0.034557,0.049496,-0.315692,0.073520
3334,-0.319816,-0.410859,-0.217638,-0.205879,-0.606780,-0.786062,-0.493155,-0.830475,-0.807399,-0.590095,-0.024476,-0.520812,-0.062174
3335,-0.022146,0.070386,0.094428,0.082209,-0.062477,0.133373,0.043396,0.100107,-0.187459,0.187673,0.004797,-0.190720,0.019594
3336,0.120318,0.085603,0.068683,0.059770,0.386448,0.221929,0.137345,0.238746,0.523954,0.107569,0.009213,0.387210,0.001448
3337,-0.019148,0.008727,-0.003655,-0.005922,0.151134,0.143572,0.075344,0.176970,0.211774,0.063958,0.008631,0.237564,-0.022866
3338,-0.050654,0.018872,0.017675,0.015676,-0.002676,0.110912,0.035581,0.125285,0.008584,0.042260,0.007476,-0.077663,0.002725
3339,0.092918,0.113216,0.164336,0.139104,0.239528,0.309199,0.199269,0.272046,0.257002,0.151945,-0.018084,0.394524,-0.052474
3340,-0.241831,-0.152564,-0.059480,-0.052649,-0.508751,-0.389011,-0.252043,-0.453086,-0.715819,-0.237740,-0.014648,-0.327007,-0.007149
3341,-0.029441,0.080703,0.055098,0.051439,-0.000149,0.138631,0.055783,0.135743,-0.070294,0.162004,0.006310,-0.340117,-0.004865
3342,-0.081357,-0.041525,-0.055185,-0.045817,-0.183120,-0.095050,-0.050646,-0.072538,-0.148298,-0.117647,-0.015011,-0.447513,-0.045063
3343,0.039127,0.063440,0.054133,0.044666,0.045116,0.118613,0.076858,0.102305,0.073835,0.084683,-0.012479,-0.168527,-0.023465
3344,0.061319,0.057299,0.072229,0.066675,0.051231,0.070410,0.020519,0.050859,0.040173,0.088158,-0.001571,-0.082621,0.005058
3345,-0.612950,-0.394880,-0.182185,-0.168431,-1.299457,-0.998922,-0.543411,-1.253463,-1.503979,-0.779363,-0.152790,-0.243611,0.011276
3346,-0.039755,-0.006604,0.035066,0.029066,-0.094129,-0.115746,-0.116236,-0.201342,-0.316182,0.070038,0.007881,-0.323810,0.000506
3347,-0.108584,0.069442,0.003752,0.009523,-0.217009,0.106480,0.073844,0.192494,-0.162197,0.096151,0.030811,-0.473633,0.046329
3348,-0.033128,0.117968,0.137464,0.120478,-0.049378,0.123802,0.038610,0.093988,-0.171464,0.169072,-0.050274,-0.577031,-0.023427
3349,-0.059331,0.062817,0.094795,0.087743,-0.086146,0.016278,-0.026599,-0.047851,-0.284629,0.155141,0.028507,-0.206371,0.065011
3350,-0.041676,0.083633,0.041957,0.039810,-0.052111,0.049989,0.032050,0.066160,-0.076634,0.088714,0.008750,-0.158763,0.025869
3351,0.065999,0.125575,0.066565,0.061497,0.092352,0.226887,0.194165,0.253960,0.250751,0.068055,0.028704,0.103525,0.027999
3352,0.040509,0.087766,0.028467,0.026306,0.117734,0.127709,0.087891,0.161479,0.167008,0.103097,0.036758,0.077421,0.028334
3353,0.029701,0.081938,0.066664,0.056732,0.062317,0.123029,0.052989,0.074500,-0.061608,0.187790,0.034866,-0.112371,0.030002
3354,0.132567,0.119496,0.049769,0.042682,0.320928,0.273723,0.192713,0.314511,0.437238,0.164958,0.019100,0.312641,0.028991
3355,0.279826,0.164251,0.151791,0.130084,0.544375,0.329912,0.184395,0.260592,0.535237,0.268906,-0.044880,0.270752,-0.018276
3356,-0.236333,-0.115559,-0.116285,-0.102969,-0.493022,-0.256006,-0.141264,-0.232773,-0.528318,-0.188229,0.070275,0.114269,0.100002
3357,-0.211473,-0.073544,-0.051722,-0.041471,-0.459522,-0.201568,-0.141845,-0.224389,-0.577697,-0.057537,0.048659,0.081604,0.117857
3358,-0.274030,-0.157605,-0.157718,-0.133838,-0.621610,-0.357118,-0.202365,-0.345183,-0.594986,-0.303571,0.056296,-0.113740,0.061206
3359,-0.153419,0.002996,-0.051879,-0.044820,-0.344039,0.005516,0.012357,0.043261,-0.367469,0.048046,0.124236,0.366928,0.168223
3360,-0.217855,-0.059492,-0.063746,-0.058449,-0.533446,-0.151694,-0.112496,-0.206038,-0.675411,-0.009309,0.088258,0.010046,0.120120
3361,-0.043975,0.079923,0.009077,0.007580,-0.051825,0.177576,0.119679,0.236684,-0.014250,0.124681,0.117207,0.655416,0.187240
3362,-0.203571,-0.075867,-0.087936,-0.070879,-0.517602,-0.213042,-0.120988,-0.176232,-0.527772,-0.174291,0.075329,-0.007065,0.078549
3363,-0.314562,-0.184760,-0.160279,-0.142021,-0.777011,-0.455670,-0.275469,-0.511179,-0.919733,-0.263469,0.039824,-0.276771,0.056459
3364,-0.327030,-0.120513,-0.156777,-0.133753,-0.739771,-0.292038,-0.169269,-0.278036,-0.777161,-0.183406,0.103593,-0.016407,0.143384
3365,-0.200856,-0.083737,-0.088186,-0.074900,-0.427324,-0.174247,-0.086289,-0.135616,-0.433723,-0.139572,0.078366,0.363620,0.115314
3366,-0.406461,-0.173081,-0.132511,-0.116302,-0.918656,-0.448662,-0.263196,-0.489911,-1.049742,-0.258152,0.066953,-0.301106,0.127586
3367,-0.252759,-0.083360,-0.112144,-0.091075,-0.587678,-0.235006,-0.127980,-0.195031,-0.590209,-0.157111,0.098150,0.142449,0.142940
3368,0.020939,0.034645,0.084017,0.070765,0.074695,-0.004141,-0.040108,-0.072112,-0.081604,0.069832,0.002221,0.269982,0.027659
3369,0.275853,0.343162,0.242999,0.225662,0.690996,0.736279,0.478954,0.758779,0.841185,0.536260,-0.023655,-0.183157,0.049862
3370,-0.084048,0.072414,0.007349,0.010528,-0.172302,0.167688,0.122065,0.227957,-0.162878,0.153072,0.094711,0.104707,0.126101
3371,-0.240987,-0.027573,-0.042573,-0.032790,-0.548372,-0.112093,-0.085582,-0.137259,-0.662161,0.032266,0.080588,0.071008,0.166331
3372,-0.009578,0.155209,0.051767,0.058402,-0.110327,0.325157,0.238213,0.367407,0.017493,0.217505,0.054115,-0.357541,0.094844
3373,-0.346386,-0.182617,-0.195262,-0.169413,-0.806427,-0.420755,-0.232396,-0.415253,-0.846732,-0.289449,0.081412,-0.247422,0.107991
3374,-0.183819,-0.123492,-0.123665,-0.108114,-0.515092,-0.313129,-0.201539,-0.368897,-0.629245,-0.173867,0.027814,-0.057590,0.036568
3375,-0.402858,-0.198839,-0.214821,-0.183625,-0.914178,-0.474270,-0.256443,-0.452693,-0.961452,-0.348653,0.059098,-0.377761,0.087510
3376,-0.284811,-0.096271,-0.125846,-0.106007,-0.663011,-0.242111,-0.130209,-0.217096,-0.690879,-0.137334,0.113097,0.100804,0.171551
3377,-0.152940,-0.010331,-0.052869,-0.042830,-0.454490,-0.095516,-0.070993,-0.137789,-0.549812,0.016132,0.086363,0.201632,0.130759
3378,-0.120763,-0.033856,-0.094455,-0.077730,-0.291107,-0.121940,-0.065423,-0.084584,-0.260548,-0.103305,0.062428,0.310785,0.094379
3379,-0.084326,-0.119657,-0.066103,-0.053835,-0.238155,-0.272650,-0.163856,-0.243172,-0.173029,-0.298294,0.003328,0.307936,-0.019235
3380,0.039697,0.049647,0.037610,0.038293,-0.077865,0.040997,0.002095,0.013876,-0.137552,0.028198,0.019622,0.274189,0.030611
3381,-0.052604,-0.021917,-0.053891,-0.041779,-0.209566,-0.144723,-0.077702,-0.124328,-0.131592,-0.153347,-0.003884,0.056703,-0.006616
3382,-0.092428,-0.080301,-0.081597,-0.070438,-0.216913,-0.211022,-0.116999,-0.204711,-0.217124,-0.185443,0.037161,0.330082,0.044251
3383,0.034749,0.001053,-0.011519,-0.008719,-0.035122,-0.060818,-0.053087,-0.114020,-0.103662,-0.008379,0.020190,0.324851,0.024494
3384,-0.072042,-0.019179,-0.028254,-0.022219,-0.189054,-0.141269,-0.081661,-0.125831,-0.153757,-0.126168,0.020720,0.192140,0.027000
3385,0.008036,-0.012186,-0.024049,-0.022731,0.072030,0.011461,0.012022,0.029298,0.119762,-0.036967,0.009731,0.116120,-0.004531
3386,0.156645,0.154263,0.150444,0.127254,0.437157,0.409868,0.232367,0.441451,0.471679,0.280308,0.022576,0.438821,0.057443
3387,0.119292,-0.108682,-0.046688,-0.042725,-0.057199,-0.312545,-0.189308,-0.493535,-0.075817,-0.274854,-0.039854,1.551383,0.062859
3388,0.272484,0.061925,0.041665,0.036845,0.587723,0.207651,0.142961,0.247840,0.777444,0.061058,-0.037228,0.446839,-0.054022
3389,0.566004,0.523507,0.401596,0.361590,1.333974,1.119630,0.731007,1.156864,1.519837,0.829140,0.030090,0.793046,0.194072
3390,0.391760,0.188228,0.146693,0.132681,0.871710,0.410427,0.247921,0.390457,0.985705,0.317729,-0.017366,0.770105,0.005626
3391,0.341729,0.392250,0.284979,0.251013,0.793865,0.795243,0.520184,0.869205,0.969627,0.571730,0.072984,0.679711,0.204558
3392,0.537252,0.302277,0.234268,0.210525,1.220864,0.664090,0.409661,0.622438,1.418123,0.495129,0.004985,0.863997,0.089214
3393,0.431133,0.338668,0.260648,0.234368,0.986043,0.693500,0.443553,0.706308,1.112166,0.518467,0.011542,0.897696,0.101385
3394,0.189751,0.258322,0.174996,0.153888,0.381718,0.467231,0.293752,0.514696,0.490837,0.364515,0.075518,0.418025,0.166403
3395,0.511860,0.143014,0.123027,0.107233,1.257408,0.341010,0.196351,0.316672,1.377182,0.273364,-0.001009,1.466048,0.040747
3396,0.412802,0.222561,0.193323,0.172125,0.912356,0.480406,0.290459,0.462334,1.016627,0.392495,-0.005839,0.762707,0.035928
3397,0.078973,0.088709,0.075956,0.066109,0.195039,0.178595,0.102052,0.182370,0.224274,0.182635,0.029938,0.258992,0.082496
3398,0.129069,0.107345,0.075580,0.064487,0.329980,0.265138,0.149481,0.275591,0.343135,0.242555,0.039206,0.393064,0.082287
3399,0.257761,0.147727,0.133065,0.117901,0.584999,0.349400,0.198565,0.341187,0.621860,0.294202,0.012377,0.677024,0.061321
3400,0.387793,0.173340,0.140172,0.122311,0.924725,0.385394,0.208960,0.386238,0.966880,0.360791,0.028691,1.035733,0.074460
3401,-0.168864,0.062155,0.073558,0.068476,-0.577035,0.057410,0.032876,0.021637,-0.671836,0.124100,0.020017,-0.452487,0.098860
3402,0.018427,0.062820,0.062104,0.056649,-0.031610,0.036280,0.012970,-0.021766,-0.170565,0.134798,0.026243,0.206242,0.067164
3403,-0.080372,0.138738,0.113432,0.104281,-0.279376,0.279118,0.188697,0.301847,-0.243581,0.196015,0.009817,-0.305938,0.054795
3404,0.561442,-0.127558,-0.071135,-0.076456,1.809106,-0.091180,-0.054219,-0.082363,2.051332,-0.131132,-0.031793,0.809693,-0.078604
3405,0.007875,-0.035657,-0.021121,-0.020406,0.047151,-0.023589,-0.010009,-0.006409,0.058890,-0.022303,0.024828,0.208788,0.028267
3406,-0.132989,-0.054386,-0.038281,-0.035972,-0.306084,-0.110705,-0.066050,-0.116126,-0.289786,-0.082063,0.050595,-0.348639,0.032263
3407,-0.256081,0.113410,0.080102,0.077496,-0.894388,0.182000,0.094054,0.153175,-0.916712,0.283695,0.057259,-1.203085,0.197512
3408,-0.287910,0.002820,-0.007128,0.000082,-0.983647,-0.060246,-0.052088,-0.100393,-0.994287,0.066772,-0.034937,-1.764790,-0.006273
3409,-0.199788,0.070277,0.049155,0.046061,-0.651152,0.116805,0.063945,0.124497,-0.635781,0.148079,0.021097,-1.187517,0.046524
3410,-0.417492,-0.065007,-0.047585,-0.043035,-1.026557,-0.145991,-0.084291,-0.177636,-1.037754,-0.077852,0.010537,-1.359509,0.062132
3411,-0.412951,-0.039704,-0.034772,-0.027414,-1.093697,-0.130353,-0.073783,-0.157569,-1.112042,-0.059709,-0.030155,-1.751035,-0.008491
3412,-0.090986,0.491012,0.340671,0.306533,-0.277734,0.815327,0.582041,0.950919,-0.211457,0.560009,0.096915,-0.647016,0.273615
3413,-0.151077,0.027631,0.028459,0.034193,-0.667981,-0.053468,-0.023189,-0.094120,-0.659449,0.001052,-0.019325,-1.084946,-0.004857
3414,-0.235528,0.113336,0.090833,0.088082,-0.785301,0.117621,0.075844,0.100385,-0.830312,0.213408,0.006454,-1.105524,0.057515
3415,-0.228101,0.054972,0.036874,0.036872,-0.791228,0.069390,0.055541,0.082597,-0.729676,0.088304,0.017613,-1.170053,0.036751
3416,-0.198544,0.125461,0.090084,0.091412,-0.833163,0.188099,0.100712,0.116287,-0.805803,0.256543,0.011814,-1.420358,0.021581
3417,-0.194515,0.119951,0.120423,0.134712,-0.927342,0.057136,0.029985,-0.010027,-0.864578,0.057159,-0.050952,-1.654936,-0.052196
3418,-0.308709,0.217044,0.199553,0.200230,-1.077938,0.286362,0.177756,0.271316,-1.055786,0.291041,0.034652,-1.577105,0.105609
3419,-0.025698,0.329243,0.261841,0.240685,-0.267694,0.583983,0.353225,0.646909,-0.244109,0.550138,0.103090,0.130053,0.283578
3420,0.032030,0.128333,0.078471,0.072505,-0.056657,0.244638,0.128165,0.273817,-0.022906,0.274627,0.032705,-0.296360,0.083309
3421,0.435095,0.122831,0.102940,0.087274,1.282981,0.203376,0.111287,0.234996,1.317978,0.134553,0.010357,1.867400,0.032862
3422,0.560917,0.086101,0.097462,0.078006,1.912895,0.192580,0.080306,0.232148,1.904136,0.141869,-0.010594,2.704186,-0.021977
3423,0.155296,0.174052,0.150830,0.127857,0.465769,0.376956,0.217316,0.387742,0.383466,0.374111,0.058751,0.892331,0.143974
3424,1.014918,-0.040159,0.017985,0.005522,3.203201,-0.034684,-0.073643,-0.035558,3.313132,-0.065737,-0.072822,4.012661,-0.120060
3425,-0.201794,-0.017170,-0.015265,-0.009690,-0.558568,-0.122594,-0.042758,-0.107875,-0.580518,-0.129328,-0.019347,-0.457329,-0.015668
3426,-0.331033,-0.062948,-0.044925,-0.043262,-0.806949,-0.145355,-0.076463,-0.161922,-0.838097,-0.106568,0.010630,-0.715737,0.052712
3427,-0.098433,-0.090437,-0.061136,-0.060315,-0.267553,-0.143180,-0.080581,-0.164926,-0.257068,-0.114676,-0.029681,-0.709864,-0.083218
3428,-0.135501,0.027327,0.020914,0.023839,-0.435460,0.081573,0.061457,0.068081,-0.442274,0.098841,-0.005556,-0.585631,0.021603
3429,0.047500,-0.150314,-0.097770,-0.094017,0.047580,-0.291163,-0.185282,-0.341898,0.014992,-0.208600,-0.062882,-0.033746,-0.112024
3430,0.710190,-0.029304,0.022097,0.013750,2.170950,-0.073072,-0.079650,-0.080095,2.233209,-0.122490,-0.104477,2.843435,-0.142506
3431,0.597119,0.012183,0.048827,0.041058,1.799095,0.071080,0.011819,0.049199,1.812884,0.037752,-0.078705,2.324869,-0.099541
3432,0.702443,-0.076309,-0.015404,-0.022239,2.356437,-0.085003,-0.082315,-0.077899,2.465314,-0.150465,-0.077772,3.029272,-0.106262
3433,-0.337684,0.058474,0.047830,0.048644,-1.054040,-0.031621,-0.039081,-0.051654,-1.044070,0.041160,0.032093,-1.771735,0.000888
3434,-0.147501,0.050213,0.033459,0.032112,-0.488803,0.117345,0.080325,0.100923,-0.479976,0.141372,-0.008462,-0.974218,0.031517
3435,-0.297678,-0.065983,-0.056565,-0.051712,-0.840079,-0.134206,-0.076774,-0.143759,-0.834064,-0.112993,-0.033210,-1.316545,-0.046782
3436,0.351202,-0.024613,-0.013665,-0.017488,1.069339,-0.018008,-0.017427,-0.011425,1.117315,-0.082297,-0.028589,1.160416,-0.082674
3437,-0.222275,-0.291730,-0.244125,-0.211659,-0.884976,-0.645923,-0.365433,-0.722756,-0.840678,-0.529024,-0.058618,-0.998906,-0.128650
3438,-0.202338,0.151902,0.102300,0.094526,-0.712249,0.239033,0.155187,0.206741,-0.742764,0.282583,0.026594,-1.149103,0.074896
3439,-0.286503,0.015147,-0.011611,-0.008260,-0.831171,-0.002672,0.007555,0.003187,-0.826174,0.045870,0.048213,-1.142368,0.075925
3440,-0.148988,0.135090,0.081145,0.080170,-0.544258,0.211395,0.130746,0.227472,-0.539365,0.231261,0.060571,-0.677808,0.133826
3441,-0.207065,0.083820,0.046274,0.049425,-0.682358,0.144669,0.084048,0.121760,-0.708854,0.199548,0.042277,-1.131997,0.059744
3442,-0.353176,0.046858,0.001378,0.007094,-1.018453,0.033958,0.033265,0.073351,-1.002319,0.064277,0.016151,-1.561514,0.067027
3443,-0.392512,0.028972,0.009716,0.014334,-1.089432,-0.004331,0.000539,-0.016452,-1.138653,0.095927,0.003644,-1.650709,0.041745
3444,-0.316532,-0.051060,-0.046599,-0.032871,-1.018481,-0.152762,-0.088318,-0.201605,-1.009204,-0.056415,-0.044863,-1.717762,-0.050392
3445,-0.265602,0.953715,0.643164,0.573488,-0.554365,1.755341,1.281567,2.054321,-0.557344,1.306092,0.316433,-0.473474,0.964407
3446,-0.372599,0.047781,0.003681,0.005575,-1.007094,0.066576,0.038931,0.121729,-1.022804,0.108627,0.059604,-1.081614,0.173207
3447,-0.454944,-0.064890,-0.056748,-0.057114,-1.119759,-0.107089,-0.079793,-0.113479,-1.147214,-0.044418,0.027902,-1.117972,0.138658
3448,-0.352852,-0.111482,-0.086278,-0.080281,-1.017534,-0.171557,-0.090065,-0.185838,-0.981883,-0.159236,-0.026933,-1.634190,-0.049636
3449,-0.301943,0.006172,-0.024353,-0.014771,-0.955689,-0.014579,-0.018940,-0.017405,-0.976233,0.105265,0.005131,-1.471289,0.046784
3450,-0.305778,-0.022537,-0.032774,-0.023708,-1.034520,-0.056113,-0.046273,-0.095474,-1.059627,0.058440,-0.038739,-1.745004,0.003106
3451,-0.088881,-0.071131,-0.057555,-0.052070,-0.198896,-0.147145,-0.092114,-0.154038,-0.218092,-0.096240,0.026264,-0.263689,0.018707
3452,0.142239,0.117719,0.092076,0.080253,0.397021,0.306560,0.184745,0.318487,0.430773,0.261415,-0.022551,0.066541,0.007200
3453,0.298591,-0.010879,0.024579,0.014123,1.071232,0.073671,0.033816,0.066355,1.079563,0.055096,-0.008168,1.103914,0.033182
3454,-0.180854,0.017426,0.007828,0.008020,-0.367071,0.043483,0.021126,0.046636,-0.429471,0.074300,0.017034,-0.212450,0.058577
3455,-0.034974,-0.070122,-0.051185,-0.036377,-0.209378,-0.225031,-0.129872,-0.273235,-0.271869,-0.149170,-0.046268,-0.032263,-0.037747
3456,-0.190671,-0.023202,0.001972,0.004897,-0.428983,-0.097317,-0.070702,-0.153003,-0.576045,0.035841,-0.003581,-0.308431,0.023188
3457,-0.194513,-0.390703,-0.296749,-0.256856,-0.807304,-0.850776,-0.486232,-0.927040,-0.774504,-0.770664,-0.068388,-1.151114,-0.231465
3458,0.132956,0.341928,0.313881,0.275611,0.509108,0.886296,0.591372,0.862950,0.451511,0.700056,0.018225,0.093171,0.188159
3459,-0.296885,-0.307037,-0.236009,-0.200987,-0.895800,-0.672840,-0.380341,-0.733056,-0.840224,-0.633192,0.011872,-1.370635,-0.139493
3460,0.197807,0.229352,0.208593,0.184058,0.766877,0.518983,0.311755,0.528720,0.709057,0.472642,0.106308,1.447228,0.329787
3461,0.028669,0.171831,0.153595,0.133501,0.373959,0.389575,0.237500,0.386114,0.314511,0.382104,0.084326,0.936656,0.283299
3462,-0.079150,0.757371,0.577015,0.509597,0.195625,1.492953,1.069249,1.767682,0.151953,1.110690,0.266639,0.600571,0.804244
3463,-0.055355,0.169414,0.143939,0.129519,0.165742,0.340512,0.226340,0.357052,0.118678,0.299523,0.104568,0.619610,0.251308
3464,0.015138,0.181274,0.153835,0.131050,0.440060,0.441838,0.284871,0.477811,0.393129,0.377321,0.113931,1.149813,0.331753
3465,0.046683,0.199973,0.217744,0.185756,0.471213,0.453633,0.268597,0.430233,0.320147,0.452595,0.068847,1.111938,0.273644
3466,0.044596,0.343879,0.337600,0.280302,0.510015,0.829812,0.514394,0.894819,0.462879,0.774878,0.088106,0.831322,0.365042
3467,-0.111970,0.125968,0.116119,0.099470,0.031546,0.264952,0.178705,0.308024,-0.034883,0.223557,0.119434,0.665874,0.264628
3468,-0.083688,0.274249,0.236946,0.206475,0.085701,0.571084,0.384846,0.629057,0.024660,0.452760,0.111372,0.584552,0.341211
3469,-0.133937,0.212028,0.188746,0.159957,0.028677,0.540524,0.369298,0.611822,-0.012726,0.399680,0.111116,0.246716,0.274566
3470,-0.123638,-0.035293,-0.024499,-0.024192,-0.225071,-0.073932,-0.028571,-0.085846,-0.224635,-0.114467,-0.010472,-0.348637,-0.027320
3471,-0.050082,-0.120246,-0.094304,-0.086369,-0.149884,-0.236472,-0.141986,-0.221177,-0.115712,-0.233268,0.004560,-0.088764,-0.053331
3472,0.030500,-0.134090,-0.099677,-0.089616,0.039610,-0.265347,-0.172671,-0.326128,0.029141,-0.227803,-0.038777,0.061956,-0.073136
3473,-0.124356,-0.016234,-0.032643,-0.027855,-0.280106,-0.126795,-0.069090,-0.148109,-0.324248,-0.083165,0.075186,0.249104,0.141231
3474,-0.007399,-0.088149,-0.066124,-0.059344,-0.036724,-0.181602,-0.130684,-0.218244,-0.047071,-0.151432,-0.036883,0.222403,-0.060517
3475,0.016865,-0.091733,-0.042777,-0.043176,0.080349,-0.170288,-0.131065,-0.236325,0.011845,-0.108769,-0.020916,0.382680,-0.034237
3476,0.028964,0.101572,0.113384,0.104141,-0.003589,0.103044,0.021393,0.049617,-0.028045,0.141814,-0.039905,0.302344,0.000684
3477,-0.103412,-0.179543,-0.148999,-0.131065,-0.264517,-0.400058,-0.240550,-0.408649,-0.272607,-0.351141,0.022233,0.018511,0.006866
3478,0.123841,0.319844,0.252648,0.237750,0.414162,0.778182,0.534526,0.799360,0.351348,0.556727,0.074028,-0.094169,0.209750
3479,-0.008259,-0.250924,-0.190443,-0.166962,-0.101720,-0.569614,-0.321017,-0.632314,-0.182982,-0.453180,-0.032168,0.166976,-0.094041
3480,-0.046414,-0.097175,-0.085696,-0.066296,-0.208005,-0.324216,-0.183032,-0.350214,-0.263885,-0.280620,-0.008906,-0.278390,-0.080081
3481,0.300062,-0.199317,-0.163587,-0.149932,0.840385,-0.437238,-0.245392,-0.455507,0.807565,-0.400417,-0.054686,0.999660,-0.134409
3482,-0.068277,-0.099647,-0.052658,-0.041903,-0.284371,-0.284434,-0.179793,-0.304999,-0.304756,-0.244064,-0.040154,-0.129546,-0.088263
3483,-0.120200,-0.011906,0.001750,-0.000218,-0.289074,-0.067626,-0.020559,0.043118,-0.277727,-0.104185,0.034761,0.153115,0.010826
3484,-0.071564,0.063024,0.058165,0.053045,-0.190394,0.086252,0.043202,0.104653,-0.223400,0.087238,0.007178,-0.384753,-0.023911
3485,-0.151643,0.033883,0.022393,0.020534,-0.367110,0.053929,0.039483,0.167418,-0.319060,0.010834,0.051303,-0.072173,0.055121
3486,-0.054179,-0.135632,-0.108792,-0.093868,-0.167356,-0.321620,-0.193519,-0.344584,-0.222430,-0.243964,0.012972,0.284663,-0.006134
3487,-0.152615,-0.225784,-0.156193,-0.135831,-0.445808,-0.541187,-0.328472,-0.617541,-0.552777,-0.391931,0.005923,0.470769,0.017175
3488,0.026683,0.081198,0.088688,0.075776,0.011912,0.123346,0.045961,0.120007,-0.055050,0.177735,0.040100,0.190760,0.066997
3489,-0.039186,0.162364,0.121250,0.097211,0.026473,0.412028,0.285635,0.495458,0.045039,0.267046,0.054388,0.232352,0.062127
3490,0.115302,-0.120661,-0.114960,-0.105419,0.386496,-0.262902,-0.159929,-0.290984,0.301545,-0.184624,0.010140,0.646768,-0.022427
3491,-0.013781,-0.093210,-0.090492,-0.078225,-0.033148,-0.257492,-0.167019,-0.291150,-0.106157,-0.155172,0.002884,0.318704,0.003739
3492,-0.023453,-0.102010,-0.066378,-0.060530,-0.067050,-0.259824,-0.177736,-0.347736,-0.191128,-0.143173,-0.005551,0.209564,-0.009014
3493,-0.031034,-0.167524,-0.117180,-0.104014,-0.089452,-0.381264,-0.248981,-0.475186,-0.230211,-0.246417,-0.040533,-0.124280,-0.091176
3494,-0.135264,-0.183873,-0.149187,-0.129595,-0.302574,-0.425232,-0.253923,-0.458463,-0.366323,-0.329462,0.056461,0.494886,0.085072
3495,-0.070787,-0.160912,-0.133288,-0.119322,-0.163899,-0.358780,-0.216428,-0.388918,-0.218537,-0.275935,0.026609,0.293629,0.015025
3496,0.136952,-0.038449,-0.020576,-0.015956,0.312175,-0.150548,-0.115133,-0.231135,0.193342,-0.053081,-0.011345,0.545017,0.003934
3497,0.085302,0.092840,0.055727,0.049495,0.255961,0.156171,0.078473,0.130437,0.192115,0.182612,0.053232,-0.039479,0.056163
3498,0.053876,-0.218261,-0.177628,-0.168350,0.244749,-0.406735,-0.256235,-0.441135,0.185431,-0.292467,0.007151,0.498836,-0.037920
3499,0.179331,0.387596,0.340428,0.296967,0.622727,0.910166,0.607723,0.955215,0.617450,0.691363,0.060782,0.250417,0.137210
3500,-0.041338,-0.122211,-0.113238,-0.101534,-0.091471,-0.296324,-0.168714,-0.318110,-0.154179,-0.246379,0.022829,0.163396,-0.022714
3501,0.168473,0.053415,0.051689,0.048137,0.291392,0.081346,0.039018,0.021960,0.286407,0.101279,0.001962,0.150173,0.027272
3502,0.212070,0.088862,0.083505,0.076149,0.486180,0.181270,0.086641,0.171442,0.540623,0.188023,-0.018765,0.305595,-0.021877
3503,0.354288,1.142977,1.189180,0.986341,1.377118,2.754578,2.233757,3.130719,1.585583,1.795424,0.156037,0.381627,0.870124
3504,-0.096491,0.282120,0.145783,0.133850,-0.151937,0.400914,0.261884,0.519555,-0.207919,0.336629,0.128098,0.383095,0.277614
3505,0.053684,-0.055878,-0.037393,-0.030762,0.078289,-0.114463,-0.098634,-0.173987,-0.000416,-0.014498,0.000763,-0.014529,-0.053927
3506,0.023061,-0.116073,-0.090182,-0.078878,0.064057,-0.259894,-0.182891,-0.296269,-0.003566,-0.158300,0.040310,0.705229,0.046066
3507,-0.132096,-0.156687,-0.129744,-0.120240,-0.368531,-0.374025,-0.224742,-0.428783,-0.406781,-0.319885,0.000586,-0.073148,-0.030896
3508,-0.270867,-0.325841,-0.227221,-0.199734,-0.868881,-0.668168,-0.364405,-0.796608,-0.823926,-0.642927,-0.074976,-1.058983,-0.171173
3509,-0.096272,-0.180098,-0.134771,-0.126966,-0.253454,-0.366217,-0.233136,-0.426261,-0.299216,-0.291998,0.017623,0.201319,0.003194
3510,-0.165179,-0.353732,-0.278255,-0.248077,-0.518907,-0.710368,-0.401575,-0.808796,-0.571707,-0.587638,-0.068269,-0.264336,-0.153051
3511,-0.314179,-0.637810,-0.460121,-0.419892,-0.759343,-1.170854,-0.629221,-1.292797,-0.885331,-1.077338,-0.064119,-0.457663,-0.237688
3512,-0.246692,-0.576753,-0.414910,-0.373494,-0.612906,-1.059429,-0.571208,-1.190896,-0.721428,-0.944565,-0.098597,-0.849485,-0.292209
3513,-0.189759,-0.565653,-0.412178,-0.376415,-0.486871,-1.033103,-0.573901,-1.159679,-0.592650,-0.912914,-0.051446,-0.036286,-0.208207
3514,-0.158229,-0.715851,-0.512916,-0.470764,-0.281410,-1.261124,-0.667488,-1.405627,-0.452556,-1.203124,-0.159474,0.001874,-0.350147
3515,-0.337944,-0.592259,-0.436904,-0.391345,-0.854104,-1.076758,-0.575114,-1.208458,-0.921599,-1.002198,-0.110519,-1.134016,-0.266047
3516,-0.280419,-0.513675,-0.376852,-0.334570,-0.701991,-0.953230,-0.519043,-1.077839,-0.802845,-0.844590,-0.079400,-0.742974,-0.230187
3517,-0.248607,-0.513841,-0.376119,-0.332998,-0.637236,-0.946722,-0.519466,-1.078394,-0.735658,-0.851621,-0.080058,-0.489992,-0.198003
3518,-0.297887,-0.511734,-0.375847,-0.332009,-0.747444,-0.951463,-0.516065,-1.082507,-0.856214,-0.866357,-0.081009,-0.618669,-0.204626
3519,-0.304770,-0.414056,-0.319405,-0.276980,-0.851259,-0.847088,-0.459802,-0.972118,-0.913587,-0.765174,-0.085666,-0.956748,-0.201790
3520,-0.243274,-0.571465,-0.420987,-0.376872,-0.644426,-1.072943,-0.573805,-1.198080,-0.716878,-0.978177,-0.112120,-0.834439,-0.288496
3521,-0.278628,-0.487466,-0.355308,-0.314712,-0.777174,-0.956176,-0.515891,-1.076730,-0.816287,-0.869918,-0.077949,-0.685248,-0.210029
3522,-0.134873,-0.581133,-0.411971,-0.366866,-0.370449,-1.113766,-0.580808,-1.258699,-0.489830,-1.065836,-0.123937,-0.125212,-0.289541
3523,0.007734,-0.075937,-0.070016,-0.063943,0.013602,-0.184141,-0.104061,-0.183622,0.012910,-0.162567,-0.023682,-0.014138,-0.085363
3524,-0.316802,-0.487512,-0.374746,-0.333925,-0.850249,-0.947201,-0.517007,-1.060109,-0.922427,-0.842667,-0.071627,-0.562930,-0.179502
3525,-0.241161,-0.627164,-0.460474,-0.414020,-0.641076,-1.158602,-0.608211,-1.292660,-0.718791,-1.084639,-0.145029,-0.942316,-0.332491
3526,-0.268380,-0.492479,-0.377562,-0.340754,-0.697856,-0.944089,-0.517130,-1.036445,-0.752298,-0.832099,-0.070444,-0.355652,-0.190703
3527,-0.332553,-0.500384,-0.380458,-0.337902,-0.859096,-0.952087,-0.521017,-1.074211,-0.916248,-0.852378,-0.095306,-1.007489,-0.233910
3528,-0.387802,-0.646120,-0.476182,-0.430116,-0.952873,-1.189677,-0.623948,-1.311318,-1.028416,-1.116526,-0.107806,-1.080594,-0.281929
3529,-0.366467,-0.499666,-0.378754,-0.334976,-0.898295,-0.966448,-0.520451,-1.104083,-0.998524,-0.876192,-0.076850,-0.963897,-0.201760
3530,-0.259138,-0.475289,-0.364253,-0.326432,-0.683761,-0.883111,-0.493427,-1.017511,-0.762630,-0.765808,-0.058039,-0.672740,-0.177758
3531,-0.340661,-0.575545,-0.430282,-0.389191,-0.858433,-1.085397,-0.583911,-1.205086,-0.938903,-0.994073,-0.075459,-0.631546,-0.218021
3532,-0.164311,-0.143767,-0.124807,-0.108994,-0.483417,-0.346159,-0.205925,-0.421517,-0.523992,-0.260931,-0.007145,-0.097200,0.001356
3533,0.027821,0.565168,0.438232,0.393172,0.171916,1.088196,0.713386,1.209082,0.223954,0.914905,0.120781,-0.087891,0.408079
3534,-0.043741,-0.016208,-0.023154,-0.018876,-0.145804,-0.065596,-0.029838,-0.059430,-0.132620,-0.083222,0.003277,-0.152337,-0.013207
3535,-0.032896,-0.160034,-0.127582,-0.118277,-0.008360,-0.289188,-0.173678,-0.300911,-0.004945,-0.240773,-0.039945,-0.002954,-0.080846
3536,-0.180971,-0.431752,-0.326292,-0.293346,-0.502681,-0.815663,-0.459258,-0.895666,-0.529503,-0.703883,-0.090129,-0.417243,-0.211067
3537,-0.069065,-0.436724,-0.320600,-0.288448,-0.245353,-0.838865,-0.464559,-0.920462,-0.281147,-0.779562,-0.124912,-0.204643,-0.257670
3538,-0.166865,-0.339496,-0.280954,-0.248818,-0.515581,-0.688524,-0.395210,-0.737139,-0.495581,-0.632841,-0.048789,-0.205914,-0.156567
3539,-0.103706,-0.097220,-0.082072,-0.071048,-0.280917,-0.175677,-0.114563,-0.204416,-0.310878,-0.144377,-0.039230,-0.456822,-0.084777
3540,-0.057597,-0.007194,-0.013974,-0.008798,-0.123153,-0.022904,-0.003164,0.003788,-0.099898,-0.068095,-0.020501,-0.301593,-0.022646
3541,-0.003926,0.594320,0.409347,0.338378,0.374817,1.252228,0.854681,1.521496,0.399961,1.055561,0.226979,0.755056,0.706787
3542,0.046514,0.249715,0.181874,0.156675,0.247830,0.513259,0.307132,0.595591,0.213656,0.451251,0.050572,0.118649,0.136798
3543,-0.027719,-0.667219,-0.464430,-0.424483,-0.222655,-1.221047,-0.636880,-1.319915,-0.208639,-1.163432,-0.144201,0.101888,-0.342086
3544,0.103007,-0.550729,-0.384939,-0.350005,0.112610,-1.023765,-0.557311,-1.121673,0.105165,-0.921686,-0.113104,0.775589,-0.285042
3545,0.056822,-0.569850,-0.404021,-0.370502,0.052643,-1.024138,-0.558997,-1.109385,0.028153,-0.924034,-0.146256,0.064814,-0.350947
3546,0.156567,-0.415102,-0.291989,-0.266735,0.355291,-0.785831,-0.439099,-0.840005,0.344656,-0.678247,-0.086038,0.724829,-0.239504
3547,0.032885,-0.565374,-0.395944,-0.358859,-0.099058,-1.064086,-0.570867,-1.144948,-0.082431,-0.966915,-0.134181,0.282476,-0.326198
3548,0.216232,-0.504090,-0.354243,-0.325110,0.466746,-0.924844,-0.511572,-1.008022,0.472654,-0.795385,-0.132315,0.652295,-0.314321
3549,0.076010,-0.577823,-0.405585,-0.374205,0.160784,-1.062663,-0.586942,-1.137863,0.121545,-0.961488,-0.079770,0.696941,-0.277834
3550,0.155265,-0.523437,-0.381346,-0.353601,0.437681,-0.931914,-0.521822,-0.991150,0.425522,-0.808841,-0.107236,0.625702,-0.307113
3551,-0.016837,-0.617932,-0.430343,-0.395558,-0.106956,-1.124385,-0.613122,-1.229514,-0.141447,-1.030965,-0.099020,0.488206,-0.272979
3552,0.065552,-0.541634,-0.375092,-0.343353,0.166573,-0.987638,-0.542742,-1.079701,0.127410,-0.888796,-0.098600,0.675349,-0.283785
3553,0.168537,0.370250,0.257605,0.200273,0.829321,0.793062,0.475261,0.935622,0.855776,0.795190,0.075230,0.748230,0.326572
3554,0.073534,-0.545258,-0.387566,-0.356454,0.168045,-0.968819,-0.542893,-1.039559,0.130425,-0.835535,-0.110178,0.522263,-0.311755
3555,0.030668,0.333284,0.224992,0.201091,0.104335,0.571642,0.362758,0.649473,0.100277,0.492677,0.093965,0.356457,0.262235
3556,0.067771,0.228919,0.154777,0.124723,0.393537,0.511718,0.281044,0.576279,0.320370,0.530964,0.061448,0.418810,0.112171
3557,0.146055,-0.029063,-0.010336,-0.016441,0.461311,-0.074801,-0.060482,-0.073466,0.412029,-0.032751,-0.052168,0.424196,-0.159120
3558,-0.113398,-0.579281,-0.408686,-0.374292,-0.282497,-1.029674,-0.576083,-1.080467,-0.302464,-0.909198,-0.027972,0.346061,-0.227231
3559,0.102328,-0.573102,-0.395127,-0.367944,0.368223,-1.044680,-0.580957,-1.101291,0.345030,-0.933267,-0.021355,1.114490,-0.231387
3560,-0.162495,-0.669958,-0.472719,-0.438737,-0.417989,-1.175261,-0.637505,-1.227418,-0.424805,-1.082095,-0.038377,0.231218,-0.234455
3561,0.031087,-0.550895,-0.408592,-0.378016,0.028363,-0.982620,-0.541552,-0.979568,0.045996,-0.855791,-0.063258,0.707933,-0.290604
3562,-0.020555,-0.503222,-0.356152,-0.329462,-0.004244,-0.889824,-0.503709,-0.859494,-0.018968,-0.769843,0.018491,0.828724,-0.219253
3563,-0.022892,-0.619906,-0.470551,-0.437902,-0.167265,-1.077431,-0.606109,-1.103407,-0.147919,-0.933022,-0.092426,0.063171,-0.275112
3564,0.026957,-0.446369,-0.313404,-0.284545,-0.044294,-0.868832,-0.470303,-0.907407,-0.045912,-0.770120,-0.069929,0.649489,-0.296524
3565,-0.013651,-0.546504,-0.385898,-0.358568,-0.066498,-0.991702,-0.547836,-1.008601,-0.060125,-0.883680,-0.043760,0.571592,-0.267208
3566,0.201027,-0.464422,-0.337015,-0.310198,0.517198,-0.845448,-0.481669,-0.902629,0.476087,-0.720289,-0.076960,0.955995,-0.256393
3567,-0.131753,-0.534976,-0.381819,-0.348125,-0.439142,-0.971996,-0.538981,-1.025589,-0.408001,-0.856517,-0.072701,-0.267496,-0.252097
3568,0.011232,0.294139,0.235627,0.207890,0.140271,0.520831,0.324443,0.539379,0.093867,0.486894,0.136379,0.516395,0.283871
3569,-0.029864,0.174439,0.111726,0.095331,-0.023751,0.379252,0.208542,0.454936,-0.030887,0.394818,0.064973,0.041226,0.161080
3570,-0.068535,0.130730,0.089296,0.079782,-0.146669,0.238648,0.131527,0.267730,-0.153179,0.262765,0.042882,-0.042433,0.087745
3571,-0.019716,-0.227663,-0.153168,-0.132984,-0.145772,-0.487357,-0.280644,-0.550809,-0.138253,-0.406252,-0.060657,0.094189,-0.154135
3572,0.028228,0.122416,0.078355,0.070545,0.195756,0.205703,0.128602,0.231277,0.180291,0.171059,0.074742,0.760291,0.139173
3573,0.270221,-0.095848,-0.067469,-0.059916,0.731570,-0.233133,-0.125459,-0.238953,0.785463,-0.212131,-0.033752,1.127550,-0.109572
3574,0.546087,-0.133602,-0.100521,-0.100707,1.763706,-0.276364,-0.136126,-0.263650,1.823992,-0.271327,-0.027844,2.578026,-0.103644
3575,-0.053917,0.196791,0.136596,0.127006,-0.056901,0.357730,0.230167,0.407360,-0.056861,0.258667,0.109192,0.362703,0.204155
3576,-0.038711,0.225711,0.152777,0.139593,-0.058605,0.397143,0.273275,0.454875,-0.025198,0.317990,0.072583,0.338087,0.201839
3577,-0.008730,0.015469,0.008120,0.016109,-0.031215,-0.054766,-0.010006,-0.100673,-0.005945,-0.109886,0.019416,0.213583,0.008382
3578,0.089067,0.005746,0.008200,0.015312,0.077674,-0.048686,0.000738,-0.035490,0.095425,-0.104958,-0.053084,0.070432,-0.087786
3579,-0.152373,-0.127459,-0.091618,-0.076830,-0.385014,-0.291924,-0.172694,-0.324742,-0.419038,-0.257948,0.004154,-0.036484,-0.023460
3580,-0.147627,-0.005269,-0.012600,-0.013859,-0.263737,-0.020430,-0.004037,0.033632,-0.280304,-0.016461,0.088113,0.144354,0.115974
3581,-0.025240,0.033135,0.025938,0.023796,-0.007781,0.078698,0.044476,0.044301,-0.042229,0.096884,0.030022,0.285850,0.067118
3582,-0.146149,0.560043,0.376948,0.344195,-0.301658,1.001842,0.716882,1.169512,-0.323435,0.764496,0.238607,0.087411,0.587699
3583,-0.023096,0.089635,0.079421,0.070660,0.031742,0.181509,0.106156,0.186026,0.023669,0.145810,0.055147,0.207164,0.112525
3584,0.021330,0.052698,0.035784,0.037427,0.044901,0.034918,0.025749,0.020519,0.011568,0.052820,-0.023525,0.210742,0.021448
3585,0.043039,0.001400,0.016647,0.014004,0.168349,-0.011274,-0.018660,-0.068693,0.123597,-0.008589,0.021813,0.672476,0.039494
3586,0.020479,0.043172,0.022807,0.026276,0.052791,0.049419,0.040022,0.047568,0.071790,-0.003663,-0.020349,0.088882,-0.008741
3587,0.147270,0.060050,0.041681,0.037768,0.412898,0.111686,0.066035,0.113060,0.407928,0.109399,-0.039292,0.300489,-0.047942
3588,0.030431,0.097722,0.065020,0.055525,0.115244,0.200117,0.123231,0.222965,0.061043,0.199402,-0.012440,-0.022414,-0.000571
3589,0.291171,0.107137,0.086227,0.065556,1.152981,0.251000,0.114681,0.274043,1.142031,0.228874,0.011712,1.278639,0.018150
3590,0.026814,0.059300,0.024688,0.026834,0.041581,0.077992,0.063013,0.092142,0.023152,0.085426,-0.030636,0.150826,-0.008862
3591,0.180912,0.042577,0.016039,0.008663,0.564484,0.124714,0.056500,0.146174,0.527584,0.156811,-0.036449,0.416594,-0.076565
3592,0.203419,-0.107121,-0.084952,-0.081425,0.707179,-0.197316,-0.120368,-0.206968,0.628351,-0.137821,-0.034893,0.964218,-0.113812
3593,0.144993,-0.114728,-0.079116,-0.072386,0.435150,-0.230714,-0.143740,-0.272752,0.426001,-0.224619,-0.051641,0.543331,-0.118679
3594,-0.219948,0.080763,-0.003535,-0.015557,-0.390009,0.154518,0.102268,0.318961,-0.359679,0.197921,-0.047197,-0.521580,0.091871
3595,0.043449,-0.090245,-0.074187,-0.063081,0.127799,-0.232688,-0.137275,-0.263048,0.080455,-0.181145,-0.024379,0.397557,-0.065324
3596,-0.066576,-0.236189,-0.199103,-0.173629,-0.331869,-0.505352,-0.276178,-0.572319,-0.361009,-0.423010,-0.091706,-0.232764,-0.130948
3597,-0.101012,-0.056294,-0.084059,-0.073494,-0.322846,-0.112132,-0.064835,-0.115959,-0.332017,-0.042403,-0.052429,-0.379706,-0.051483
3598,-0.068859,0.063562,0.038240,0.030329,-0.093218,0.134383,0.069767,0.171283,-0.107358,0.129652,0.013728,0.150552,0.056911
3599,-0.040878,0.055411,0.025650,0.023139,-0.071400,0.109020,0.058346,0.132719,-0.106596,0.102088,-0.007487,-0.244026,0.015074
3600,-0.013802,-0.089656,-0.072357,-0.068674,0.001925,-0.176747,-0.114518,-0.202167,-0.017709,-0.132986,-0.022774,0.224491,-0.057148
3601,-0.150497,-0.243792,-0.198228,-0.166759,-0.605221,-0.498405,-0.264147,-0.591851,-0.602029,-0.452651,-0.101407,-0.800915,-0.115807
3602,-0.236624,0.081508,0.047460,0.044749,-0.656585,0.146861,0.101019,0.158458,-0.685849,0.165942,0.050290,-0.632713,0.151879
3603,-0.213840,-0.042447,-0.056821,-0.047195,-0.576460,-0.098558,-0.046911,-0.119702,-0.586124,-0.069062,-0.006337,-0.480642,0.031524
3604,-0.082500,-0.159562,-0.145271,-0.131626,-0.317692,-0.292033,-0.160093,-0.313963,-0.332177,-0.244676,-0.037151,-0.188794,-0.086907
3605,-0.128423,0.000604,-0.016697,-0.014191,-0.417915,0.001855,0.002182,0.007304,-0.417876,0.032892,-0.009909,-0.461340,0.006174
3606,-0.091965,-0.174579,-0.148879,-0.134155,-0.333983,-0.354485,-0.198063,-0.394185,-0.359506,-0.319360,-0.047011,-0.411898,-0.127177
3607,-0.164128,0.260577,0.158526,0.132163,-0.321871,0.565954,0.371231,0.704747,-0.392622,0.562451,0.187565,0.197924,0.453856
3608,-0.187612,-0.091338,-0.078052,-0.067549,-0.576243,-0.184749,-0.110407,-0.216224,-0.586171,-0.129483,-0.039134,-0.720646,-0.055694
3609,0.007604,-0.329667,-0.240344,-0.211639,-0.119145,-0.687308,-0.372375,-0.776358,-0.141388,-0.620152,-0.075146,0.068290,-0.183314
3610,-0.089161,0.149754,0.088890,0.073640,-0.102206,0.327698,0.221983,0.397934,-0.125447,0.267179,0.070840,0.174605,0.152107
3611,-0.095270,0.125197,0.062570,0.048761,-0.165619,0.298159,0.168794,0.383363,-0.176039,0.299875,0.096831,0.125377,0.211880
3612,-0.109550,-0.016566,-0.036247,-0.043178,-0.101859,0.023876,0.009757,0.094668,-0.107597,0.070483,0.072664,0.247498,0.151758
3613,-0.044928,0.112654,0.066829,0.044459,0.043112,0.345609,0.196176,0.347010,0.009968,0.368701,0.065808,0.180164,0.149729
3614,0.041870,0.235730,0.168388,0.134913,0.250946,0.558421,0.335001,0.641217,0.228091,0.537755,0.053116,-0.015672,0.162546
3615,0.014452,-0.030503,-0.037351,-0.033159,-0.001905,-0.055958,-0.030765,-0.084161,-0.022253,-0.038650,-0.016076,-0.124699,-0.023538
3616,-0.009500,0.093392,0.041722,0.033686,0.054195,0.191068,0.113082,0.232705,0.059200,0.137044,-0.002135,-0.096806,0.046509
3617,-0.024578,0.074763,0.050413,0.044822,-0.133184,0.148489,0.074799,0.152206,-0.124803,0.165052,-0.009388,-0.506175,0.006039
3618,0.082903,0.019440,0.014852,0.013123,0.223857,0.011851,0.016363,-0.003660,0.200505,-0.016993,-0.025763,0.143386,-0.043356
3619,0.271527,0.190919,0.109417,0.082132,1.178884,0.479722,0.325486,0.526992,1.100006,0.435870,0.020411,0.968883,0.056710
3620,-0.027630,0.100048,0.077218,0.064553,0.001407,0.247156,0.154247,0.253048,-0.025167,0.230117,0.007638,-0.316844,0.034908
3621,0.027070,0.179649,0.136330,0.116655,0.234081,0.375321,0.239357,0.432589,0.200553,0.331496,0.058912,0.358170,0.146651
3622,0.064857,-0.019191,-0.001595,-0.003555,0.174654,-0.043978,-0.046212,-0.133868,0.073915,0.005087,-0.002040,0.416916,0.007998
3623,0.041847,0.069136,0.064228,0.052787,0.111711,0.140599,0.069308,0.098639,0.032898,0.153245,-0.012946,-0.047991,0.005642
3624,0.007756,0.071705,0.054398,0.046123,0.180838,0.132752,0.086681,0.139504,0.129781,0.123977,0.063516,0.769411,0.154624
3625,-0.020689,0.316099,0.243383,0.192034,0.513848,0.821619,0.515581,0.985264,0.484865,0.776633,0.168375,0.963697,0.466149
3626,-0.052924,0.090269,0.062319,0.057004,0.120883,0.205604,0.137308,0.236253,0.096379,0.186418,0.094544,0.580106,0.210219
3627,-0.098944,0.271169,0.207156,0.177760,-0.023359,0.541596,0.348269,0.681396,-0.040671,0.467511,0.125196,0.433661,0.344963
3628,0.009350,0.005671,0.014473,0.012839,0.009393,0.014279,0.006479,-0.011935,-0.007224,0.022624,0.023791,0.318457,0.060817
3629,-0.217823,0.555105,0.370728,0.272837,0.065260,1.252643,0.857826,1.666364,0.053278,1.135949,0.268526,0.262178,0.795718
3630,0.002877,0.228566,0.197568,0.159819,0.296661,0.635394,0.368621,0.635106,0.247190,0.630876,0.097046,0.392333,0.220910
3631,0.010301,0.283667,0.238897,0.196274,0.236584,0.715986,0.432203,0.713415,0.204323,0.679796,0.071054,0.068581,0.189928
3632,0.115637,0.330752,0.254202,0.222099,0.586245,0.763335,0.512864,0.807510,0.544211,0.617666,0.041795,0.279621,0.146645
3633,-0.051316,0.104171,0.081918,0.072565,-0.089862,0.202955,0.120440,0.266226,-0.090957,0.181042,0.074439,0.253711,0.136983
3634,-0.120105,0.641146,0.419188,0.340420,-0.064858,1.226998,0.841212,1.558964,-0.107426,1.066842,0.223873,0.079259,0.637195
3635,0.147814,-0.334389,-0.222096,-0.192895,0.235661,-0.662313,-0.375781,-0.838881,0.149704,-0.603930,-0.105654,0.449595,-0.220885
3636,0.014232,0.256689,0.183378,0.154539,0.078587,0.489461,0.304679,0.556015,0.023515,0.437667,0.050428,-0.061107,0.161463
3637,-0.073303,-0.025906,0.006131,0.003587,-0.100708,-0.053947,-0.054058,-0.097778,-0.107092,-0.011433,0.050331,0.206892,0.061174
3638,0.164000,-0.531705,-0.358380,-0.312943,0.181816,-0.987193,-0.530006,-1.240826,0.129156,-0.964288,-0.188273,0.407547,-0.340223
3639,0.180032,-0.498828,-0.334430,-0.292462,0.229808,-0.918244,-0.502699,-1.185958,0.175281,-0.869674,-0.175600,0.385639,-0.323471
3640,0.146068,-0.525172,-0.357165,-0.313874,0.143874,-0.971614,-0.532212,-1.241182,0.086104,-0.924297,-0.190803,0.049466,-0.345036
3641,0.210297,-0.530602,-0.364438,-0.321781,0.400772,-0.989197,-0.533742,-1.241371,0.291961,-0.942371,-0.176403,0.721324,-0.339095
3642,0.320989,-0.404826,-0.268445,-0.232504,0.708750,-0.728137,-0.411240,-0.979113,0.654608,-0.706960,-0.176174,0.803145,-0.330283
3643,0.342619,-0.433630,-0.287306,-0.250201,0.857693,-0.783133,-0.444214,-1.052774,0.763088,-0.738361,-0.180792,0.915051,-0.339541
3644,0.326830,-0.351048,-0.223387,-0.191900,0.684187,-0.688194,-0.393563,-0.962530,0.649746,-0.680051,-0.160780,0.847712,-0.318079
3645,0.126036,-0.496763,-0.338804,-0.297210,0.137813,-0.916114,-0.499142,-1.166044,0.121915,-0.901246,-0.158246,0.253380,-0.307322
3646,0.225649,-0.168340,-0.106749,-0.091119,0.569628,-0.313015,-0.203732,-0.466815,0.455285,-0.293339,-0.108319,0.260234,-0.217703
3647,0.179868,-0.079154,-0.045499,-0.038922,0.550566,-0.125943,-0.093335,-0.250174,0.490397,-0.127425,-0.078080,0.359281,-0.140881
3648,0.163979,-0.318434,-0.214308,-0.185864,0.297105,-0.619183,-0.354259,-0.842232,0.255521,-0.585882,-0.123438,0.240624,-0.250056
3649,0.083568,-0.301902,-0.208386,-0.180032,0.067981,-0.603332,-0.336557,-0.734264,0.059992,-0.563151,-0.110596,0.301471,-0.201064
3650,0.026928,-0.405198,-0.273486,-0.234020,-0.175482,-0.773168,-0.428658,-0.979071,-0.182906,-0.720896,-0.145965,-0.164145,-0.269108
3651,0.109787,-0.473701,-0.322518,-0.281173,0.093291,-0.888896,-0.481697,-1.114366,0.015079,-0.837186,-0.174637,0.059101,-0.325992
3652,0.246012,-0.412433,-0.285181,-0.246166,0.440605,-0.776258,-0.434332,-1.015573,0.380720,-0.722812,-0.168042,0.525933,-0.312799
3653,0.025055,-0.352027,-0.237844,-0.206119,-0.001646,-0.642383,-0.376500,-0.828934,0.016953,-0.604468,-0.130584,-0.216282,-0.221728
3654,0.159174,-0.455387,-0.306708,-0.265756,0.205267,-0.845163,-0.470177,-1.080472,0.157402,-0.791721,-0.169830,0.263382,-0.307312
3655,0.280493,-0.318807,-0.216190,-0.189975,0.789702,-0.602060,-0.336637,-0.777606,0.725560,-0.566726,-0.136179,0.586240,-0.282932
3656,-0.089997,0.341779,0.229800,0.198891,-0.113473,0.615069,0.417448,0.784161,-0.127975,0.497631,0.100009,-0.007999,0.309188
3657,0.126098,-0.186852,-0.130916,-0.115332,0.344214,-0.333714,-0.215934,-0.416716,0.280869,-0.285040,-0.046442,0.522618,-0.111897
3658,0.012636,0.114168,0.080660,0.069122,0.194710,0.223197,0.123610,0.275078,0.164638,0.184886,0.044029,0.399866,0.105414
3659,-0.026304,0.141484,0.092035,0.076019,0.025784,0.306283,0.172655,0.400441,-0.003015,0.276479,0.040828,-0.112105,0.080031
3660,0.017581,0.013903,0.005455,0.008516,0.009421,-0.026909,0.001849,-0.035918,0.006530,-0.070125,-0.017947,-0.213588,-0.022973
3661,-0.054266,0.180666,0.125419,0.107648,-0.042370,0.400190,0.230799,0.488039,-0.047808,0.334774,0.064785,-0.062762,0.151328
3662,-0.061779,-0.013858,-0.014578,-0.009988,-0.202931,-0.020204,-0.003354,-0.000373,-0.173536,-0.031374,0.008061,-0.247619,0.007868
3663,-0.048487,0.175649,0.118361,0.104345,-0.091264,0.331706,0.207696,0.406660,-0.110724,0.274555,0.048611,-0.299447,0.117248
3664,-0.032701,0.077982,0.051530,0.049082,-0.152296,0.125887,0.078274,0.141336,-0.138797,0.096189,0.017349,-0.323603,0.032784
3665,-0.007068,0.205839,0.126820,0.114065,0.019498,0.374118,0.249668,0.449042,0.040895,0.270794,-0.003450,-0.254480,0.056994
3666,0.027721,0.169106,0.110176,0.100641,0.034916,0.301324,0.195540,0.353979,0.052332,0.204474,-0.005257,-0.306398,0.057835
3667,-0.009477,0.262512,0.168348,0.150875,0.039979,0.472084,0.307612,0.579987,0.055469,0.376028,0.012301,-0.175055,0.074219
3668,-0.018729,-0.133533,-0.098134,-0.084309,-0.069118,-0.270164,-0.154548,-0.318680,-0.075340,-0.237259,-0.021450,0.214572,-0.033709
3669,-0.001073,-0.250135,-0.187371,-0.165444,0.036940,-0.424432,-0.248954,-0.510605,0.011322,-0.367300,-0.032587,0.346809,-0.089186
3670,-0.009597,-0.213184,-0.163370,-0.139992,-0.038759,-0.412468,-0.237219,-0.481635,-0.044767,-0.372756,-0.051975,0.194885,-0.115082
3671,0.115080,0.024455,0.040187,0.033906,0.464955,0.094501,0.028076,0.075267,0.443800,0.088619,-0.012216,0.343541,-0.046994
3672,0.020079,0.217561,0.152573,0.130706,0.120848,0.431592,0.261872,0.499554,0.115814,0.375094,0.030809,-0.178782,0.084737
3673,-0.021413,-0.124492,-0.097569,-0.083003,-0.119525,-0.269853,-0.157171,-0.314363,-0.125398,-0.238003,-0.033537,-0.003550,-0.089853
3674,-0.007061,-0.341689,-0.238761,-0.209943,-0.125953,-0.667617,-0.375126,-0.804147,-0.162740,-0.610135,-0.072677,-0.032208,-0.179021
3675,0.030966,-0.236620,-0.177796,-0.157943,0.012764,-0.457783,-0.261904,-0.544337,-0.024575,-0.394853,-0.049993,0.002501,-0.151848
3676,-0.006755,-0.320228,-0.226306,-0.197239,-0.130127,-0.643892,-0.363646,-0.768839,-0.169372,-0.588976,-0.065445,-0.080753,-0.177512
3677,-0.027357,-0.257393,-0.182715,-0.164237,-0.076748,-0.471620,-0.275400,-0.542595,-0.115235,-0.407460,-0.013324,0.369605,-0.070092
3678,0.034338,-0.191652,-0.128740,-0.108242,0.061826,-0.379679,-0.236806,-0.494174,0.014178,-0.319101,-0.020936,0.224588,-0.051383
3679,-0.027121,-0.262459,-0.182617,-0.166313,-0.083987,-0.478767,-0.287316,-0.571614,-0.143022,-0.407485,-0.034348,-0.017580,-0.109501
3680,-0.040426,-0.162810,-0.128241,-0.111125,-0.122169,-0.317750,-0.187437,-0.362591,-0.150834,-0.284732,-0.031910,0.090871,-0.076843
3681,-0.027864,-0.315361,-0.232680,-0.208184,-0.142471,-0.586237,-0.339151,-0.676373,-0.162614,-0.504004,-0.073452,-0.173480,-0.174381
3682,-0.053957,-0.256145,-0.185413,-0.166222,-0.183044,-0.475907,-0.275913,-0.558152,-0.222617,-0.410350,-0.035323,-0.189731,-0.122590
3683,-0.030191,-0.239104,-0.174737,-0.155368,-0.094185,-0.451016,-0.262238,-0.524862,-0.133803,-0.396520,-0.047323,0.053314,-0.123797
3684,0.004138,-0.268409,-0.194955,-0.173482,-0.028666,-0.528347,-0.312463,-0.628025,-0.134041,-0.454655,-0.042327,-0.017454,-0.153008
3685,-0.016985,-0.314253,-0.231021,-0.205082,-0.107132,-0.607683,-0.347009,-0.696708,-0.149335,-0.539514,-0.067066,0.001766,-0.177976
3686,0.060076,0.122050,0.091529,0.075939,0.258312,0.254634,0.137810,0.278471,0.224705,0.235110,0.010667,-0.062320,0.024311
3687,0.016789,-0.290734,-0.207542,-0.183681,-0.048955,-0.575483,-0.326301,-0.676300,-0.093617,-0.525574,-0.077853,-0.086368,-0.190203
3688,0.029765,-0.269362,-0.203895,-0.183100,0.014301,-0.514771,-0.296094,-0.623573,-0.011362,-0.456212,-0.094189,-0.283829,-0.205921
3689,-0.027617,-0.501411,-0.356094,-0.312988,-0.274715,-0.967443,-0.507933,-1.120790,-0.263905,-0.936986,-0.142758,-0.684153,-0.313662
3690,-0.012120,-0.321363,-0.236497,-0.209722,-0.091096,-0.621082,-0.344408,-0.711744,-0.121119,-0.560783,-0.078894,-0.129263,-0.209538
3691,0.010713,-0.291832,-0.233065,-0.209260,-0.001518,-0.537099,-0.309281,-0.629266,-0.048646,-0.469519,-0.064595,-0.387037,-0.198036
3692,0.016096,-0.278361,-0.210426,-0.186020,-0.037101,-0.537584,-0.304090,-0.630430,-0.068207,-0.493756,-0.079662,-0.405785,-0.206959
3693,-0.016490,-0.275006,-0.204433,-0.184693,-0.073577,-0.517775,-0.292244,-0.573560,-0.090505,-0.454317,-0.049304,-0.139893,-0.159668
3694,0.018195,-0.179815,-0.147530,-0.131408,0.037466,-0.346713,-0.210733,-0.389099,-0.010534,-0.291561,-0.031737,-0.206590,-0.136822
3695,-0.053338,-0.244151,-0.176587,-0.153224,-0.225211,-0.496784,-0.280389,-0.568295,-0.230995,-0.466052,-0.060030,-0.228742,-0.161911
3696,-0.015323,0.157972,0.115233,0.109702,-0.097205,0.248075,0.156038,0.293713,-0.079091,0.190324,0.026532,-0.087162,0.105282
3697,-0.007880,-0.038114,-0.032683,-0.026731,-0.069943,-0.114696,-0.071712,-0.152749,-0.095433,-0.111212,-0.012636,-0.093940,-0.027977
3698,-0.037384,0.191812,0.135877,0.129653,-0.107838,0.299066,0.192010,0.367517,-0.102991,0.230384,0.021945,-0.084997,0.096011
3699,0.025415,0.326403,0.268469,0.230571,0.407190,0.766637,0.455785,0.846128,0.371257,0.675921,0.099258,0.476650,0.281881
3700,0.049839,0.022954,0.020712,0.016472,0.113761,0.029495,0.006704,0.007031,0.083899,0.047113,-0.012303,-0.068303,-0.014156
3701,0.018770,0.044016,0.022885,0.018809,0.165770,0.095281,0.050534,0.105904,0.148556,0.096260,0.009226,0.117892,0.007618
3702,-0.008062,-0.008734,-0.002993,-0.001065,0.045618,-0.048432,-0.028440,-0.054457,0.011828,-0.036614,0.020561,0.411048,0.039566
3703,-0.036801,0.000425,-0.009066,-0.006833,-0.138998,-0.036685,-0.020405,-0.044222,-0.147878,-0.042906,0.007863,-0.071620,0.013476
3704,-0.033742,0.003748,0.004329,0.001763,-0.026273,-0.009082,-0.001932,0.011046,-0.025038,-0.009653,0.017467,0.081690,0.038490
3705,0.016871,-0.056606,-0.033786,-0.026561,0.024347,-0.111854,-0.089949,-0.172823,-0.001676,-0.061110,0.032714,0.253023,0.055589
3706,-0.110916,-0.466577,-0.335964,-0.298022,-0.450713,-0.901002,-0.494169,-0.999432,-0.398932,-0.891189,-0.039930,-0.003718,-0.133006
3707,-0.074712,0.149404,0.097387,0.058289,0.229232,0.430508,0.237276,0.518476,0.228367,0.499562,0.053901,-0.021878,0.234517
3708,0.023527,0.038824,0.023637,0.021478,0.158584,0.079922,0.040848,0.090395,0.144915,0.067177,-0.011340,0.253911,-0.009644
3709,0.022371,0.073549,0.053423,0.058106,0.036894,0.096591,0.061204,0.073914,0.009356,0.107871,-0.002246,0.211019,0.041277
3710,0.033530,0.125667,0.081179,0.077620,0.137754,0.204480,0.115219,0.227665,0.084770,0.222857,0.019442,0.303307,0.082190
3711,-0.063288,0.150968,0.105189,0.104228,-0.215035,0.236951,0.150302,0.251464,-0.205097,0.200319,0.020752,-0.054203,0.113743
3712,0.020152,0.156993,0.092984,0.090369,0.083577,0.273787,0.161931,0.286211,0.037674,0.258591,0.068766,0.555298,0.209832
3713,0.016345,-0.078968,-0.057622,-0.045215,0.011735,-0.204287,-0.120577,-0.242603,0.001511,-0.184276,-0.028234,0.219952,-0.044893
3714,0.013670,0.053828,0.028171,0.028669,0.077979,0.100255,0.058556,0.095360,0.066797,0.099199,0.015655,0.421791,0.077368
3715,0.156272,0.142538,0.100001,0.096000,0.567245,0.220159,0.126733,0.216274,0.548206,0.187078,0.025240,1.050561,0.097594
3716,0.021341,0.012770,0.004989,0.006546,0.062162,0.007863,0.001341,-0.000947,0.049165,0.012545,-0.009489,0.283983,0.020238
3717,-0.015203,-0.016582,-0.019411,-0.017585,-0.021389,-0.053403,-0.043149,-0.073217,-0.058276,-0.001658,0.028718,0.360528,0.081726
3718,0.045176,0.031669,0.022578,0.020456,0.105596,0.048713,0.031083,0.041115,0.089872,0.043338,-0.029635,-0.208164,-0.042543
3719,0.029764,0.104008,0.063650,0.051747,0.241152,0.185837,0.118661,0.223797,0.171693,0.212284,0.030829,0.540215,0.069664
3720,0.027915,0.048163,0.027425,0.025434,0.111464,0.077660,0.050271,0.094923,0.095604,0.081736,-0.023901,0.046199,-0.022582
3721,0.012438,-0.055043,-0.031989,-0.027201,0.031919,-0.144907,-0.091731,-0.190659,0.029255,-0.138229,-0.022182,0.096550,-0.031763
3722,0.040052,-0.005489,-0.017132,-0.015558,0.197517,-0.013924,0.000668,-0.013532,0.159602,0.007114,-0.011075,0.433848,-0.000589
3723,0.007113,-0.007190,-0.010196,-0.009781,0.066295,-0.028588,-0.017150,-0.020606,0.045139,0.022926,-0.002132,0.347032,0.025672
3724,0.011045,-0.063836,-0.036115,-0.028777,0.044816,-0.121264,-0.075576,-0.139864,0.060735,-0.116844,-0.007033,0.298573,0.005766
3725,-0.012364,0.007713,-0.001195,0.000591,0.007435,0.016562,0.017740,0.025517,-0.002442,0.028771,0.003006,0.191237,0.028943
3726,0.013696,0.068822,0.038466,0.037817,0.082011,0.092579,0.051013,0.101177,0.038733,0.148384,0.036674,0.576377,0.128513
3727,0.019605,0.030113,0.019043,0.021490,0.054509,0.023987,0.014091,0.027927,0.028643,0.050617,-0.024317,0.090844,0.010631
3728,-0.010987,0.177465,0.130162,0.114946,0.034197,0.329961,0.187029,0.357952,0.016948,0.332207,0.113524,1.284851,0.397242
3729,-0.056820,0.231710,0.155138,0.146348,-0.152164,0.393323,0.262085,0.441925,-0.167696,0.308653,0.070058,0.002001,0.187337
3730,0.028334,0.047210,0.031533,0.030743,0.071723,0.085577,0.046055,0.093945,0.049758,0.103595,-0.007029,0.170106,0.033771
3731,-0.020113,-0.019383,-0.013694,-0.007788,-0.105767,-0.057264,-0.032299,-0.058672,-0.108080,-0.024338,-0.017000,-0.147527,-0.018509
3732,-0.058106,-0.124939,-0.076545,-0.064523,-0.296463,-0.272667,-0.164095,-0.350944,-0.278965,-0.266613,-0.021436,-0.401545,-0.042968
3733,-0.148240,0.828282,0.588920,0.516342,-0.249571,1.563612,1.114107,1.751209,-0.269890,1.313979,0.433387,-0.085323,1.128815
3734,0.000181,-0.021251,-0.029247,-0.022684,0.059223,-0.049111,-0.029135,-0.041815,0.058321,-0.020415,-0.034794,0.200829,-0.025371
3735,-0.139927,0.141479,0.097415,0.089169,-0.392542,0.188608,0.057073,0.139557,-0.385594,0.200344,0.218513,2.723598,0.762907
3736,0.131763,-0.054839,-0.047468,-0.047437,0.535945,-0.122615,-0.071006,-0.160088,0.489033,-0.095205,-0.004187,0.668952,-0.036883
3737,-0.013493,0.163061,0.095610,0.088458,0.024744,0.288495,0.194742,0.354068,0.015167,0.256486,0.047685,0.129674,0.138971
3738,0.027497,-0.009330,-0.010496,-0.006260,0.052176,-0.022270,-0.010197,-0.019075,0.051830,-0.018895,-0.004012,0.109672,0.014976
3739,-0.015100,-0.000754,-0.019688,-0.020884,0.119114,0.022691,0.011011,0.070642,0.102360,0.060385,0.014132,0.346297,0.067322
3740,0.009128,0.094998,0.057667,0.049443,0.133891,0.201241,0.120169,0.231777,0.122143,0.222344,0.065845,0.661015,0.197858
3741,-0.044025,0.007367,0.004460,0.006852,-0.145047,-0.002661,-0.001373,-0.003466,-0.135098,-0.010321,0.006543,-0.114300,0.027844
3742,0.082696,-0.040637,-0.034467,-0.036111,0.303356,-0.073643,-0.051575,-0.096838,0.311283,-0.052679,-0.009977,0.328467,-0.007880
3743,0.012379,0.097047,0.054362,0.045911,0.146931,0.204890,0.130828,0.252305,0.151720,0.221094,0.041104,0.210787,0.109361
3744,-0.033675,0.213858,0.133569,0.119767,-0.047370,0.390487,0.259757,0.473570,-0.038746,0.359530,0.077478,0.103501,0.214540
3745,0.049174,0.323441,0.205578,0.190227,0.232078,0.572259,0.394285,0.683973,0.221125,0.505773,0.062362,0.434947,0.226088
3746,0.013691,-0.000432,-0.001198,0.000767,0.014458,-0.009558,-0.005787,-0.006778,-0.019248,0.010707,-0.011800,0.201785,0.000934
3747,-0.080716,-0.049166,-0.029096,-0.022041,-0.297518,-0.110804,-0.069786,-0.139573,-0.265510,-0.103751,-0.013669,-0.439873,-0.039326
3748,-0.059395,0.022913,0.004649,0.006801,-0.136762,0.046484,0.031205,0.072718,-0.121582,0.068073,0.022000,0.064231,0.064476
3749,-0.063996,-0.010228,-0.007317,-0.004488,-0.200838,-0.001739,-0.009232,-0.012061,-0.185846,0.007615,0.019616,-0.008833,0.067508
3750,-0.045342,-0.042021,-0.020864,-0.016021,-0.165367,-0.100433,-0.065085,-0.125666,-0.145453,-0.092862,-0.021137,-0.364820,-0.060556
3751,-0.058279,-0.001014,-0.010347,-0.008835,-0.089582,0.023796,0.015966,0.056319,-0.075795,0.053806,0.018614,0.152248,0.052944
3752,-0.059149,0.036207,0.017466,0.017141,-0.131933,0.069522,0.038956,0.101949,-0.110450,0.075546,0.003113,-0.206027,0.032125
3753,-0.074273,-0.072804,-0.045981,-0.037501,-0.232275,-0.139487,-0.092901,-0.166894,-0.219556,-0.128022,-0.006577,-0.052714,0.003121
3754,-0.077332,0.070451,0.032805,0.032094,-0.158863,0.117402,0.077015,0.158794,-0.145324,0.122928,0.021355,0.109603,0.074760
3755,0.004783,-0.063354,-0.040687,-0.037378,-0.001868,-0.123222,-0.083132,-0.150748,-0.015624,-0.100690,0.003969,-0.043198,-0.026591
3756,-0.068198,0.004025,-0.005288,-0.003344,-0.176720,-0.008326,-0.008272,0.018825,-0.177353,0.026165,0.022717,0.049779,0.051665
3757,-0.038985,-0.069020,-0.045971,-0.041703,-0.174433,-0.151412,-0.103944,-0.219253,-0.183884,-0.148756,-0.009138,0.105641,0.028803
3758,-0.022799,-0.111361,-0.072821,-0.063689,-0.101101,-0.224232,-0.141052,-0.267916,-0.094945,-0.196161,-0.034608,-0.008394,-0.056543
3759,-0.047601,-0.069657,-0.039492,-0.030527,-0.245308,-0.170952,-0.106511,-0.224325,-0.240840,-0.149030,-0.049574,-0.387535,-0.080819
3760,0.007910,0.008008,-0.013615,-0.013806,0.147126,0.010349,0.011050,0.023499,0.147308,0.044149,0.016184,0.478947,0.044213
3761,-0.067851,0.002136,-0.007531,-0.006711,-0.166528,-0.002295,0.000126,0.008696,-0.155760,0.016168,0.007213,-0.144898,0.016911
3762,-0.075888,-0.125403,-0.080831,-0.070000,-0.263091,-0.236844,-0.145100,-0.304529,-0.259321,-0.208851,-0.023482,-0.302303,-0.049413
3763,-0.036204,0.044968,0.018278,0.015665,-0.026992,0.081419,0.049422,0.100857,-0.019555,0.099457,0.025661,0.111513,0.066668
3764,-0.075264,0.020286,0.005025,0.004312,-0.169767,0.051286,0.028253,0.052993,-0.160454,0.082274,0.015391,-0.099679,0.029365
3765,-0.069263,-0.140309,-0.090696,-0.079794,-0.231978,-0.260923,-0.161764,-0.319886,-0.221425,-0.224501,-0.020509,-0.156517,-0.046461
3766,0.000486,-0.013524,-0.028925,-0.027684,0.156932,-0.024409,-0.017180,-0.013092,0.156433,0.023437,0.009604,0.433544,0.030151
3767,-0.063037,-0.017428,-0.026801,-0.024088,-0.078412,-0.011036,-0.009299,0.007532,-0.068902,0.031967,0.021797,0.183940,0.041610
3768,-0.037133,0.028272,0.006772,0.006025,-0.016532,0.054042,0.029808,0.080422,-0.017075,0.078162,0.037443,0.498960,0.106652
3769,0.035885,0.085008,0.042169,0.036749,0.256467,0.157126,0.106426,0.217915,0.249955,0.150429,0.047142,0.724157,0.124873
3770,0.014170,0.091194,0.042413,0.033744,0.145425,0.203191,0.142218,0.264125,0.138105,0.213783,0.041569,0.374863,0.113128
3771,0.030413,0.112033,0.078223,0.070771,0.213043,0.232691,0.134811,0.294833,0.202439,0.206368,0.054302,0.646738,0.147294
3772,0.045797,0.038063,0.012345,0.006668,0.394218,0.069766,0.041850,0.096066,0.352678,0.104841,0.041333,0.986193,0.099054
3773,0.080565,0.033573,0.007589,0.002455,0.467796,0.071305,0.045185,0.109467,0.429394,0.091570,0.029240,0.845738,0.057462
3774,0.001601,-0.051532,-0.031474,-0.026604,0.030496,-0.122631,-0.085559,-0.146423,0.021846,-0.097918,-0.009892,0.258013,-0.001735
3775,0.028560,0.254068,0.159319,0.139727,0.261269,0.446153,0.296030,0.539404,0.239374,0.417244,0.094093,0.706665,0.235712
3776,0.010911,0.041551,0.015401,0.010419,0.209286,0.093130,0.049740,0.129809,0.195995,0.129830,0.043426,0.660744,0.101852
3777,-0.072486,-0.163545,-0.114631,-0.102444,-0.236411,-0.302970,-0.183796,-0.366437,-0.221764,-0.261933,-0.018332,-0.156204,-0.055665
3778,-0.046393,-0.019638,-0.025424,-0.023438,-0.075057,-0.034442,-0.028963,-0.016227,-0.056128,-0.013079,0.030853,0.418285,0.101496
3779,0.108266,0.085971,0.040634,0.028869,0.505126,0.145064,0.099987,0.204107,0.472298,0.165520,0.045915,0.965563,0.120725
3780,-0.069652,0.038001,0.032703,0.028816,-0.157889,0.121425,0.055085,0.144593,-0.149322,0.113594,0.045052,0.207227,0.135146
3781,-0.053808,-0.111649,-0.075145,-0.066159,-0.206634,-0.208647,-0.131147,-0.256130,-0.193748,-0.170045,-0.013512,-0.212752,-0.044276
3782,-0.065019,-0.030337,-0.018536,-0.019207,-0.102940,-0.034680,-0.032373,-0.056222,-0.096982,-0.003944,0.012788,0.014444,0.040511
3783,-0.109630,-0.130915,-0.083302,-0.073964,-0.324268,-0.241064,-0.153703,-0.302539,-0.312055,-0.196129,-0.020218,-0.267148,-0.034488
3784,-0.087215,0.057389,0.029705,0.026798,-0.203042,0.099715,0.058959,0.115165,-0.187277,0.104026,0.027081,0.010248,0.074623
3785,-0.083931,-0.034791,-0.026793,-0.025174,-0.213184,-0.046008,-0.039091,-0.042037,-0.195202,-0.005630,0.013083,0.009543,0.030764
3786,-0.067722,-0.117010,-0.075261,-0.066128,-0.233324,-0.218485,-0.135891,-0.276717,-0.230417,-0.190924,-0.036564,-0.371301,-0.082318
3787,-0.048784,-0.098629,-0.070278,-0.061357,-0.168399,-0.187717,-0.120231,-0.211943,-0.157843,-0.150351,-0.006439,-0.021332,-0.026353
3788,-0.030688,-0.077262,-0.053341,-0.047034,-0.135126,-0.150936,-0.099890,-0.179919,-0.130588,-0.113923,-0.023766,-0.026983,-0.051604
3789,-0.106015,-0.073178,-0.045767,-0.042470,-0.295900,-0.133165,-0.094057,-0.159623,-0.281309,-0.098914,0.015772,-0.187442,0.039218
3790,-0.013180,-0.125937,-0.074302,-0.063805,-0.126763,-0.241730,-0.153859,-0.303418,-0.145059,-0.208246,-0.017549,0.023030,-0.031247
3791,-0.031036,-0.027358,-0.007807,-0.005170,-0.120748,-0.040048,-0.036312,-0.060279,-0.126167,-0.017825,0.005679,-0.194137,0.016804
3792,-0.024426,-0.023283,-0.007828,-0.007084,-0.126713,-0.045701,-0.028986,-0.056827,-0.137903,-0.058287,0.011570,0.018613,0.027727
3793,-0.032985,-0.075338,-0.054705,-0.047984,-0.151190,-0.158178,-0.102036,-0.202805,-0.152378,-0.124525,0.003223,-0.110624,-0.020340
3794,0.001429,-0.042197,-0.036952,-0.033122,-0.003257,-0.093375,-0.058929,-0.107419,0.007013,-0.069541,-0.001140,0.245932,-0.001590
3795,-0.010828,-0.054122,-0.040728,-0.034869,-0.081447,-0.113580,-0.073414,-0.135695,-0.085045,-0.078522,-0.005553,-0.087475,-0.031853
3796,-0.050147,-0.058404,-0.041107,-0.036850,-0.160629,-0.124695,-0.076833,-0.162447,-0.172180,-0.088329,-0.011028,-0.155388,-0.037089
3797,0.028387,0.013330,0.003175,0.001752,0.153718,0.010637,0.011017,0.018492,0.139137,0.024093,0.004776,0.377408,0.001373
3798,-0.027812,0.037533,0.018815,0.014334,-0.026112,0.079089,0.045433,0.096032,-0.028227,0.097322,0.022777,0.111102,0.034914
3799,-0.036089,0.006826,0.005395,0.004810,-0.120151,-0.011568,-0.009767,-0.035237,-0.146048,-0.001613,0.000770,-0.114214,-0.002218
3800,-0.072197,-0.092427,-0.070059,-0.063240,-0.209586,-0.174891,-0.108437,-0.205288,-0.199585,-0.141460,-0.012973,-0.164835,-0.026359
3801,-0.077158,-0.032878,-0.030593,-0.026675,-0.234060,-0.068755,-0.039038,-0.079281,-0.226411,-0.041044,0.002242,-0.259374,-0.017469
3802,-0.030309,-0.011332,-0.007698,-0.006410,-0.114932,-0.036469,-0.022915,-0.049624,-0.121819,-0.024949,-0.015656,-0.107278,-0.016889
3803,-0.005885,-0.003206,-0.007728,-0.007021,0.011164,-0.009170,-0.005111,-0.007219,0.018884,-0.003570,0.009883,0.150714,0.022159
3804,0.052214,-0.015508,-0.015978,-0.014315,0.156001,-0.049687,-0.028769,-0.052755,0.149920,-0.043328,-0.004166,0.179169,-0.010298
3805,-0.025651,-0.067336,-0.040797,-0.034485,-0.137288,-0.146309,-0.095409,-0.187551,-0.140334,-0.127194,-0.012199,-0.086770,-0.012956
3806,-0.020952,-0.044977,-0.020065,-0.017343,-0.135904,-0.083712,-0.061696,-0.107584,-0.121128,-0.076792,-0.006807,-0.147856,0.002640
3807,0.018648,-0.013725,-0.006041,-0.005426,0.058178,-0.031488,-0.026095,-0.033950,0.064035,-0.030752,0.008318,0.197239,0.029266
3808,0.017886,-0.011114,-0.013226,-0.011168,0.073251,-0.034140,-0.022943,-0.037823,0.070035,-0.023348,-0.007206,0.079001,-0.004016
3809,0.058172,-0.008513,0.000319,0.002067,0.151899,-0.008132,-0.012506,-0.023528,0.147083,-0.011815,-0.005442,0.244672,0.015046
3810,-0.008113,-0.027271,-0.017718,-0.014504,-0.070061,-0.073398,-0.046409,-0.099601,-0.075687,-0.062024,-0.006769,0.040905,0.006191
3811,0.001076,-0.023908,-0.017515,-0.014703,-0.023401,-0.047722,-0.027215,-0.050417,-0.010991,-0.052922,0.006152,0.154610,0.025004
3812,-0.008074,-0.012588,-0.007352,-0.005758,-0.115311,-0.024230,-0.020264,-0.030432,-0.114635,-0.023420,0.011710,0.052667,0.038004
3813,-0.016826,-0.035575,-0.024704,-0.019436,-0.074221,-0.087697,-0.053275,-0.112002,-0.074396,-0.084110,-0.014245,-0.003403,-0.019289
3814,0.018738,0.041237,0.022786,0.019761,0.120027,0.071674,0.045030,0.084266,0.119309,0.065173,0.018866,0.398793,0.056381
3815,-0.000134,0.010140,-0.001562,-0.001474,-0.025546,-0.007964,-0.004184,-0.019273,-0.035544,0.002486,0.000767,0.195895,0.022064
3816,-0.056803,0.053736,0.029840,0.024801,-0.120365,0.084057,0.049147,0.092224,-0.142787,0.098812,0.031689,0.111646,0.062199
3817,0.023014,0.073685,0.045373,0.037118,0.135566,0.147357,0.085708,0.167257,0.115039,0.146914,0.047402,0.512132,0.114316
3818,-0.009778,0.035174,0.022376,0.014558,0.001316,0.064078,0.026768,0.074439,-0.017608,0.070722,0.029196,0.370489,0.068165
3819,0.060817,0.103150,0.074767,0.060877,0.273206,0.206364,0.118495,0.236242,0.235678,0.214135,0.046730,0.776249,0.118758
3820,0.015018,0.008471,0.020626,0.015481,0.053629,0.062571,0.019412,0.046021,0.051777,0.078541,-0.009487,0.065982,0.010469
3821,0.064363,0.073124,0.046372,0.037965,0.260117,0.145617,0.087341,0.167754,0.234608,0.140846,0.027458,0.504429,0.067535
3822,0.085443,0.079497,0.053117,0.046011,0.311911,0.153454,0.089380,0.182810,0.266992,0.145912,0.022049,0.617252,0.065026
3823,0.084725,0.104088,0.078990,0.066514,0.292230,0.199399,0.116671,0.219179,0.263090,0.192088,0.003263,0.401942,0.030354
3824,0.036983,0.101372,0.063910,0.053726,0.178360,0.181127,0.109356,0.214082,0.141824,0.183800,0.046566,0.605652,0.098841
3825,0.012601,0.138188,0.098815,0.080208,0.159404,0.238141,0.150578,0.278162,0.098473,0.246292,0.064243,0.420901,0.089639
3826,0.009662,0.043660,0.021258,0.018284,0.042195,0.052090,0.035846,0.052752,0.022542,0.058254,0.010901,0.298202,0.036662
3827,-0.023068,-0.023754,-0.031662,-0.025925,-0.044894,-0.074654,-0.035335,-0.083121,-0.059901,-0.062494,-0.007788,0.053564,-0.010585
3828,-0.001263,0.092360,0.050383,0.045269,0.050179,0.135398,0.087074,0.155424,0.014550,0.132802,0.035428,0.379551,0.077604
3829,0.008131,0.031614,0.013069,0.013334,0.001706,0.036754,0.025788,0.029164,-0.000006,0.032219,0.004825,0.147077,0.024557
3830,0.037458,0.063872,0.035715,0.028296,0.138784,0.097129,0.058976,0.109043,0.117511,0.106104,0.013946,0.222159,0.028084
3831,0.065905,0.060089,0.038601,0.029285,0.231626,0.066056,0.034108,0.069845,0.201330,0.080033,0.000503,0.340663,0.010818
3832,0.006557,-0.046243,-0.025921,-0.023967,0.005859,-0.073208,-0.053370,-0.105709,0.011253,-0.052496,-0.030734,-0.125725,-0.053811
3833,0.013452,0.004439,-0.004687,-0.004705,0.070840,-0.014683,-0.002901,-0.011873,0.062723,-0.011129,0.005207,0.197126,0.002767
3834,0.007892,0.112623,0.072734,0.063312,0.084572,0.192594,0.114557,0.201266,0.070336,0.173843,0.026300,0.136731,0.074600
3835,0.018991,0.054195,0.034155,0.030381,0.074769,0.091211,0.050011,0.091167,0.060925,0.095966,0.020919,0.305211,0.056292
3836,0.002747,0.014099,0.008458,0.005856,0.072031,0.031660,0.016446,0.025234,0.054875,0.034626,0.017748,0.314580,0.045289
3837,0.011074,0.032072,0.020717,0.017459,0.040679,0.041445,0.029105,0.035341,0.032116,0.039804,0.013178,0.267393,0.047691
3838,-0.101582,-0.100014,-0.061167,-0.060013,-0.191649,-0.164210,-0.113067,-0.205405,-0.192055,-0.132488,-0.044385,-0.573389,-0.082037
3839,-0.036155,-0.096167,-0.056156,-0.050975,-0.136640,-0.158335,-0.108644,-0.186231,-0.123096,-0.140226,-0.036125,-0.404311,-0.070990
3840,0.001797,0.001501,0.001614,0.002900,-0.052589,-0.016489,-0.017399,-0.021750,-0.050841,-0.005896,-0.013454,-0.137492,-0.024385
3841,-0.004236,-0.018364,-0.015197,-0.011732,-0.097262,-0.053769,-0.037207,-0.060195,-0.079813,-0.042515,-0.002657,-0.086602,-0.008247
3842,0.021873,-0.002784,0.000343,0.000051,0.045583,-0.007450,-0.009432,-0.012440,0.030009,0.000605,-0.002979,0.132977,-0.006565
3843,0.025568,-0.000620,0.002323,0.001133,0.063096,-0.016786,-0.016874,-0.017058,0.057920,0.007950,-0.007734,0.195134,-0.014210
3844,0.027862,0.002241,-0.006253,-0.005318,0.124004,0.001538,-0.005330,-0.001280,0.098969,0.016920,0.006999,0.322313,-0.000480
3845,-0.007120,-0.057507,-0.050582,-0.044760,-0.006104,-0.115518,-0.074686,-0.126275,-0.010639,-0.082623,-0.003753,0.231013,-0.021939
3846,-0.023731,-0.003726,-0.008123,-0.007707,-0.078580,-0.014201,-0.019503,-0.025981,-0.079178,0.014893,0.013453,0.049845,0.022915
3847,0.024489,-0.014467,-0.011236,-0.009504,0.052951,-0.026133,-0.020081,-0.036346,0.044364,-0.021816,-0.012747,0.025730,-0.016868
3848,-0.021225,0.027442,0.018356,0.014364,-0.072761,0.023371,0.019596,0.034216,-0.098173,0.026591,0.008772,0.061421,-0.004256
3849,0.006361,-0.013723,-0.006168,-0.004992,-0.028987,-0.020370,-0.021190,-0.033154,-0.023707,-0.011925,0.006834,0.135779,0.020478
3850,-0.004591,-0.020044,-0.015881,-0.013509,-0.034355,-0.045110,-0.024157,-0.060018,-0.035366,-0.038440,-0.015497,-0.117619,-0.032699
3851,-0.009683,0.055259,0.043912,0.037224,0.043724,0.078978,0.052901,0.082597,0.007317,0.079437,0.012320,0.128880,0.001092
3852,-0.012185,-0.027614,-0.020731,-0.018035,-0.044728,-0.045766,-0.032695,-0.058868,-0.040890,-0.031318,-0.001332,0.009062,-0.001399
3853,0.008992,0.026944,0.022235,0.019987,-0.003900,0.054406,0.032361,0.050478,0.007410,0.050065,-0.000774,-0.089989,0.005420
3854,-0.009186,-0.028250,-0.028393,-0.026450,0.037792,-0.068407,-0.040705,-0.068786,0.018968,-0.047792,0.014084,0.413488,0.025597
3855,0.013054,0.025674,0.010145,0.009948,0.062753,0.022536,0.018415,0.030858,0.039883,0.030571,0.019712,0.432321,0.047212
3856,-0.013005,-0.013816,-0.021210,-0.019320,0.028773,-0.048593,-0.026093,-0.042684,0.008948,-0.026259,0.024946,0.485417,0.046617
3857,-0.001713,-0.023629,-0.028206,-0.025299,0.028837,-0.064411,-0.038111,-0.059247,0.012502,-0.048708,0.004798,0.313401,0.007606
3858,0.018052,0.099345,0.062545,0.058676,0.085797,0.123711,0.089011,0.146644,0.037149,0.116673,0.040856,0.417387,0.068307
3859,-0.019794,0.036429,0.019188,0.017022,0.042318,0.017216,0.020083,0.028575,-0.000425,0.045425,0.026614,0.437268,0.013298
3860,0.009089,0.075237,0.040733,0.037984,0.085272,0.091627,0.071553,0.111078,0.051385,0.084493,0.033028,0.434185,0.055184
3861,0.006680,0.052166,0.025344,0.025392,0.045274,0.043236,0.033599,0.056024,0.012259,0.043732,0.011850,0.211024,0.000437
3862,0.007969,0.063019,0.034805,0.031591,0.081076,0.074900,0.052146,0.086486,0.034882,0.077593,0.036424,0.372118,0.047019
3863,0.001860,0.074723,0.039520,0.037931,0.044085,0.085229,0.062388,0.103524,0.012744,0.082578,0.039813,0.386782,0.053196
3864,0.031426,0.164336,0.112085,0.100379,0.085986,0.226588,0.158733,0.268020,0.043832,0.226075,0.038523,0.254263,0.059503
3865,0.026172,0.062602,0.040384,0.037539,0.096157,0.079938,0.053818,0.087204,0.063398,0.066828,0.018900,0.289645,0.026845
3866,0.011154,0.077155,0.039230,0.036124,0.094191,0.047333,0.033962,0.074600,0.049382,0.057024,0.035841,0.496042,0.056937
3867,0.027157,0.076537,0.050527,0.045854,0.151101,0.105032,0.064147,0.112649,0.104475,0.111401,0.036220,0.553906,0.067483
3868,0.002600,-0.002509,-0.005300,-0.004948,0.016424,-0.023306,-0.015247,-0.020039,0.015720,-0.014866,-0.002516,0.082347,-0.004897
3869,-0.022225,-0.043026,-0.042169,-0.036985,-0.046919,-0.109990,-0.064450,-0.114965,-0.065176,-0.075105,0.004289,0.101650,-0.011350
3870,0.013251,-0.008042,-0.010680,-0.009944,0.042437,-0.051882,-0.029318,-0.044965,0.028097,-0.037683,-0.002151,0.109598,-0.023844
3871,0.019246,-0.014037,-0.014491,-0.011621,0.034583,-0.040818,-0.021292,-0.045009,0.024154,-0.025633,-0.000372,0.123241,-0.007562
3872,0.077899,0.077167,0.049571,0.044236,0.341836,0.114596,0.073324,0.105986,0.285886,0.116719,0.017596,0.589055,0.050584
3873,0.008315,-0.049800,-0.037285,-0.032448,0.009982,-0.103133,-0.060743,-0.106116,0.012398,-0.104543,-0.021540,0.013919,-0.023617
3874,0.028137,-0.039460,-0.031153,-0.027545,0.101938,-0.067600,-0.043673,-0.083705,0.098292,-0.062015,-0.017910,0.021435,-0.023742
3875,-0.025012,-0.061575,-0.038952,-0.036010,-0.105638,-0.103727,-0.073341,-0.124184,-0.088294,-0.077411,-0.023374,-0.129132,-0.033618
3876,-0.041831,-0.100098,-0.071833,-0.065275,-0.125964,-0.186180,-0.118371,-0.214779,-0.119577,-0.154458,-0.030764,-0.183182,-0.069385
